cfg_wo_ru,condition,observed,suppress,observed_minus_suppress
fixed/tau=0.15|eps=0.0|minpos=20.0,BSZZ,0.10212462217219435,0.10565293983941479,-0.0035283176672204347
fixed/tau=0.15|eps=0.0|minpos=20.0,LSZZ,0.0622441367682643,0.05116070369474605,0.01108343307351825
fixed/tau=0.15|eps=0.0|minpos=20.0,MASZZ,0.07031959852629587,0.07521963469052441,-0.004900036164228544
fixed/tau=0.15|eps=0.0|minpos=20.0,oracle,0.008075402376133923,0.01129224936616444,-0.0032168469900305165
fixed/tau=0.15|eps=0.0|minpos=30.0,BSZZ,0.10212462217219435,0.10565293983941479,-0.0035283176672204347
fixed/tau=0.15|eps=0.0|minpos=30.0,LSZZ,0.0622441367682643,0.05116070369474605,0.01108343307351825
fixed/tau=0.15|eps=0.0|minpos=30.0,MASZZ,0.07031959852629587,0.07521963469052441,-0.004900036164228544
fixed/tau=0.15|eps=0.0|minpos=30.0,oracle,0.008075402376133923,0.01129224936616444,-0.0032168469900305165
fixed/tau=0.15|eps=0.0|minpos=50.0,BSZZ,0.10212462217219435,0.10565293983941479,-0.0035283176672204347
fixed/tau=0.15|eps=0.0|minpos=50.0,LSZZ,0.0622441367682643,0.05116070369474605,0.01108343307351825
fixed/tau=0.15|eps=0.0|minpos=50.0,MASZZ,0.07031959852629587,0.07521963469052441,-0.004900036164228544
fixed/tau=0.15|eps=0.0|minpos=50.0,oracle,0.008075402376133923,0.01129224936616444,-0.0032168469900305165
fixed/tau=0.15|eps=0.1|minpos=20.0,BSZZ,0.11028094270131644,0.11255421638170952,-0.0022732736803930814
fixed/tau=0.15|eps=0.1|minpos=20.0,LSZZ,0.06719660297140176,0.06410878497709428,0.0030878179943074763
fixed/tau=0.15|eps=0.1|minpos=20.0,MASZZ,0.07364381757224389,0.07757213327966922,-0.003928315707425328
fixed/tau=0.15|eps=0.1|minpos=20.0,oracle,0.04330252741463502,0.04526832350112953,-0.0019657960864945118
fixed/tau=0.15|eps=0.1|minpos=30.0,BSZZ,0.11028094270131644,0.11255421638170952,-0.0022732736803930814
fixed/tau=0.15|eps=0.1|minpos=30.0,LSZZ,0.06719660297140176,0.06410878497709428,0.0030878179943074763
fixed/tau=0.15|eps=0.1|minpos=30.0,MASZZ,0.07364381757224389,0.07757213327966922,-0.003928315707425328
fixed/tau=0.15|eps=0.1|minpos=30.0,oracle,0.04330252741463502,0.04526832350112953,-0.0019657960864945118
fixed/tau=0.15|eps=0.1|minpos=50.0,BSZZ,0.11028094270131644,0.11255421638170952,-0.0022732736803930814
fixed/tau=0.15|eps=0.1|minpos=50.0,LSZZ,0.06719660297140176,0.06410878497709428,0.0030878179943074763
fixed/tau=0.15|eps=0.1|minpos=50.0,MASZZ,0.07364381757224389,0.07757213327966922,-0.003928315707425328
fixed/tau=0.15|eps=0.1|minpos=50.0,oracle,0.04330252741463502,0.04526832350112953,-0.0019657960864945118
fixed/tau=0.25|eps=0.0|minpos=20.0,BSZZ,0.09058209092131837,0.09711650738935913,-0.00653441646804076
fixed/tau=0.25|eps=0.0|minpos=20.0,LSZZ,0.05640929627763163,0.05689234698832942,-0.00048305071069779104
fixed/tau=0.25|eps=0.0|minpos=20.0,MASZZ,0.06872324085226995,0.0776626070392111,-0.008939366186941147
fixed/tau=0.25|eps=0.0|minpos=20.0,oracle,-0.0007200712822709833,0.00198575904657084,-0.0027058303288418233
fixed/tau=0.25|eps=0.0|minpos=30.0,BSZZ,0.09058209092131837,0.09711650738935913,-0.00653441646804076
fixed/tau=0.25|eps=0.0|minpos=30.0,LSZZ,0.05640929627763163,0.05689234698832942,-0.00048305071069779104
fixed/tau=0.25|eps=0.0|minpos=30.0,MASZZ,0.06872324085226995,0.0776626070392111,-0.008939366186941147
fixed/tau=0.25|eps=0.0|minpos=30.0,oracle,-0.0007200712822709833,0.00198575904657084,-0.0027058303288418233
fixed/tau=0.25|eps=0.0|minpos=50.0,BSZZ,0.09058209092131837,0.09711650738935913,-0.00653441646804076
fixed/tau=0.25|eps=0.0|minpos=50.0,LSZZ,0.05640929627763163,0.05689234698832942,-0.00048305071069779104
fixed/tau=0.25|eps=0.0|minpos=50.0,MASZZ,0.06872324085226995,0.0776626070392111,-0.008939366186941147
fixed/tau=0.25|eps=0.0|minpos=50.0,oracle,-0.0007200712822709833,0.00198575904657084,-0.0027058303288418233
fixed/tau=0.25|eps=0.1|minpos=20.0,BSZZ,0.10209194608464547,0.11112856098961146,-0.00903661490496599
fixed/tau=0.25|eps=0.1|minpos=20.0,LSZZ,0.06728661356160101,0.07483214734901131,-0.007545533787410297
fixed/tau=0.25|eps=0.1|minpos=20.0,MASZZ,0.06736100744317677,0.08875532102593871,-0.021394313582761934
fixed/tau=0.25|eps=0.1|minpos=20.0,oracle,0.012023183036223862,0.014276560211286555,-0.0022533771750626926
fixed/tau=0.25|eps=0.1|minpos=30.0,BSZZ,0.10209194608464547,0.11112856098961146,-0.00903661490496599
fixed/tau=0.25|eps=0.1|minpos=30.0,LSZZ,0.06728661356160101,0.07483214734901131,-0.007545533787410297
fixed/tau=0.25|eps=0.1|minpos=30.0,MASZZ,0.06736100744317677,0.08875532102593871,-0.021394313582761934
fixed/tau=0.25|eps=0.1|minpos=30.0,oracle,0.012023183036223862,0.014276560211286555,-0.0022533771750626926
fixed/tau=0.25|eps=0.1|minpos=50.0,BSZZ,0.10209194608464547,0.11112856098961146,-0.00903661490496599
fixed/tau=0.25|eps=0.1|minpos=50.0,LSZZ,0.06728661356160101,0.07483214734901131,-0.007545533787410297
fixed/tau=0.25|eps=0.1|minpos=50.0,MASZZ,0.06736100744317677,0.08875532102593871,-0.021394313582761934
fixed/tau=0.25|eps=0.1|minpos=50.0,oracle,0.012023183036223862,0.014276560211286555,-0.0022533771750626926
fixed/tau=0.35|eps=0.0|minpos=20.0,BSZZ,0.06504383890288552,0.06114604967353433,0.0038977892293511895
fixed/tau=0.35|eps=0.0|minpos=20.0,LSZZ,0.04050015611898887,0.04883217861720059,-0.008332022498211723
fixed/tau=0.35|eps=0.0|minpos=20.0,MASZZ,0.06014554426322146,0.06693704354952003,-0.006791499286298568
fixed/tau=0.35|eps=0.0|minpos=20.0,oracle,-0.002455302852054203,0.0008915029773223938,-0.003346805829376597
fixed/tau=0.35|eps=0.0|minpos=30.0,BSZZ,0.06504383890288552,0.06114604967353433,0.0038977892293511895
fixed/tau=0.35|eps=0.0|minpos=30.0,LSZZ,0.04050015611898887,0.04883217861720059,-0.008332022498211723
fixed/tau=0.35|eps=0.0|minpos=30.0,MASZZ,0.06014554426322146,0.06693704354952003,-0.006791499286298568
fixed/tau=0.35|eps=0.0|minpos=30.0,oracle,-0.002455302852054203,0.0008915029773223938,-0.003346805829376597
fixed/tau=0.35|eps=0.0|minpos=50.0,BSZZ,0.06504383890288552,0.06114604967353433,0.0038977892293511895
fixed/tau=0.35|eps=0.0|minpos=50.0,LSZZ,0.04050015611898887,0.04883217861720059,-0.008332022498211723
fixed/tau=0.35|eps=0.0|minpos=50.0,MASZZ,0.06014554426322146,0.06693704354952003,-0.006791499286298568
fixed/tau=0.35|eps=0.0|minpos=50.0,oracle,-0.002455302852054203,0.0008915029773223938,-0.003346805829376597
fixed/tau=0.35|eps=0.1|minpos=20.0,BSZZ,0.06738682647283221,0.08250830343251914,-0.015121476959686922
fixed/tau=0.35|eps=0.1|minpos=20.0,LSZZ,0.04255363792150184,0.0455256200997822,-0.0029719821782803607
fixed/tau=0.35|eps=0.1|minpos=20.0,MASZZ,0.06348765596876718,0.07384134585199792,-0.010353689883230738
fixed/tau=0.35|eps=0.1|minpos=20.0,oracle,0.0001685533896024962,0.0017655150927811433,-0.001596961703178647
fixed/tau=0.35|eps=0.1|minpos=30.0,BSZZ,0.06738682647283221,0.08250830343251914,-0.015121476959686922
fixed/tau=0.35|eps=0.1|minpos=30.0,LSZZ,0.04255363792150184,0.0455256200997822,-0.0029719821782803607
fixed/tau=0.35|eps=0.1|minpos=30.0,MASZZ,0.06348765596876718,0.07384134585199792,-0.010353689883230738
fixed/tau=0.35|eps=0.1|minpos=30.0,oracle,0.0001685533896024962,0.0017655150927811433,-0.001596961703178647
fixed/tau=0.35|eps=0.1|minpos=50.0,BSZZ,0.06738682647283221,0.08250830343251914,-0.015121476959686922
fixed/tau=0.35|eps=0.1|minpos=50.0,LSZZ,0.04255363792150184,0.0455256200997822,-0.0029719821782803607
fixed/tau=0.35|eps=0.1|minpos=50.0,MASZZ,0.06348765596876718,0.07384134585199792,-0.010353689883230738
fixed/tau=0.35|eps=0.1|minpos=50.0,oracle,0.0001685533896024962,0.0017655150927811433,-0.001596961703178647
quantile/q=0.05|eps=0.0|minpos=20.0,BSZZ,0.07678213122160074,0.07803861789059716,-0.001256486668996415
quantile/q=0.05|eps=0.0|minpos=20.0,LSZZ,0.11364131325094048,0.11382413878288428,-0.00018282553194379214
quantile/q=0.05|eps=0.0|minpos=20.0,MASZZ,0.08179059092578694,0.08167879551685739,0.00011179540892955475
quantile/q=0.05|eps=0.0|minpos=20.0,oracle,0.10530658851518386,0.10611761743371666,-0.0008110289185327968
quantile/q=0.05|eps=0.0|minpos=30.0,BSZZ,0.09481129372995954,0.0924606208810755,0.0023506728488840445
quantile/q=0.05|eps=0.0|minpos=30.0,LSZZ,0.11604566990281494,0.11759068650846435,-0.0015450166056494158
quantile/q=0.05|eps=0.0|minpos=30.0,MASZZ,0.07870658447089682,0.08036795120000187,-0.0016613667291050516
quantile/q=0.05|eps=0.0|minpos=30.0,oracle,0.1026319472895327,0.1035319402676327,-0.0008999929780999921
quantile/q=0.05|eps=0.0|minpos=50.0,BSZZ,0.08218438373423934,0.08358490534331489,-0.0014005216090755557
quantile/q=0.05|eps=0.0|minpos=50.0,LSZZ,0.11044266590366107,0.11031290673604069,0.00012975916762038298
quantile/q=0.05|eps=0.0|minpos=50.0,MASZZ,0.08035960732517751,0.08186867903041858,-0.0015090717052410746
quantile/q=0.05|eps=0.0|minpos=50.0,oracle,0.10352205146498529,0.10121960379699504,0.0023024476679902456
quantile/q=0.05|eps=0.1|minpos=20.0,BSZZ,0.0795297561838287,0.07579744059038904,0.0037323155934396585
quantile/q=0.05|eps=0.1|minpos=20.0,LSZZ,0.11357334721815047,0.1158618825695898,-0.0022885353514393303
quantile/q=0.05|eps=0.1|minpos=20.0,MASZZ,0.08336887795503348,0.0825469025209137,0.0008219754341197705
quantile/q=0.05|eps=0.1|minpos=20.0,oracle,0.10794412676198947,0.10528344642420874,0.0026606803377807325
quantile/q=0.05|eps=0.1|minpos=30.0,BSZZ,0.09303516413606604,0.08903027394182782,0.00400489019423822
quantile/q=0.05|eps=0.1|minpos=30.0,LSZZ,0.11672242857446455,0.11744915401538776,-0.0007267254409232121
quantile/q=0.05|eps=0.1|minpos=30.0,MASZZ,0.08173307108947009,0.0802543670163677,0.0014787040731023826
quantile/q=0.05|eps=0.1|minpos=30.0,oracle,0.10487546874697766,0.10270207895499683,0.002173389791980826
quantile/q=0.05|eps=0.1|minpos=50.0,BSZZ,0.08385502139963082,0.08498838096772249,-0.0011333595680916714
quantile/q=0.05|eps=0.1|minpos=50.0,LSZZ,0.11214584004622084,0.11335909278516502,-0.0012132527389441816
quantile/q=0.05|eps=0.1|minpos=50.0,MASZZ,0.08064331454774318,0.0838615935342372,-0.0032182789864940164
quantile/q=0.05|eps=0.1|minpos=50.0,oracle,0.10325541616038174,0.10184221828953134,0.0014131978708503967
quantile/q=0.1|eps=0.0|minpos=20.0,BSZZ,0.07940782019458952,0.08058008978862276,-0.0011722695940332428
quantile/q=0.1|eps=0.0|minpos=20.0,LSZZ,0.11177729544941058,0.11346758289828361,-0.0016902874488730346
quantile/q=0.1|eps=0.0|minpos=20.0,MASZZ,0.09043042538105683,0.0910420420876507,-0.0006116167065938621
quantile/q=0.1|eps=0.0|minpos=20.0,oracle,0.1070091172492023,0.10612296211895016,0.000886155130252142
quantile/q=0.1|eps=0.0|minpos=30.0,BSZZ,0.09868799853968505,0.09541798421349741,0.003270014326187634
quantile/q=0.1|eps=0.0|minpos=30.0,LSZZ,0.11553788167997726,0.11570240670642207,-0.00016452502644480338
quantile/q=0.1|eps=0.0|minpos=30.0,MASZZ,0.08573489849031447,0.08689121588109903,-0.0011563173907845614
quantile/q=0.1|eps=0.0|minpos=30.0,oracle,0.10433447602355114,0.1035372849528662,0.0007971910706849467
quantile/q=0.1|eps=0.0|minpos=50.0,BSZZ,0.08804975595547916,0.08814036423722046,-9.060828174130287e-05
quantile/q=0.1|eps=0.0|minpos=50.0,LSZZ,0.11073117934285905,0.11394050605132665,-0.0032093267084676025
quantile/q=0.1|eps=0.0|minpos=50.0,MASZZ,0.0863830797032047,0.08834917646389799,-0.0019660967606932866
quantile/q=0.1|eps=0.0|minpos=50.0,oracle,0.10468406099299503,0.10107202688884667,0.0036120341041483567
quantile/q=0.1|eps=0.1|minpos=20.0,BSZZ,0.08593256486668707,0.08264251726488508,0.0032900476018019875
quantile/q=0.1|eps=0.1|minpos=20.0,LSZZ,0.11499841614755851,0.11392612667674169,0.0010722894708168201
quantile/q=0.1|eps=0.1|minpos=20.0,MASZZ,0.08657881462517371,0.08847379188242163,-0.0018949772572479234
quantile/q=0.1|eps=0.1|minpos=20.0,oracle,0.10795481548675377,0.10653390530107698,0.0014209101856767908
quantile/q=0.1|eps=0.1|minpos=30.0,BSZZ,0.09784425749372049,0.09589995451915084,0.0019443029745696422
quantile/q=0.1|eps=0.1|minpos=30.0,LSZZ,0.11609199323811598,0.11432872025064507,0.0017632729874709069
quantile/q=0.1|eps=0.1|minpos=30.0,MASZZ,0.0856583750613356,0.08693888126012521,-0.0012805061987896105
quantile/q=0.1|eps=0.1|minpos=30.0,oracle,0.10488615747174194,0.10395253783186507,0.0009336196398768704
quantile/q=0.1|eps=0.1|minpos=50.0,BSZZ,0.08686766258721114,0.08714444124895633,-0.0002767786617451917
quantile/q=0.1|eps=0.1|minpos=50.0,LSZZ,0.11200276659464496,0.11313961818391578,-0.0011368515892708209
quantile/q=0.1|eps=0.1|minpos=50.0,MASZZ,0.0855038550032129,0.09197188808737926,-0.0064680330841663525
quantile/q=0.1|eps=0.1|minpos=50.0,oracle,0.103504962011535,0.10165557921172692,0.0018493827998080775
quantile/q=0.2|eps=0.0|minpos=20.0,BSZZ,0.08927102492838877,0.09131065266461214,-0.0020396277362233622
quantile/q=0.2|eps=0.0|minpos=20.0,LSZZ,0.11386854551482677,0.11750512855017753,-0.0036365830353507628
quantile/q=0.2|eps=0.0|minpos=20.0,MASZZ,0.09760696599294456,0.10036585827871791,-0.0027588922857733483
quantile/q=0.2|eps=0.0|minpos=20.0,oracle,0.10873819931271093,0.1075510167590714,0.001187182553639532
quantile/q=0.2|eps=0.0|minpos=30.0,BSZZ,0.11163793565098029,0.11208025419338762,-0.0004423185424073245
quantile/q=0.2|eps=0.0|minpos=30.0,LSZZ,0.11555653520797692,0.11632709233509499,-0.0007705571271180711
quantile/q=0.2|eps=0.0|minpos=30.0,MASZZ,0.09213801621568694,0.09393184613071774,-0.001793829915030798
quantile/q=0.2|eps=0.0|minpos=30.0,oracle,0.1055712730594197,0.1045149102441191,0.001056362815300596
quantile/q=0.2|eps=0.0|minpos=50.0,BSZZ,0.09342470020628509,0.09300212166426218,0.00042257854202290557
quantile/q=0.2|eps=0.0|minpos=50.0,LSZZ,0.11358242735363792,0.11284784145939862,0.0007345858942393035
quantile/q=0.2|eps=0.0|minpos=50.0,MASZZ,0.09168094354827885,0.09714016391474214,-0.005459220366463291
quantile/q=0.2|eps=0.0|minpos=50.0,oracle,0.10636553350504636,0.10310952274566124,0.003256010759385128
quantile/q=0.2|eps=0.1|minpos=20.0,BSZZ,0.09330995124728662,0.089732268346981,0.0035776829003056204
quantile/q=0.2|eps=0.1|minpos=20.0,LSZZ,0.11424660523073565,0.1153167497032951,-0.001070144472559445
quantile/q=0.2|eps=0.1|minpos=20.0,MASZZ,0.09667717792961304,0.10271341293894233,-0.006036235009329288
quantile/q=0.2|eps=0.1|minpos=20.0,oracle,0.10890792891611273,0.10730547433354093,0.0016024545825717995
quantile/q=0.2|eps=0.1|minpos=30.0,BSZZ,0.1110837999772327,0.11222555513543349,-0.001141755158200794
quantile/q=0.2|eps=0.1|minpos=30.0,LSZZ,0.11413173244924667,0.11499111033552088,-0.0008593778862742152
quantile/q=0.2|eps=0.1|minpos=30.0,MASZZ,0.09455843578951344,0.09469378278226914,-0.0001353469927557055
quantile/q=0.2|eps=0.1|minpos=30.0,oracle,0.10534480646779074,0.10423160201213984,0.0011132044556508985
quantile/q=0.2|eps=0.1|minpos=50.0,BSZZ,0.09448001480979427,0.09485632416460171,-0.00037630935480743866
quantile/q=0.2|eps=0.1|minpos=50.0,LSZZ,0.11149723026237159,0.11109058496271115,0.0004066452996604325
quantile/q=0.2|eps=0.1|minpos=50.0,MASZZ,0.09406919255474963,0.094456702913053,-0.0003875103583033668
quantile/q=0.2|eps=0.1|minpos=50.0,oracle,0.10416646924910963,0.10446863533617999,-0.0003021660870703574
quantile/q=0.3|eps=0.0|minpos=20.0,BSZZ,0.10451492422155724,0.10398757880651716,0.0005273454150400841
quantile/q=0.3|eps=0.0|minpos=20.0,LSZZ,0.11789887946477068,0.12043120419649361,-0.0025323247317229347
quantile/q=0.3|eps=0.0|minpos=20.0,MASZZ,0.10235056492700403,0.10922076712695622,-0.006870202199952186
quantile/q=0.3|eps=0.0|minpos=20.0,oracle,0.10781119645993156,0.10844062473751961,-0.0006294282775880511
quantile/q=0.3|eps=0.0|minpos=30.0,BSZZ,0.11843707785119137,0.1131819081706301,0.005255169680561264
quantile/q=0.3|eps=0.0|minpos=30.0,LSZZ,0.11647581301322434,0.11575500795911446,0.0007208050541098743
quantile/q=0.3|eps=0.0|minpos=30.0,MASZZ,0.09544146152443476,0.1003392905937143,-0.004897829069279533
quantile/q=0.3|eps=0.0|minpos=30.0,oracle,0.1029776950951317,0.10507083344232758,-0.0020931383471958775
quantile/q=0.3|eps=0.0|minpos=50.0,BSZZ,0.09773452907346519,0.09653851403882703,0.001196015034638162
quantile/q=0.3|eps=0.0|minpos=50.0,LSZZ,0.11258270586220158,0.11397421236415259,-0.0013915065019510092
quantile/q=0.3|eps=0.0|minpos=50.0,MASZZ,0.10118857314683748,0.10384497259327045,-0.0026563994464329777
quantile/q=0.3|eps=0.0|minpos=50.0,oracle,0.10081905495526433,0.09457758110153527,0.006241473853729057
quantile/q=0.3|eps=0.1|minpos=20.0,BSZZ,0.10321334872073275,0.10197883638635083,0.001234512334381918
quantile/q=0.3|eps=0.1|minpos=20.0,LSZZ,0.12031875923004691,0.1193161895974164,0.0010025696326305122
quantile/q=0.3|eps=0.1|minpos=20.0,MASZZ,0.10351616907362327,0.10560694043961374,-0.002090771365990479
quantile/q=0.3|eps=0.1|minpos=20.0,oracle,0.10702731421081672,0.10574923815652236,0.0012780760542943637
quantile/q=0.3|eps=0.1|minpos=30.0,BSZZ,0.11910878220149411,0.1114652528960407,0.007643529305453409
quantile/q=0.3|eps=0.1|minpos=30.0,LSZZ,0.11379876713609421,0.11744271622297736,-0.003643949086883147
quantile/q=0.3|eps=0.1|minpos=30.0,MASZZ,0.09980951393962764,0.0989960513137476,0.0008134626258800431
quantile/q=0.3|eps=0.1|minpos=30.0,oracle,0.10372784761484703,0.10326376432735773,0.0004640832874893003
quantile/q=0.3|eps=0.1|minpos=50.0,BSZZ,0.09521582218508606,0.09720290658990885,-0.0019870844048227865
quantile/q=0.3|eps=0.1|minpos=50.0,LSZZ,0.11350704399613992,0.11251514617988306,0.0009918978162568592
quantile/q=0.3|eps=0.1|minpos=50.0,MASZZ,0.10110680137406644,0.09996960126655212,0.0011372001075143218
quantile/q=0.3|eps=0.1|minpos=50.0,oracle,0.09987081901223625,0.09658843861338934,0.0032823803988469152
