config,rule,eps,min_pos,rate_update,filter_rate_BSZZ,filter_rate_LSZZ,filter_rate_MASZZ,filter_rate_oracle,gain_BSZZ,gain_LSZZ,gain_MASZZ,gain_oracle,nd_pass
fixed/tau=0.15|eps=0.0|minpos=20|observed,fixed/tau=0.15,0.0,20.0,observed,0.3618747645951036,0.42716750841750845,0.4653805103006626,0.6713012477718361,0.0280932822729435,-0.038496490183321526,-0.006278649953804907,-0.08840812858803981,False
fixed/tau=0.15|eps=0.0|minpos=20|suppress,fixed/tau=0.15,0.0,20.0,suppress,0.29597975517890773,0.4924452861952862,0.435868315906377,0.6620320855614973,0.03162159994016392,-0.04957992325683978,-0.0013786137895763634,-0.0851912815980093,False
fixed/tau=0.15|eps=0.0|minpos=30|observed,fixed/tau=0.15,0.0,30.0,observed,0.3618747645951036,0.42716750841750845,0.4653805103006626,0.6713012477718361,0.0280932822729435,-0.038496490183321526,-0.006278649953804907,-0.08840812858803981,False
fixed/tau=0.15|eps=0.0|minpos=30|suppress,fixed/tau=0.15,0.0,30.0,suppress,0.29597975517890773,0.4924452861952862,0.435868315906377,0.6620320855614973,0.03162159994016392,-0.04957992325683978,-0.0013786137895763634,-0.0851912815980093,False
fixed/tau=0.15|eps=0.0|minpos=50|observed,fixed/tau=0.15,0.0,50.0,observed,0.3618747645951036,0.42716750841750845,0.4653805103006626,0.6713012477718361,0.0280932822729435,-0.038496490183321526,-0.006278649953804907,-0.08840812858803981,False
fixed/tau=0.15|eps=0.0|minpos=50|suppress,fixed/tau=0.15,0.0,50.0,suppress,0.29597975517890773,0.4924452861952862,0.435868315906377,0.6620320855614973,0.03162159994016392,-0.04957992325683978,-0.0013786137895763634,-0.0851912815980093,False
fixed/tau=0.15|eps=0.1|minpos=20|observed,fixed/tau=0.15,0.1,20.0,observed,0.3239858757062147,0.38987794612794613,0.45655217010917115,0.5085130011600599,0.03624960280206557,-0.033544023980184065,-0.002954430907856853,-0.05318100354953869,False
fixed/tau=0.15|eps=0.1|minpos=20|suppress,fixed/tau=0.15,0.1,20.0,suppress,0.3151487758945386,0.4254208754208754,0.43974643834482324,0.5181266445972328,0.038522876482458654,-0.03663184197449154,0.0009738847995684474,-0.05121520746304418,False
fixed/tau=0.15|eps=0.1|minpos=30|observed,fixed/tau=0.15,0.1,30.0,observed,0.3239858757062147,0.38987794612794613,0.45655217010917115,0.5085130011600599,0.03624960280206557,-0.033544023980184065,-0.002954430907856853,-0.05318100354953869,False
fixed/tau=0.15|eps=0.1|minpos=30|suppress,fixed/tau=0.15,0.1,30.0,suppress,0.3151487758945386,0.4254208754208754,0.43974643834482324,0.5181266445972328,0.038522876482458654,-0.03663184197449154,0.0009738847995684474,-0.05121520746304418,False
fixed/tau=0.15|eps=0.1|minpos=50|observed,fixed/tau=0.15,0.1,50.0,observed,0.3239858757062147,0.38987794612794613,0.45655217010917115,0.5085130011600599,0.03624960280206557,-0.033544023980184065,-0.002954430907856853,-0.05318100354953869,False
fixed/tau=0.15|eps=0.1|minpos=50|suppress,fixed/tau=0.15,0.1,50.0,suppress,0.3151487758945386,0.4254208754208754,0.43974643834482324,0.5181266445972328,0.038522876482458654,-0.03663184197449154,0.0009738847995684474,-0.05121520746304418,False
fixed/tau=0.25|eps=0.0|minpos=20|observed,fixed/tau=0.25,0.0,20.0,observed,0.4563046139359699,0.7227693602693603,0.6394270622395559,0.7559714795008913,0.016550751022067503,-0.04433133067395419,-0.007875007627830818,-0.09720360224644474,False
fixed/tau=0.25|eps=0.0|minpos=20|suppress,fixed/tau=0.25,0.0,20.0,suppress,0.40211911487758945,0.6791035353535354,0.5674752132965477,0.7432263814616756,0.023085167490108277,-0.043848279963256416,0.0010643585591103427,-0.09449777191760292,False
fixed/tau=0.25|eps=0.0|minpos=30|observed,fixed/tau=0.25,0.0,30.0,observed,0.4563046139359699,0.7227693602693603,0.6394270622395559,0.7559714795008913,0.016550751022067503,-0.04433133067395419,-0.007875007627830818,-0.09720360224644474,False
fixed/tau=0.25|eps=0.0|minpos=30|suppress,fixed/tau=0.25,0.0,30.0,suppress,0.40211911487758945,0.6791035353535354,0.5674752132965477,0.7432263814616756,0.023085167490108277,-0.043848279963256416,0.0010643585591103427,-0.09449777191760292,False
fixed/tau=0.25|eps=0.0|minpos=50|observed,fixed/tau=0.25,0.0,50.0,observed,0.4563046139359699,0.7227693602693603,0.6394270622395559,0.7559714795008913,0.016550751022067503,-0.04433133067395419,-0.007875007627830818,-0.09720360224644474,False
fixed/tau=0.25|eps=0.0|minpos=50|suppress,fixed/tau=0.25,0.0,50.0,suppress,0.40211911487758945,0.6791035353535354,0.5674752132965477,0.7432263814616756,0.023085167490108277,-0.043848279963256416,0.0010643585591103427,-0.09449777191760292,False
fixed/tau=0.25|eps=0.1|minpos=20|observed,fixed/tau=0.25,0.1,20.0,observed,0.42171139359698684,0.6255050505050506,0.6376420392037526,0.6774347112582407,0.028060606185394618,-0.03345401338998481,-0.009237241036923999,-0.08446034792794987,False
fixed/tau=0.25|eps=0.1|minpos=20|suppress,fixed/tau=0.25,0.1,20.0,suppress,0.37966431261770245,0.530976430976431,0.5078916552736961,0.6663158192569957,0.037097221090360594,-0.025908479602574502,0.012157072545837935,-0.08220697075288719,False
fixed/tau=0.25|eps=0.1|minpos=30|observed,fixed/tau=0.25,0.1,30.0,observed,0.42171139359698684,0.6255050505050506,0.6376420392037526,0.6774347112582407,0.028060606185394618,-0.03345401338998481,-0.009237241036923999,-0.08446034792794987,False
fixed/tau=0.25|eps=0.1|minpos=30|suppress,fixed/tau=0.25,0.1,30.0,suppress,0.37966431261770245,0.530976430976431,0.5078916552736961,0.6663158192569957,0.037097221090360594,-0.025908479602574502,0.012157072545837935,-0.08220697075288719,False
fixed/tau=0.25|eps=0.1|minpos=50|observed,fixed/tau=0.25,0.1,50.0,observed,0.42171139359698684,0.6255050505050506,0.6376420392037526,0.6774347112582407,0.028060606185394618,-0.03345401338998481,-0.009237241036923999,-0.08446034792794987,False
fixed/tau=0.25|eps=0.1|minpos=50|suppress,fixed/tau=0.25,0.1,50.0,suppress,0.37966431261770245,0.530976430976431,0.5078916552736961,0.6663158192569957,0.037097221090360594,-0.025908479602574502,0.012157072545837935,-0.08220697075288719,False
fixed/tau=0.35|eps=0.0|minpos=20|observed,fixed/tau=0.35,0.0,20.0,observed,0.5695682674199624,0.8559974747474748,0.7768280030639818,0.7883244206773619,-0.008987500996365347,-0.06024047083259698,-0.01645270421687932,-0.09893883381622796,False
fixed/tau=0.35|eps=0.0|minpos=20|suppress,fixed/tau=0.35,0.0,20.0,suppress,0.5742245762711864,0.7792087542087542,0.7069769731468989,0.7589126559714795,-0.012885290225716557,-0.051908448334385245,-0.009661204930580744,-0.09559202798685137,False
fixed/tau=0.35|eps=0.0|minpos=30|observed,fixed/tau=0.35,0.0,30.0,observed,0.5695682674199624,0.8559974747474748,0.7768280030639818,0.7883244206773619,-0.008987500996365347,-0.06024047083259698,-0.01645270421687932,-0.09893883381622796,False
fixed/tau=0.35|eps=0.0|minpos=30|suppress,fixed/tau=0.35,0.0,30.0,suppress,0.5742245762711864,0.7792087542087542,0.7069769731468989,0.7589126559714795,-0.012885290225716557,-0.051908448334385245,-0.009661204930580744,-0.09559202798685137,False
fixed/tau=0.35|eps=0.0|minpos=50|observed,fixed/tau=0.35,0.0,50.0,observed,0.5695682674199624,0.8559974747474748,0.7768280030639818,0.7883244206773619,-0.008987500996365347,-0.06024047083259698,-0.01645270421687932,-0.09893883381622796,False
fixed/tau=0.35|eps=0.0|minpos=50|suppress,fixed/tau=0.35,0.0,50.0,suppress,0.5742245762711864,0.7792087542087542,0.7069769731468989,0.7589126559714795,-0.012885290225716557,-0.051908448334385245,-0.009661204930580744,-0.09559202798685137,False
fixed/tau=0.35|eps=0.1|minpos=20|observed,fixed/tau=0.35,0.1,20.0,observed,0.5577372881355932,0.8264309764309765,0.7634456818217416,0.7715955068896245,-0.006644513426418655,-0.058186989030084006,-0.01311059251133359,-0.09631497757457125,False
fixed/tau=0.35|eps=0.1|minpos=20|suppress,fixed/tau=0.35,0.1,20.0,suppress,0.4815047080979284,0.8077651515151516,0.6878212687182218,0.7439811278046572,0.00847696353326828,-0.055215006851803645,-0.002756902628102853,-0.0947180158713926,False
fixed/tau=0.35|eps=0.1|minpos=30|observed,fixed/tau=0.35,0.1,30.0,observed,0.5577372881355932,0.8264309764309765,0.7634456818217416,0.7715955068896245,-0.006644513426418655,-0.058186989030084006,-0.01311059251133359,-0.09631497757457125,False
fixed/tau=0.35|eps=0.1|minpos=30|suppress,fixed/tau=0.35,0.1,30.0,suppress,0.4815047080979284,0.8077651515151516,0.6878212687182218,0.7439811278046572,0.00847696353326828,-0.055215006851803645,-0.002756902628102853,-0.0947180158713926,False
fixed/tau=0.35|eps=0.1|minpos=50|observed,fixed/tau=0.35,0.1,50.0,observed,0.5577372881355932,0.8264309764309765,0.7634456818217416,0.7715955068896245,-0.006644513426418655,-0.058186989030084006,-0.01311059251133359,-0.09631497757457125,False
fixed/tau=0.35|eps=0.1|minpos=50|suppress,fixed/tau=0.35,0.1,50.0,suppress,0.4815047080979284,0.8077651515151516,0.6878212687182218,0.7439811278046572,0.00847696353326828,-0.055215006851803645,-0.002756902628102853,-0.0947180158713926,False
quantile/q=0.05|eps=0.0|minpos=20|observed,quantile/q=0.05,0.0,20.0,observed,0.1237424670433145,0.08112373737373738,0.1482928071757441,0.07672947967065614,0.002750791322349899,0.012900686299354674,0.005192342445686185,0.008823057551010163,True
quantile/q=0.05|eps=0.0|minpos=20|suppress,quantile/q=0.05,0.0,20.0,suppress,0.1229967043314501,0.06759259259259259,0.14849694832476718,0.0736871516283281,0.0040072779913463,0.013083511831298453,0.00508054703675663,0.00963408646954296,True
quantile/q=0.05|eps=0.0|minpos=30|observed,quantile/q=0.05,0.0,30.0,observed,0.09067278719397363,0.046780303030303026,0.08668439569520989,0.06157796451914099,0.0207799538307087,0.015305042951229128,0.002108335990796073,0.006148416325359007,True
quantile/q=0.05|eps=0.0|minpos=30|suppress,quantile/q=0.05,0.0,30.0,suppress,0.08741854990583804,0.050715488215488214,0.08495616969447446,0.058535636476812945,0.018429280981824656,0.01685005955687853,0.003769702719901097,0.0070484093034589995,True
quantile/q=0.05|eps=0.0|minpos=50|observed,quantile/q=0.05,0.0,50.0,observed,0.08095338983050847,0.029292929292929294,0.0453928766150608,0.046957671957671955,0.00815304383498848,0.009702038952075262,0.003761358845076751,0.007038520500811593,True
quantile/q=0.05|eps=0.0|minpos=50|suppress,quantile/q=0.05,0.0,50.0,suppress,0.08395715630885123,0.023148148148148147,0.04471451938072958,0.04537037037037037,0.009553565444064036,0.009572279784454879,0.005270430550317826,0.0047360728328213475,True
quantile/q=0.05|eps=0.1|minpos=20|observed,quantile/q=0.05,0.1,20.0,observed,0.13234416195856874,0.07664141414141415,0.14610684853651607,0.07725858019975668,0.005498416284577853,0.012832720266564679,0.006770629474932718,0.011460595797815804,True
quantile/q=0.05|eps=0.1|minpos=20|suppress,quantile/q=0.05,0.1,20.0,suppress,0.11373540489642185,0.07411616161616162,0.1430490572736379,0.07302577596695244,0.001766100691138181,0.015121255618003995,0.005948654040812948,0.008799915460035043,True
quantile/q=0.05|eps=0.1|minpos=30|observed,quantile/q=0.05,0.1,30.0,observed,0.09308992467043314,0.05204124579124579,0.08884626314293834,0.06210706504824152,0.01900382423681518,0.015981801622878725,0.00513482260936933,0.008391937782803977,True
quantile/q=0.05|eps=0.1|minpos=30|suppress,quantile/q=0.05,0.1,30.0,suppress,0.09416478342749529,0.05614478114478114,0.08527696292865353,0.05787426081543729,0.014998934042576961,0.016708527063801937,0.0036561185362669474,0.006218547990823137,True
quantile/q=0.05|eps=0.1|minpos=50|observed,quantile/q=0.05,0.1,50.0,observed,0.098590395480226,0.025505050505050506,0.04569718640242434,0.043253968253968246,0.009823681500379947,0.011405213094635033,0.004045066067642419,0.006771885196208041,True
quantile/q=0.05|eps=0.1|minpos=50|suppress,quantile/q=0.05,0.1,50.0,suppress,0.08439312617702449,0.024915824915824916,0.043061102869387705,0.0458994708994709,0.010957041068471618,0.012618465833579215,0.007263345054136436,0.0053586873253576445,True
quantile/q=0.1|eps=0.0|minpos=20|observed,quantile/q=0.1,0.0,20.0,observed,0.1454665725047081,0.08722643097643099,0.16662747186439716,0.08016863310980957,0.005376480295338673,0.011036668497824781,0.013832176900956075,0.010525586285028601,True
quantile/q=0.1|eps=0.0|minpos=20|suppress,quantile/q=0.1,0.0,20.0,suppress,0.14454472693032017,0.08352272727272728,0.1760020033727668,0.0777876807288572,0.006548749889371902,0.012726955946697788,0.014443793607549951,0.00963943115477646,True
quantile/q=0.1|eps=0.0|minpos=30|observed,quantile/q=0.1,0.0,30.0,observed,0.11784839924670433,0.05557659932659932,0.10705159617196187,0.06501711795829443,0.02465665864043419,0.014797254728391454,0.009136650010213701,0.007850945059377445,True
quantile/q=0.1|eps=0.0|minpos=30|suppress,quantile/q=0.1,0.0,30.0,suppress,0.11276082862523541,0.05991161616161616,0.11186222672720045,0.06263616557734204,0.021386644314246556,0.014961779754836244,0.010292967400998262,0.007053753988692499,True
quantile/q=0.1|eps=0.0|minpos=50|observed,quantile/q=0.1,0.0,50.0,observed,0.10607909604519775,0.03148148148148148,0.06194479313274247,0.048941798941798946,0.014018416056228292,0.009990552391273236,0.009784831223103946,0.008200530028821332,True
quantile/q=0.1|eps=0.0|minpos=50|suppress,quantile/q=0.1,0.0,50.0,suppress,0.10780838041431262,0.027356902356902357,0.06454030202746396,0.04775132275132275,0.014109024337969608,0.013199879099740852,0.011750927983797219,0.004588495924672975,True
quantile/q=0.1|eps=0.1|minpos=20|observed,quantile/q=0.1,0.1,20.0,observed,0.14555979284369114,0.08571127946127946,0.16987597884450292,0.07897815691933338,0.011901224967436216,0.01425778919597269,0.009980566145072964,0.011471284522580089,True
quantile/q=0.1|eps=0.1|minpos=20|suppress,quantile/q=0.1,0.1,20.0,suppress,0.13960216572504708,0.08204966329966329,0.1647488810275527,0.07633265427383075,0.008611177365634215,0.01318549972515587,0.01187554340232086,0.010050374336903284,True
quantile/q=0.1|eps=0.1|minpos=30|observed,quantile/q=0.1,0.1,30.0,observed,0.11820668549905838,0.05298821548821549,0.109729522300761,0.06382664176781823,0.023812917594469657,0.015351366286530166,0.00906012658123484,0.008402626507568248,True
quantile/q=0.1|eps=0.1|minpos=30|suppress,quantile/q=0.1,0.1,30.0,suppress,0.11047316384180791,0.05843855218855219,0.11354861013217338,0.06118113912231559,0.021868614619899987,0.013588093299059259,0.01034063278002445,0.007469006867691377,True
quantile/q=0.1|eps=0.1|minpos=50|observed,quantile/q=0.1,0.1,50.0,observed,0.10976224105461393,0.029292929292929294,0.06404833453789291,0.04814814814814815,0.012836322687960283,0.011262139643059138,0.008905606523112133,0.007021431047361318,True
quantile/q=0.1|eps=0.1|minpos=50|suppress,quantile/q=0.1,0.1,50.0,suppress,0.10765160075329568,0.028956228956228958,0.06383658564418578,0.05158730158730159,0.013113101349705475,0.012398991232329987,0.0153736396072785,0.005172048247553254,True
quantile/q=0.2|eps=0.0|minpos=20|observed,quantile/q=0.2,0.0,20.0,observed,0.20147222222222222,0.1115530303030303,0.2119828318561629,0.10910576351752822,0.015239685029137903,0.013127918563240942,0.021008717512843805,0.012254668348537237,True
quantile/q=0.2|eps=0.0|minpos=20|suppress,quantile/q=0.2,0.0,20.0,suppress,0.1963177966101695,0.10856481481481482,0.20803519551530908,0.10804756245932716,0.01727931276536128,0.01676450159859172,0.023767609798617154,0.011067485794897705,True
quantile/q=0.2|eps=0.0|minpos=30|observed,quantile/q=0.2,0.0,30.0,observed,0.17537758945386064,0.08345959595959597,0.15165479634738752,0.08905228758169934,0.03760659575172946,0.01481590825639112,0.015539767735586185,0.009087742095246015,True
quantile/q=0.2|eps=0.0|minpos=30|suppress,quantile/q=0.2,0.0,30.0,suppress,0.1666963276836158,0.08034511784511784,0.15329172941191388,0.08799408652349829,0.038048914294136746,0.015586465383509163,0.017333597650616983,0.008031379279945405,True
quantile/q=0.2|eps=0.0|minpos=50|observed,quantile/q=0.2,0.0,50.0,observed,0.15658333333333332,0.05067340067340067,0.09917075582943437,0.06349206349206349,0.01939336030703423,0.012841800402052114,0.015082695068178095,0.009882002540872667,True
quantile/q=0.2|eps=0.0|minpos=50|suppress,quantile/q=0.2,0.0,50.0,suppress,0.1520579096045198,0.05025252525252525,0.09903762029746281,0.0652116402116402,0.018970781765011324,0.012107214507812825,0.020541915434641372,0.006625991781487539,True
quantile/q=0.2|eps=0.1|minpos=20|observed,quantile/q=0.2,0.1,20.0,observed,0.20124199623352165,0.11449915824915825,0.21134199124512676,0.10950258891435362,0.019278611348035754,0.01350597827914983,0.020078929449512298,0.012424397951939031,True
quantile/q=0.2|eps=0.1|minpos=20|suppress,quantile/q=0.2,0.1,20.0,suppress,0.19199246704331452,0.11142676767676768,0.21192528896377297,0.10976713917890389,0.015700928447730148,0.014576122751709289,0.026115164458841572,0.010821943369367232,True
quantile/q=0.2|eps=0.1|minpos=30|observed,quantile/q=0.2,0.1,30.0,observed,0.17093879472693033,0.085753367003367,0.15296713230539277,0.08944911297852473,0.03705246007798184,0.013391105497660857,0.01796018730941268,0.008861275503617053,True
quantile/q=0.2|eps=0.1|minpos=30|suppress,quantile/q=0.2,0.1,30.0,suppress,0.1714632768361582,0.0815446127946128,0.15496162937007127,0.089713663243075,0.038194215236182646,0.014250483383935086,0.01809553430216837,0.00774807104796614,True
quantile/q=0.2|eps=0.1|minpos=50|observed,quantile/q=0.2,0.1,50.0,observed,0.15615112994350283,0.050673400673400676,0.10140743276655635,0.066005291005291,0.02044867491054342,0.010756603310785776,0.01747094407464886,0.00768293828493595,True
quantile/q=0.2|eps=0.1|minpos=50|suppress,quantile/q=0.2,0.1,50.0,suppress,0.14684651600753298,0.05092592592592593,0.1011158025536663,0.06468253968253969,0.020824984265350857,0.010349958011125357,0.01785845443295224,0.007985104372006308,True
quantile/q=0.3|eps=0.0|minpos=20|observed,quantile/q=0.3,0.0,20.0,observed,0.2790235404896422,0.1541456228956229,0.2609427338206765,0.1437929717341482,0.030483584322306384,0.017158252513184855,0.025752316446903276,0.011327665495757866,True
quantile/q=0.3|eps=0.0|minpos=20|suppress,quantile/q=0.3,0.0,20.0,suppress,0.2625649717514124,0.1463594276094276,0.24936654337645134,0.13665011459129106,0.0299562389072663,0.01969057724490779,0.03262251864685546,0.011957093773345903,True
quantile/q=0.3|eps=0.0|minpos=30|observed,quantile/q=0.3,0.0,30.0,observed,0.2362542372881356,0.11193181818181817,0.2053812114065452,0.12093059446000623,0.0444057379519405,0.015735186061638526,0.018843213044333992,0.006494164130958005,True
quantile/q=0.3|eps=0.0|minpos=30|suppress,quantile/q=0.3,0.0,30.0,suppress,0.23861016949152541,0.10898569023569024,0.2036060709802579,0.11259726112667288,0.03915056827137925,0.015014381007528638,0.02374104211361354,0.008587302478153883,True
quantile/q=0.3|eps=0.0|minpos=50|observed,quantile/q=0.3,0.0,50.0,observed,0.21280602636534837,0.08930976430976431,0.14213295801792894,0.09113756613756614,0.023703189174214323,0.01184207891061577,0.024590324666736732,0.004335523991090634,True
quantile/q=0.3|eps=0.0|minpos=50|suppress,quantile/q=0.3,0.0,50.0,suppress,0.2085852165725047,0.08468013468013467,0.1349842139297805,0.09986772486772487,0.022507174139576175,0.013233585412566792,0.027246724113169696,-0.001905949862638423,True
quantile/q=0.3|eps=0.1|minpos=20|observed,quantile/q=0.3,0.1,20.0,observed,0.2677401129943503,0.14610690235690235,0.2671684421800216,0.1437929717341482,0.029182008821481878,0.019578132278461086,0.026917920593522493,0.01054378324664304,True
quantile/q=0.3|eps=0.1|minpos=20|suppress,quantile/q=0.3,0.1,20.0,suppress,0.2618709981167608,0.1529040404040404,0.2549191900884512,0.13903106697224346,0.0279474964871,0.018575562645830573,0.029008691959512986,0.009265707192348663,True
quantile/q=0.3|eps=0.1|minpos=30|observed,quantile/q=0.3,0.1,30.0,observed,0.23993785310734464,0.10978535353535353,0.20491840693826316,0.12026921879863056,0.04507744230224327,0.013058140184508404,0.023211265459526884,0.007244316650673335,True
quantile/q=0.3|eps=0.1|minpos=30|suppress,quantile/q=0.3,0.1,30.0,suppress,0.2358997175141243,0.1109006734006734,0.20253971876703816,0.11524276377217554,0.037433912996789845,0.01670208927139155,0.022397802833646827,0.006780233363184035,True
quantile/q=0.3|eps=0.1|minpos=50|observed,quantile/q=0.3,0.1,50.0,observed,0.2097306967984934,0.0867845117845118,0.1394791230806294,0.09219576719576719,0.021184482285835193,0.012766417044554113,0.024508552893965696,0.00338728804806257,True
quantile/q=0.3|eps=0.1|minpos=50|suppress,quantile/q=0.3,0.1,50.0,suppress,0.20637193973634652,0.08813131313131313,0.13730837993076953,0.09312169312169312,0.02317156669065798,0.011774519228297253,0.023371352786451347,0.00010490764921564089,True
