project,seed,oracle_asis_mcc,oracle_asis_gmean,oracle_imp_mcc,oracle_imp_gmean,bszz_mcc,bszz_gmean,oracle_asis_mcc_avg,oracle_asis_gmean_avg,oracle_imp_mcc_avg,oracle_imp_gmean_avg,bszz_mcc_avg,bszz_gmean_avg
ant-ivy,7,-0.008328049077056136,0.47140299605177927,-0.06502021996779872,0.38198950176061414,0.004349781924136379,0.5054240128883946,0.16527535191436443,0.5910242942440738,0.19285313417003003,0.605813394658054,0.15261081444690988,0.577088136745475
ant-ivy,13,0.04262066373076497,0.5488961326176179,-0.06734085597736737,0.3327205539131562,-0.0024288606600655132,0.49658803114936306,0.1856092218102792,0.6055434841983699,0.18331209803895696,0.5912842167382075,0.1623206166077603,0.5834613296696375
ant-ivy,21,-0.006700708284739537,0.47442760867819966,0.022079526361570918,0.5254934826687181,-0.0045388178085104414,0.49423180928677385,0.22916877474397734,0.6312977468405455,0.20481808187500955,0.6166551593030241,0.12978377885440562,0.5646988059055583
ant-ivy,42,0.057288530144700346,0.5659384015845896,-0.00717871938801851,0.4866993145249657,-0.0047865700252412635,0.4938476003961262,0.20057547442086027,0.6164532809065174,0.20297178041434466,0.6140950348418901,0.1507683063186034,0.5767410763621454
ant-ivy,77,-0.024908330900568074,0.4267801950473236,-0.05030827599508025,0.4182918983945728,-0.0033220959610051853,0.495608497228713,0.19259904897910807,0.6031344173451287,0.17246676876752073,0.5930581515879392,0.15676102994231786,0.5796825526226526
ant-ivy,101,0.06036548408726164,0.5590360973564907,-0.09999607532359803,0.359154806856573,-0.011072141317866243,0.48557589796631817,0.1698199511392554,0.5941453904941139,0.19237071023413035,0.6013970385752055,0.154558523739131,0.5821646731807758
ant-ivy,123,0.05572645689490661,0.5643669586314154,-0.0806385159741901,0.3584928232192135,-0.005915107629340646,0.4917557755067823,0.193697172248707,0.6106302282361986,0.17623549467221242,0.5924985095925273,0.15162274079823987,0.5734779736333284
ant-ivy,202,-0.001839495541174211,0.461212279351393,0.036878279651714536,0.5441886990503303,-0.004435842765415123,0.49427238354067293,0.15555132916807865,0.5836751144845262,0.1650823581473263,0.5953626219141643,0.16911124349893575,0.5863518793422662
ant-ivy,314,-0.011365556193540854,0.4691817503208435,-0.05447269798427667,0.3966504903970509,-0.004120169478692969,0.4946204911278951,0.18619337566608055,0.6045132542143667,0.14853682450279745,0.5721815609006924,0.1612195665372854,0.5853944176196879
ant-ivy,999,-0.007840523339411596,0.4735701119431862,-0.02957507456650412,0.4167007980931273,-0.0009105392406168583,0.4985805139614829,0.18346031426600512,0.6046728537494767,0.16380102369636246,0.5815161179897159,0.1510225947405722,0.5771181716084526
commons-bcel,7,0.2136881427288572,0.715179123496672,0.15477889120664487,0.6581675974895866,-0.03742985500588571,0.45996798413356343,0.17413741343222688,0.5995139479807822,0.08791735289392415,0.5524590134594181,0.17936243539566982,0.6180924976336486
commons-bcel,13,0.21392122638322603,0.7153689775363729,-0.00027058483154010986,0.4997040366815891,-0.016831085897104955,0.481849127299748,0.17332590838727163,0.5989619763960821,0.08715605076032527,0.5262454452305445,0.140563033369301,0.5873213013009715
commons-bcel,21,0.1613869885493678,0.6648586505297055,0.11980806471745166,0.6095084278235589,-0.048253870452761964,0.44760893324921336,0.17677934816035928,0.6038518171904418,0.06368976148705122,0.4862709230885767,0.17742008846124538,0.6127348908256414
commons-bcel,42,0.1719666748494693,0.6759336547212726,0.041066382564098766,0.5368751036744949,-0.031055662325835003,0.46689583477220703,0.15610373487742035,0.5854521458437382,0.006948570439206957,0.4742099709074244,0.1946686456856143,0.6322427688484238
commons-bcel,77,0.21573834444666942,0.7168406660399192,0.06834017791659511,0.5587150337762844,-0.017527603477402384,0.4812243709806035,0.1727307267398429,0.5988272475603555,0.03798832491474841,0.454132727371981,0.19836787697357247,0.6348229676729475
commons-bcel,101,0.16631251152496418,0.669027274494976,0.1301928509388421,0.6337853791876432,0.03073379727560771,0.5317037987099615,0.1759433864495772,0.6032432160445843,0.035263751295792276,0.47290700258033047,0.17164113902476935,0.6093552831329633
commons-bcel,123,0.20761675839905758,0.7101030802210577,0.004174061047269986,0.48341580434570725,0.003504739602946771,0.4986089929986232,0.16171257484657528,0.5906710464017733,0.09069699995386268,0.5576147195107654,0.18164664478442977,0.621868699596861
commons-bcel,202,0.1768474269462336,0.6775802980338871,0.10813422328197603,0.6096956293817142,-0.04790827811443622,0.44910958268609386,0.1820875572271716,0.6078964081221567,0.04622907274089251,0.5076560085948473,0.1839195992371062,0.6206438053763225
commons-bcel,314,0.1596999993504298,0.6633432210417505,0.11162961297886535,0.6040603547539437,-0.06001865569214028,0.43571312541081275,0.15008214326304467,0.5815098609751707,0.07835133441096759,0.5123774566409757,0.16151010113745046,0.5986869529524393
commons-bcel,999,0.0953733454068432,0.5926386480816702,0.038230633667631415,0.5218376006470518,-0.04657797266611098,0.4502261791397655,0.16198922628258225,0.5864993337033964,0.04334708994085991,0.506399708467369,0.1884930743502481,0.6243392719443642
commons-beanutils,7,0.06850296488655294,0.6012901272805558,0.10665126249669168,0.6827809305497907,0.08140917964871436,0.6432768481335281,0.10285098692321637,0.5415200620756639,0.13139871858526384,0.578037415510869,0.08439550935120113,0.5215686451419651
commons-beanutils,13,0.07189167600459141,0.6048418676645823,0.0656650798631108,0.5982124473832242,0.061606196328557614,0.60856549053526,0.1152768571158658,0.5461370583629283,0.11479983553010824,0.5458487108247758,0.07537830171016371,0.5257804228235435
commons-beanutils,21,0.05850565474799786,0.5841099424590726,-0.01764316883967975,0.3871712733802319,0.03593013523430437,0.5650153087601132,0.08995996182831495,0.527726200408941,0.05338559911147312,0.470028529746925,0.01118491408309725,0.4169507212361472
commons-beanutils,42,0.061474651686307905,0.5873444345500611,0.06061327900580542,0.5990844850612459,0.0345246971906069,0.55804706341448,0.08945637024984225,0.5272949214589557,0.08848992364072815,0.5329825414654581,0.06513461131459053,0.4978046192697303
commons-beanutils,77,0.07948097604427294,0.6265826336750825,0.07590916672312917,0.6008603682971696,0.02308439117701543,0.5379321926327523,0.10823925176694878,0.5512497795876267,0.08701816605492428,0.5311122508624161,0.0499345739999378,0.5110473572743973
commons-beanutils,101,0.06827251477236547,0.6010437423503618,0.10713521646458592,0.6688632691873427,0.04015267494610715,0.5703637008969873,0.10078121140030563,0.5405004436872747,0.12309807925621824,0.5683378880865183,0.08715092352478818,0.5209032436362608
commons-beanutils,123,0.08430618996568945,0.6457965514497455,0.06424897496304854,0.5760249655843708,0.04510048737235681,0.5749446201208492,0.15506431535695991,0.591264045750685,0.15051647236287588,0.5774595849690138,0.06846965231569174,0.5217795095609501
commons-beanutils,202,0.06630133209141963,0.5923832389293859,0.010887766098170104,0.4768927181596397,0.04034877466934542,0.5674545424457642,0.10910997961109131,0.5353010177185566,0.09749298747486008,0.5189546363571172,0.051833124548487874,0.4526653264006636
commons-beanutils,314,0.05506994194462298,0.5651500987531347,0.04526406362144917,0.5550158282928733,0.03325461272496966,0.5526816136362501,0.13157787878196547,0.5576188055173494,0.13337697027498255,0.5589829217507317,0.08510791501996601,0.5158423372445808
commons-beanutils,999,0.06951020856179048,0.6023597352823716,0.055138836726869984,0.5859492743556705,0.0862176278825993,0.6444422793418355,0.11084035264591602,0.5422780136984603,0.10704315268455682,0.5400378607600446,0.0379199197510845,0.44064179373572143
commons-codec,7,0.09403575701351309,0.6457550641338465,0.009966059015718983,0.44224051264325603,0.11057808130896114,0.6609157136384032,0.09455724102355113,0.5686394598605455,0.0885465271945051,0.5653869176420412,0.03764300217682465,0.523603397942868
commons-codec,13,0.10866913734053626,0.6668656890551321,0.012852868242884053,0.4895473791932471,0.12712108917256618,0.6937633763299518,0.08799505396095748,0.5599657083714116,0.0761072647266023,0.5519317861528596,0.03769143998746257,0.5376111099271293
commons-codec,21,0.1151100828360579,0.6761660945208289,0.03715066238954681,0.5259421453694709,0.07010640332244114,0.6083373781598977,0.07832808164059038,0.5556278948989412,0.09112756235309925,0.5736869121641418,0.034923486802884006,0.5242505847511595
commons-codec,42,0.08753729114765184,0.6363176156736678,-0.07124918022122431,0.28997565585665014,0.10919424912572451,0.6566252239520183,0.0698255682569926,0.5375446281950634,0.04178665000737001,0.47424041033857445,-0.001131276411203856,0.48439821311420583
commons-codec,77,0.028915409587951496,0.46822005847753007,0.037718682052306475,0.5190331876342241,0.0724396524803125,0.6129424457785555,0.08468657694205406,0.5470922304017823,0.11349515993736392,0.5982096620314185,0.02632107600224083,0.5173287585127634
commons-codec,101,0.023201389321571116,0.5103727704653402,0.007818258351716432,0.4386753772045806,0.09808766045747262,0.6469838627876638,0.09386883871546994,0.567667298040233,0.059091101279997886,0.5242166946745064,0.046896313689199096,0.5370358689947153
commons-codec,123,-0.04607678839487306,0.3706698285019955,-0.0963354343488081,0.24642234701339713,0.07838171843106931,0.621672516551223,0.0798395044238697,0.5651045698605796,0.059498222914232304,0.5309051182654456,0.04826805203441511,0.5392478964349452
commons-codec,202,0.057528529873085134,0.5289550868390934,-0.035077478640779446,0.3693297003526353,0.06330047051632201,0.5979837188749292,0.09674179989848343,0.5660160720017033,0.02624507747005931,0.4737513996626476,-0.0015692681728696428,0.4847294711908647
commons-codec,314,0.08336748467599044,0.6300687413868011,0.023829534764680346,0.5008506442177335,-0.049706986198824576,0.35537056750175616,0.07425097449722316,0.5403290912353451,0.08524087512432933,0.5668545604349676,0.0013031933978553782,0.4814339830665917
commons-codec,999,0.02618639408811629,0.4663873249574022,-0.03854156014991399,0.35368151897790223,0.10740832480077724,0.656127679041674,0.08545060091848766,0.5480070408729294,0.07893902096886639,0.5381998068670325,0.032763499597823535,0.5261050306536151
commons-collections,7,0.1561543943025679,0.7058101151853153,0.13959689078537726,0.6978323027536363,-0.039154105735202935,0.4121571803950557,0.05726311099493492,0.40655899372102766,0.05696643953263344,0.4091807143802576,-0.019173549844865502,0.3422425832034969
commons-collections,13,0.1596572607689687,0.7087393592179807,0.029692363114553925,0.5428600296935664,0.012834275770590826,0.5108210292681427,0.06108245548115098,0.4109171085151588,0.059622306865029916,0.40579400346871924,0.027045534112815125,0.3947160299183673
commons-collections,21,0.1701790604304286,0.7170331484274347,0.0708488160826703,0.604421288541205,-0.040692237089105986,0.40984976555980146,0.05680487468597721,0.40657331587667306,0.05804754435008768,0.4067793446295689,-0.026518732150668703,0.32319620965928436
commons-collections,42,0.1575922738190454,0.7070230273824538,0.16017743281681224,0.7252164718837376,0.11011542896969755,0.6580959608802625,0.05846004501627581,0.4080019048449413,0.05918742099306605,0.4098297413513826,0.03187862336930731,0.3937040533829011
commons-collections,77,0.155725786383049,0.7054457096668603,0.160697017336983,0.7199463271113551,-0.038811955357061986,0.4125021105358763,0.05752957793465073,0.40705042962778976,0.056132047465792034,0.40483762546845814,0.0038941695180390373,0.3664844130215516
commons-collections,101,0.17053063682587588,0.717297686839509,0.1832584252776533,0.7493038213179143,0.1262443967830823,0.6814438954730748,0.057848893053420364,0.40776533014788563,0.04805783748262107,0.388543622674623,0.03496401232385603,0.4041942275223527
commons-collections,123,0.15893603801753917,0.708143310555198,0.14113821720173128,0.6812610778997316,0.010593383535845446,0.5071350490195518,0.058262375909099245,0.40777808832824436,0.06087678012327544,0.4110398868306025,0.010440719078451996,0.3756274390867336
commons-collections,202,0.14782114746121014,0.6984840985595548,0.13943623940468633,0.6939692989846341,0.005838060923385871,0.5016581455339109,0.057164369110926226,0.4072084800277611,0.06891456675751709,0.4221025807843112,-0.01235119861756993,0.34102251110572795
commons-collections,314,0.15855871899495172,0.7078300269733084,0.09181033503864283,0.5950842731155968,0.057369356222928804,0.5847720174498635,0.058047210072057806,0.407609952299745,0.06014138273375773,0.40739568299464096,0.01673304581335255,0.4052129854016475
commons-collections,999,0.16843686058785917,0.7157105256897748,-0.02127671997134657,0.4537204378429284,-0.044313807380187184,0.4066763882439711,0.058011249059650494,0.40788400222440957,0.05045185541313361,0.39722244665663037,-0.011139649201311885,0.34464512191846536
commons-compress,7,-0.011322385764151066,0.3773768116854274,0.047857573924367514,0.5602984302597478,0.17818884834172877,0.7552306399470953,0.1419644912213145,0.5609791993782793,0.08642472901999239,0.5080766424675378,0.03598131940075435,0.5021614338568704
commons-compress,13,0.0006397974795015731,0.403320378188758,0.09752748637274604,0.6402848687679381,0.18694121648918946,0.7667363855479887,0.14747768482118928,0.566858294828479,0.03521300426138177,0.4918596665043687,0.04554399175723812,0.4995593093079396
commons-compress,21,-3.452676645700754e-05,0.39872172169586256,0.012182153524009564,0.4666304791347886,0.18381273738506534,0.7626620002367084,0.14513948072842398,0.5657379031971528,0.06720969954389124,0.5120858552768296,0.06013465796910835,0.5133918542177048
commons-compress,42,-0.0011233890721890668,0.3836590792155087,0.01762927210483089,0.5199587370975548,0.17830879526534849,0.7554712761465271,0.14443715763161172,0.5638390815396461,0.08758970360805922,0.5093984951615753,0.03430272037732283,0.49254384814601
commons-compress,77,0.020523133340313145,0.4159071593905253,0.15316985877503925,0.6873293123946773,0.18695319689748036,0.7667408174166782,0.11771925983409769,0.5526748264329094,0.10276133264230362,0.5346173934643484,0.017600067176728282,0.4814278942691744
commons-compress,101,-0.001963513722256945,0.39753696710068614,0.2384797320959734,0.8252302700569843,0.17653571989539102,0.7528202411670406,0.14786513642451207,0.5673246728639155,0.07136655323786653,0.5349116269228792,0.0398867929221368,0.495101201356336
commons-compress,123,0.024632172733992423,0.41791923086110633,0.07772928377219752,0.6168139670112118,0.1735757338627665,0.7487886483672199,0.11626766145639052,0.5516479913424442,0.1401237389188412,0.5538399821869767,0.026413949443700846,0.4855063201130491
commons-compress,202,-0.0013551018311597355,0.3976647352621394,0.24976803230217254,0.8226554816094878,0.1865213768593135,0.7661763645435011,0.13901907838245078,0.5609415793629641,0.11136226127690803,0.536838657538797,0.04121157430243265,0.5071241881077356
commons-compress,314,-0.0039972503621531555,0.3817581046600886,0.06534145519516864,0.599023239505884,0.1875549525700563,0.7675155247529905,0.13679202602076435,0.557754609373491,0.0627741575233419,0.5094793642795602,0.0365834533052567,0.5031831673660443
commons-compress,999,0.0005190133853734475,0.399780998374852,-0.007988355463536446,0.47575204803792914,0.18043476893701793,0.7582177751407445,0.15323800597126414,0.5723929366057063,0.048414210418718975,0.48009211864877716,0.037113589406392145,0.5065065626233455
commons-configuration,7,0.06662928558152065,0.629626870325341,0.14775471089273348,0.7909659518025116,-0.10421388910473955,0.1694807558687952,0.10257059958219358,0.5720981416850995,0.05875178772543679,0.5296646761798363,0.0668621473736658,0.523054834334534
commons-configuration,13,0.07572803614296475,0.6424909996089955,0.05638475608931412,0.6114956682969768,-0.0841456711488687,0.18523138892462657,0.10307106375363055,0.5795219055908611,0.09502332585489166,0.5736336539745466,0.04708402253378542,0.5083802282321201
commons-configuration,21,0.08522219554414384,0.6542597966189893,0.10557791572751558,0.6776005726693084,-0.09115945303594235,0.18194046193573177,0.12226176673846258,0.592898124469853,0.09172641831499624,0.5702463245527485,0.06008605536338844,0.5172416606646745
commons-configuration,42,0.09158957911120644,0.6613881363241373,0.10411359006594095,0.6994935623330883,-0.12012137802779811,0.1603090838863122,0.12400120579917542,0.5933172621528249,0.054923454863904916,0.5421967387494825,0.051854653218422746,0.5152098433693697
commons-configuration,77,0.07360515275380658,0.6393927080731585,0.10329368745960557,0.6748279232289132,-0.07205592429815619,0.19422750742152906,0.11950321345623581,0.5864859850684145,0.10524741121315673,0.5856311621045232,0.058247820361987585,0.5169704140319179
commons-configuration,101,0.08836851824259584,0.6578252888163947,0.06770930484168124,0.6252343023875561,-0.0967045467914036,0.1765160855590827,0.11538607590292166,0.5820502233837122,0.11158906173265098,0.5817261219966646,0.061926191868884733,0.5217650784625341
commons-configuration,123,0.08137754551744741,0.6496427704276958,0.13492383889322176,0.7660063505603075,-0.08524486098095134,0.18639302086565432,0.09359688697758067,0.563598261966452,0.12636266094198004,0.6167479957323458,0.04490931909844862,0.5085500948590636
commons-configuration,202,0.09655083023029573,0.6646696225748651,0.09110013008606828,0.6523292117865425,-0.08248458907849016,0.1884915425811192,0.06882785889196907,0.5277549352943134,0.08640566442126577,0.5627881349173374,0.03356936423337808,0.5033935701420479
commons-configuration,314,0.0881362549233398,0.6575539151262257,0.1034843291762416,0.6927049151451544,-0.08809733089331204,0.1846296364106211,0.10266541295949834,0.5686586199708891,0.10417042595619076,0.5868332996718483,0.05223069214390299,0.5150886545985403
commons-configuration,999,0.09630628531943233,0.6658172372437331,0.07234691632996085,0.6390649464521899,-0.07964863125326323,0.18815824262635086,0.10553845746449332,0.5741241376075856,0.09422754822244053,0.5836752954845525,0.055946294073169416,0.5140419938218502
commons-dbcp,7,0.0004887215600977136,0.4556832486709676,-0.009873575510650951,0.45230189506688273,0.024021671421213846,0.4573744784907222,0.05596058359440521,0.5091837897064923,0.038795974269938485,0.49323348573712866,0.061749900158532024,0.5097567250662909
commons-dbcp,13,0.0023145332738971586,0.4658447357619461,0.009517367574456061,0.472009014009607,0.021512262041947772,0.4496411224819387,0.061984639182312416,0.5174462159428417,0.0838830351450465,0.541859825155033,0.03311689481918883,0.4888014084734293
commons-dbcp,21,0.0021596569319430963,0.46565967368589634,0.01032229749806253,0.5066399358348914,0.019401641976302446,0.4230750024122139,0.035606544381598174,0.4955619085095849,0.04831467134465619,0.5117128906420317,0.0336664994796164,0.4787364112419636
commons-dbcp,42,0.002519656079425811,0.46701787937057343,0.017732191487459626,0.5088165058582244,0.023454897974825466,0.4633492657439512,0.04084513363527808,0.502550875241943,0.04759546941113757,0.5145718357692036,0.040123874766631464,0.4957431634272747
commons-dbcp,77,0.0016005575966135614,0.4612862972193565,-0.0028367215408871558,0.4306447249767216,0.022626547883451545,0.4465473895756437,0.05687303024120183,0.5171272588924669,0.021809299668334343,0.48527642459365256,0.07714888915417001,0.5258930074459701
commons-dbcp,101,0.00043780362053372776,0.4545145576345937,0.010959913881723713,0.48776349171329436,0.01767907406732317,0.4451758014757439,0.059017426449312446,0.5158334051164825,0.03652018586589337,0.5027420390864943,0.011206193366761921,0.4670102124639649
commons-dbcp,123,0.00244639275997834,0.4666417995768763,0.0002918299593980014,0.45363489996616574,0.02441816810611023,0.4443583708918436,0.05870793854742636,0.5144645484170995,0.05299661760156559,0.5090540270563252,0.052127136556822294,0.49760740074612425
commons-dbcp,202,-0.0014167174676992264,0.444000927401998,-0.0014567054096100963,0.43870956367108105,0.022941987301258956,0.43658555282322276,0.06998456763321126,0.5227225967854099,0.06113864265322316,0.5206941886497766,0.06504386254754732,0.5117883954201218
commons-dbcp,314,0.004061304192611038,0.47104724890280086,0.001939804196103032,0.4579814583652711,0.018729163218830596,0.42368933864042013,0.07518965308541625,0.5337946114815979,0.0666552849342688,0.5250532363567066,0.03671545692017,0.48607309567591916
commons-dbcp,999,-0.0024473231943728567,0.43784634337076944,0.004156461087970429,0.4682793612394699,0.02056352096219268,0.4270402145970188,0.06645395136786597,0.5193661521001767,0.049074375130542934,0.5157941280727185,0.038778764652551576,0.48209225762530583
commons-digester,7,-0.08926043809665878,0.3795535438937232,-0.03727519591570149,0.4482017847619493,0.03520244925625362,0.5155439917295163,0.028279458576507713,0.41757042815979717,0.04050427552349655,0.4378278363812765,-0.018153676427472752,0.39588326772489146
commons-digester,13,-0.09118949123458388,0.3774398450795134,-0.034075027602992004,0.45272213583756,0.025916416429268285,0.5032264938943852,0.020503973454491845,0.41696215977619033,0.03228227894045293,0.4364632549298404,-0.030416086143423626,0.37684503422806287
commons-digester,21,-0.08890470256184102,0.37994351758297495,-0.03179034148522657,0.4576943494334531,0.02836073706615999,0.5087645787981624,0.025921911139018233,0.4188292984436447,0.02745702855885748,0.41941129078730155,-0.02489971415386053,0.38080787275977973
commons-digester,42,-0.08717314090022979,0.38184243299500886,-0.06459880121772726,0.41313602346141676,0.029846152232487183,0.5105052393380091,0.030035801898896753,0.41741887775760284,0.031121456275691142,0.41733865544222526,-0.0324324908228544,0.36945414242889235
commons-digester,77,-0.09139432851215476,0.37721551227109534,-0.009872720930906496,0.4869129862673738,0.04113371113956498,0.5320211124819622,0.02870163925177051,0.4166743249995566,0.04723983898787986,0.455808774082561,-0.020455508610225617,0.37438647821819576
commons-digester,101,-0.09118398886937877,0.3774458714511394,-0.0821415888930483,0.38736450648227044,0.02722767999254001,0.5066704835793989,0.027450615035674128,0.4194515305943447,0.02733830910877934,0.41932214542554264,-0.0004481916967174386,0.43050592041675706
commons-digester,123,-0.09143557772058604,0.37717033992656934,-0.10378294692755466,0.36370777388606157,0.03195421842495088,0.5101095773146995,0.027123873025968557,0.41367765927598193,0.025721531478879345,0.41202339371969393,-0.04026753513119122,0.32694639490137584
commons-digester,202,-0.09106582245711196,0.3775752951309971,-0.1383605739623419,0.30316134323532007,-0.04134715719734437,0.4333138668518372,0.02526638329045892,0.41853577794393554,0.029868368590895433,0.4324118076135059,-0.03644129973863458,0.32828469094325546
commons-digester,314,-0.09114405809549311,0.37748960543958365,-0.06456573253133546,0.413180681968537,0.0387733690904643,0.5182724912224855,0.02631188455156147,0.4175167236394718,0.02741701515946342,0.41745858455020596,0.008611339171628943,0.4549912539712294
commons-digester,999,-0.09097251539927548,0.3776774964700879,6.596613958938581e-05,0.5000171764199722,0.02926573299728472,0.5054416299911282,0.032683376132073505,0.42489143169644866,0.051186039173246704,0.4645625164964005,-0.03381650844515831,0.3336211604909118
commons-io,7,-0.01639107153970617,0.35031625796577565,-0.018193071346324724,0.3687211209202689,0.11081040375638421,0.7976664787124903,0.04131494829623223,0.49485667880166373,0.059243822412781026,0.5200154552572789,0.08809703017387333,0.588353078720438
commons-io,13,-0.024316022642826625,0.3389457188210479,-0.020942794072571137,0.36374845496656866,0.013722956530554577,0.5370633900572863,0.053264799139789806,0.5083376526753572,0.05366433840323269,0.5135681499189957,0.06673201399828795,0.5613277505157692
commons-io,21,-0.013315666421133854,0.3745102330017327,-0.01684938201329724,0.30851327328604583,0.029852946426089145,0.5743139199814854,0.0266303725107804,0.4870959775626418,0.015036184839610398,0.4658233984816644,0.07624364725843519,0.5682295081171784
commons-io,42,-0.02407981389625928,0.34092798835983723,0.05626600902803045,0.6527281997910827,0.0006144178663768506,0.48690040539962565,0.04018677040994706,0.49821147385044445,0.04931360188430812,0.531271936604711,0.02988490501586241,0.5166916188534677
commons-io,77,-0.00495362694823523,0.4104440699547963,-0.018260593418791406,0.3545155506578814,0.08204401900937554,0.728667849494871,0.04288207816583893,0.5105299714366631,0.010313562229786346,0.4679945310192824,0.06933196444086791,0.5722256726134731
commons-io,101,-0.016913146258308122,0.35818178650803917,0.03232124488388241,0.5934547153805769,0.01991689385536398,0.5540382362632356,0.05303792982513453,0.5110111026609506,0.05437538254517021,0.5296622236438927,0.07566118714148272,0.566042391009166
commons-io,123,-0.01584167625583673,0.3687984602345066,-0.010553551125622129,0.3763122203167713,0.031025221034383287,0.5759854914113979,0.04656448860785582,0.508045531598196,0.05300937678537845,0.512867521122204,0.06868011986903139,0.5629523391342633
commons-io,202,0.06793580452075731,0.6760528688090647,-0.02800449086630069,0.33747548054706256,0.09467099159010897,0.7592351130039917,0.033210407373366876,0.5123499148561464,0.03534649430109992,0.49319353695886076,0.08243906945023767,0.5809276203960184
commons-io,314,-0.024179264577910243,0.33915046940850685,-0.023344969448782556,0.33470048190241997,0.03185634496371848,0.5783711958615199,0.05610973345159681,0.5104187851163768,0.0643024166346076,0.5068782945394337,0.0852640961387632,0.5734222724965388
commons-io,999,-0.021342031000728276,0.3435607439774614,0.07528763724917953,0.7055823695008164,0.02057198286208318,0.5535126748044789,0.046745826636509724,0.5058165610475898,0.05376611715678758,0.5443476226241353,0.0767433183062603,0.5645006964316083
commons-jcs,7,0.18866776419042955,0.6291933419306405,0.10737998193047144,0.5812118954671978,0.13213583862701378,0.612132790800085,0.1869715520616263,0.6194131199527276,0.16117259731678327,0.6047809540286827,0.03184051576007872,0.4783457838867477
commons-jcs,13,0.10494738885823643,0.5753580870756341,0.19566290376426196,0.665579021993644,0.13955360745100556,0.6187887184243521,0.15347766870269045,0.5991022511839612,0.13427123667275914,0.5835783445977814,0.04347003664569742,0.492597981791507
commons-jcs,21,0.14434552879262383,0.620825997025105,0.07829414614511279,0.5632216517056148,0.12089413232729,0.6030348323466815,0.1710881890264279,0.6143376108452347,0.11413550022541753,0.5680603937189189,0.03169148872440275,0.48128867302047285
commons-jcs,42,0.15722756158641643,0.5996234883641399,0.16950639732297715,0.6321191228525288,0.14379289017361013,0.622946846867643,0.1479383638343547,0.5853916228838881,0.14700925139795112,0.5856137301187824,0.030812092882330097,0.4756096246789295
commons-jcs,77,0.12622468307317872,0.6055491178950299,0.11442839136079413,0.5967281550630393,0.1402040800243314,0.620269811205178,0.1683937533958074,0.6139446367745311,0.17339601574743282,0.6171532374960644,0.02818056976855701,0.4767788921716468
commons-jcs,101,0.17334681594107662,0.6359254518494305,0.09442166716939018,0.569448814968277,0.14677202902453762,0.6259420621561191,0.16935418134571453,0.604825970278481,0.16423313148272484,0.6037893818925365,0.03391610272379886,0.4877434077287036
commons-jcs,123,0.21807814996166072,0.6575087811528332,0.09523152641433738,0.5816589101062931,0.15668229253220725,0.6336871614753052,0.15853994498775356,0.5977382225398343,0.157233245993031,0.5946458909600588,0.041984085481137655,0.48867576282617853
commons-jcs,202,0.237901843854946,0.6650255634053732,0.33163437898832826,0.7516182735313245,0.14468741153945475,0.6236970719674176,0.17377069079554813,0.6070329148186986,0.1973406231754372,0.6284229899189355,0.057052676329597034,0.4944028070275661
commons-jcs,314,0.05483328925541808,0.5406954072483571,0.14081886357463783,0.6208587573955155,0.14438495920793862,0.6234621170717918,0.16022939483247123,0.5935439543206723,0.13160651051777936,0.5740867272946072,0.0383501820413457,0.487373522652922
commons-jcs,999,0.19934513230614653,0.6486129910908125,0.15713970048975548,0.6331130154081002,0.09809381146342289,0.5848235606103155,0.15742208657874654,0.597350080768768,0.1275858421018062,0.5774330241488921,-0.0011143583098493469,0.461661325228618
commons-lang,7,0.0238557723808423,0.43965087345222886,-0.009444519164484777,0.30057560233356606,0.03728721226117762,0.6314000990141517,0.08291988590937388,0.528240906128676,0.0262256402400371,0.4719242907518169,0.04900025822923489,0.5182766196907785
commons-lang,13,0.018820728793696777,0.48512441765871617,-0.00403679641548726,0.4153206044525299,0.04313990218034036,0.6477147887518122,0.06639797986863913,0.527789931439064,0.030724116208069037,0.4822226903423191,0.07870572083877475,0.5557919048012704
commons-lang,21,0.013766079342350027,0.4624055515118565,-0.024205600950069604,0.2611245430355158,0.03214934604795601,0.6152582820978008,0.060017318437598305,0.5073447942152505,0.048804228316059906,0.4977809755545355,0.05211288795817415,0.5199895038067007
commons-lang,42,0.013769743718068241,0.4624106260769671,0.006345903758134789,0.5195163858922512,0.039629763659188286,0.6381934290013117,0.05874467357701198,0.5039123658931154,0.0173034297979533,0.47563054166194213,0.07994973371311899,0.5574101605150107
commons-lang,77,0.017398361553432738,0.43403887901970906,0.03032472952197597,0.4650679727057325,0.04150331971219157,0.6456030783435217,0.08547331862828816,0.5343468333605175,0.05907867331436388,0.51204045624587,0.048559213009753174,0.5190127048359078
commons-lang,101,0.019921690079553765,0.46933044197213214,0.0279851526906173,0.5994662824689619,0.036082464512905046,0.6275594293746044,0.05298304259923157,0.4967963621075475,0.057422254413770725,0.5216063514012987,0.0604335090627132,0.5382281579971292
commons-lang,123,0.020424043866491343,0.47003708523417237,0.07992507322648246,0.5912380421041539,0.03448317812269086,0.621213115855764,0.06276634913432323,0.5121465579280986,0.046926743468820704,0.5187666778430032,0.048288390742745844,0.5159807265089605
commons-lang,202,0.0025829400971544188,0.4328587225653439,0.048847570146986916,0.4793952100830447,0.0350633620067589,0.6228430987860136,0.058731274737837014,0.5016134510095707,0.057537449321351894,0.5123598700917252,0.04909249315945539,0.5188286894251177
commons-lang,314,0.009894577845834205,0.46566712179287145,0.011195708826591598,0.5283213600355399,0.034972771174184986,0.6242623654621837,0.0509862225293557,0.5021581958662399,0.033969507229604456,0.48465812758429083,0.07625157310750541,0.5527752570690668
commons-lang,999,0.010427978506220941,0.4670070966684801,0.0680184661825012,0.537314547185809,0.042609697680743734,0.6488280094257571,0.05170130614141293,0.5033710825259244,0.04412486809366113,0.4923243076323649,0.06861863953920035,0.5440133823154535
commons-math,7,0.11328322632346913,0.6512184098640089,-0.05518954890516769,0.3294689071267498,0.04980112849636816,0.5783794149466862,0.1330459167414156,0.5760164195215051,0.11691543956263382,0.5638251743944078,0.07756714908993613,0.534142859835562
commons-math,13,0.0626865494299188,0.5418054301561227,0.10476719387360926,0.6477705210208979,0.054723329579950644,0.5851528099628895,0.13172866189688992,0.572369534404609,0.11107266986902752,0.5581030441306077,0.09717278418289653,0.5565786186123393
commons-math,21,0.09452906955760788,0.6319707489489461,-0.047044847720017754,0.32816578432573396,0.04689555413227415,0.5742021144666276,0.12408470653653189,0.561382938301735,0.10392894934305522,0.5421792329111038,0.0824447499211043,0.5432361980196286
commons-math,42,0.11055454287802716,0.6458627626694419,0.05941083202824547,0.5937879212363345,0.04249471608687102,0.5676440899252171,0.1448909718214624,0.5805713208060105,0.14474356004622685,0.5860355590589575,0.0712765170406175,0.5342873402760215
commons-math,77,0.06972192662961736,0.5449210845947715,0.052742610386357275,0.5831316305929602,0.0505408265372603,0.5792044228287505,0.1403313925529873,0.5803305619395419,0.10653912592168058,0.5561572815872288,0.07084019037003035,0.532829000003739
commons-math,101,0.04373269591878221,0.5248835846210411,0.09790590582743339,0.6363651051082317,0.05011550269656874,0.5785071211115268,0.12168678087606216,0.555662987387331,0.13572896315156746,0.579751859780167,0.08356230374263288,0.5425442079357884
commons-math,123,0.10565715904363134,0.6425968487070352,-0.020033084588219202,0.3451365357074775,0.05002514406809897,0.5785459424132455,0.13835013130382343,0.5777433999839376,0.11476840212932271,0.5573777753413782,0.07700895115943365,0.5395393769705997
commons-math,202,0.05534044283437483,0.536349567435107,0.003960306743135085,0.48357325099162174,0.043684786166727226,0.5691065913402628,0.13515434975107898,0.5714583637702105,0.14291382296869504,0.5776051366888064,0.08898264292903685,0.5492778558201559
commons-math,314,0.05871775857248063,0.536782148279514,0.0614789275764793,0.5936536479511434,0.056164136287716916,0.5871756668914482,0.14284344991318693,0.5780036244016803,0.12501181514555626,0.5695100786542416,0.08974658686612058,0.5526247913301099
commons-math,999,0.11642358792826293,0.6548393985529202,-0.08071142581552986,0.27020302580975797,-0.0747190364553907,0.31304735550745866,0.1342871011409884,0.5736291114472707,0.07474192674726741,0.5095985732236308,0.09013179053091643,0.5491295689653344
commons-net,7,0.10446993579056323,0.6112425350452567,-0.07180792835959983,0.3467113514146875,-0.00934295239598391,0.4871087374799244,0.1177881136835446,0.5295593732656872,0.05442801335350253,0.5203599495661051,0.0418003391661799,0.5092141120511582
commons-net,13,-0.0566618097954559,0.4216651663272618,-0.03614352952763668,0.4423103946704077,-0.004630532873593212,0.49282038756960644,0.09254481821269657,0.5181231416784977,0.06529270297325909,0.49944716280633633,0.03159945586383544,0.5027831274639695
commons-net,21,0.10914167824694514,0.6147915433385045,0.013731786077769028,0.44318436878269,-0.002632829177947688,0.49521855568406387,0.1326208213810617,0.5456161868012835,0.040619484699842605,0.48743341869498585,0.04967516392859802,0.5093429641478925
commons-net,42,0.10544697283848638,0.6118834571404311,0.04005734252911261,0.5266842088546017,-0.010983452759019957,0.48491537024225395,0.1171676928081603,0.530474173804195,0.036398800284724066,0.511228338094234,0.0411783859675239,0.5031020480810194
commons-net,77,0.10398017865008317,0.6107516602650181,-0.0037439764503438126,0.49445284783860055,-0.0032833870575247107,0.4944224370320544,0.11301827625616465,0.5262847454136311,0.06779567692836458,0.4973822869116137,0.013802202946149176,0.48570395275975553
commons-net,101,-0.02409672265934207,0.399580302841235,0.045111421276630634,0.5169989365941281,-0.009445161626330571,0.48677794367669774,0.07858627206293832,0.49196284772531684,0.08170864008346654,0.5348709610415551,0.029822726752145836,0.4949535806626875
commons-net,123,0.021569329929239378,0.4908200149043189,-0.0350728925782488,0.38333817070391424,-0.013910872296884858,0.48135291269495856,0.1096485142077654,0.524136566634539,0.06617241055161432,0.5142050047672387,0.048186256348232905,0.505946560220584
commons-net,202,0.10268163781043169,0.6098508239586345,-0.05383627055444185,0.3830984976429667,-0.01912964002004761,0.4749157195506682,0.09439632810554034,0.5261824751669141,0.05439250634196489,0.47739324178782333,0.04330688990127668,0.5135812558814293
commons-net,314,-0.02603620619815708,0.4033062080579347,-0.014275311099494505,0.43072893187116623,-0.009670204855759859,0.4864920535519436,0.0909502241305276,0.5031661238962547,0.07604886569141012,0.506353716759629,0.014482267212834035,0.49238613612863186
commons-net,999,-0.03944701367315567,0.354529066032824,0.029861776955980874,0.5153166276147042,-0.0033127830985056213,0.49439980809710743,0.11078939337351339,0.5184658671514119,0.09816510308302848,0.5400677860763761,0.031989514474308915,0.4996090940470358
commons-scxml,7,0.170996428170411,0.6553161251811381,0.216551298483969,0.7011871751274557,0.19896665491291818,0.6713777209598062,0.09337278821737616,0.5608043356864594,0.047630367359168556,0.5387636054810223,0.05459366360249417,0.5364507758900978
commons-scxml,13,0.17324259431578323,0.6572158624751062,0.11491444768847109,0.6095978589243534,0.20738735304719086,0.6810988207145794,0.11726577104239001,0.578602700292189,0.08128773415023127,0.5562674636561279,0.0842980141595735,0.5598550400734441
commons-scxml,21,0.17281078820400608,0.6566059250986583,0.1596919456653032,0.6507330502531777,0.1914006628664955,0.6607689353780132,0.09854154750089958,0.5642265190499733,0.05607328453322061,0.5394379053046832,0.07628099244354072,0.5544498066037612
commons-scxml,42,0.13067592047275273,0.6236379876918473,0.12988718308425562,0.6229596828321663,0.2028105770441232,0.6755707709376809,0.08393064101654017,0.5533327819833779,0.06735371993233652,0.540796962615804,0.0609505817631314,0.5440488445678637
commons-scxml,77,0.17881378440192738,0.6607927541208839,0.11897482046624999,0.6133426728173975,0.19447596418192406,0.6654305263126014,0.09643263075475955,0.562578546189788,0.04667641036215033,0.5282419740821909,0.06522582571429936,0.5443907737957024
commons-scxml,101,0.17239362939850345,0.6563103801729953,0.12321317268381016,0.6171931827389076,0.19623360287489544,0.6676752312452652,0.09736984238030476,0.5633420829514709,0.08615612551941589,0.5546781022533054,0.07139219742980503,0.549855258360771
commons-scxml,123,0.17257835857013026,0.6564413294987733,0.1489738762316917,0.6387382020629608,0.21381737587684485,0.6893898780421768,0.10491596332535402,0.5668367279466684,0.08325919104421056,0.5522804941225667,0.04999001984510416,0.5345879079854587
commons-scxml,202,0.13148646345777057,0.6243326815861042,0.1981038983156009,0.6834555122357522,0.1973952573652642,0.6685108949576458,0.08466935163549977,0.5544648617217331,0.024255283325600705,0.5142754342459694,0.0793254150037499,0.5578840210788865
commons-scxml,314,0.1717420470274835,0.6558475509387645,0.24204629343303943,0.7220845368062169,0.20227430729240622,0.6754939197946291,0.09593995334253157,0.5625796182327323,0.13974934327930513,0.6097683776439927,0.046846015682856894,0.5324303285760796
commons-scxml,999,0.1778068197044151,0.6600990295892062,0.162292582788076,0.6494107342523665,0.2186257153468008,0.6947863967809196,0.09573165585794545,0.5619380755493871,0.04001192053579661,0.5320337080650157,0.06672275015266937,0.547046038353171
commons-validator,7,0.13132021097364643,0.594920098226123,0.15537907892365374,0.6351104594454572,0.09846286194167657,0.6052410068716346,0.0716579174656386,0.4465889025927876,0.0634764800822054,0.441580453108665,0.005119775755876434,0.46134335396767334
commons-validator,13,0.06965497531119316,0.5271086782961374,0.1450352024607788,0.595593276079326,0.09968209843619542,0.6067105842039376,0.02483237356471537,0.40826401517597016,0.05775273814428665,0.4349966495737435,0.01146664523716644,0.4659431523566174
commons-validator,21,0.05401874426285322,0.5074927385277265,0.1339516877321187,0.6254989259876869,0.006841387206152271,0.48696114675376717,0.011280229692841055,0.3967952146505972,0.07676530749597346,0.45325466942949294,-0.010873497284965799,0.44672439962170996
commons-validator,42,0.13685274587361568,0.6274177037890456,0.11739936962879315,0.5794462750931861,0.0874769627635194,0.5939086310870516,0.02704536974869146,0.4151762183891815,0.050524732191940806,0.4305950359913144,0.012712962055589451,0.46780307058002923
commons-validator,77,0.13508207050688795,0.5967878045649064,0.10422034533302356,0.5800335585641321,0.0691099459677166,0.5743318865182043,0.06934468542561924,0.44483219939803365,0.07114739147732602,0.4458031560073775,-0.04335452307480503,0.40434232599593617
commons-validator,101,0.05403368060058202,0.5075009032093158,0.08053942785680708,0.5606853997822296,0.05926403589475616,0.5640417720879197,0.010441149604549083,0.3957633609475801,0.04322498822757633,0.426003627323717,-0.041621125490445596,0.4078228559016941
commons-validator,123,0.05530930164949763,0.5081953239401182,0.06680660389245247,0.5409140479489074,0.07757560453142634,0.5822067887978475,0.013944599380871574,0.3984295486045194,0.03227379014709039,0.41677939428799243,-0.04854837410824402,0.3932635632097627
commons-validator,202,0.05506060426453983,0.5080603841097806,0.12771640201797618,0.6171695699507612,0.0690676423823403,0.574454665893463,0.012205929757722033,0.39736984065782976,0.039728045753534905,0.4231289032138256,-0.02647870847456594,0.4259106462439262
commons-validator,314,0.13275166027900068,0.5956362652310315,0.1583147478278283,0.6618531465186009,0.09149293740664866,0.5981609622028229,0.07753311560827277,0.45075848019120246,0.07175733517171634,0.45479076009757086,-0.0044306344301439145,0.45141168055398834
commons-validator,999,0.13964775963966172,0.5989929044270307,0.19416222021083887,0.6979812792128758,0.08851884535583433,0.5950734377726179,0.07776357435090918,0.4508428807005228,0.08423825466119081,0.4613995002012032,0.011942343570035154,0.46908990316956517
commons-vfs,7,0.013789288558472348,0.5167428354699027,0.050292355697216545,0.5730709468599975,-0.03249524312301243,0.43592934521984555,0.13245847430179014,0.5905938483618051,0.094552968761753,0.5708081926311404,0.0663415753419775,0.5323231378924702
commons-vfs,13,0.013833547223685478,0.5184001394445857,-0.0036634960614570747,0.49079711847321944,-0.04981713150876816,0.4035885144453574,0.08826884754763033,0.5567409967293877,0.09031647260525369,0.553633047696802,0.06685951208333785,0.5324679493237104
commons-vfs,21,0.004993692306356073,0.4993919701377866,-0.06931895981196029,0.32854962030995283,-0.017842867975073937,0.46260545131641373,0.10292359058940019,0.5638506703188252,0.08298294299671911,0.5399976808352225,0.07815028363452933,0.547526496585188
commons-vfs,42,-0.00696419009542929,0.4810560581716305,-0.03613697569535706,0.4293213427285504,-0.01809036732753229,0.464374060059358,0.13396250401605034,0.5834111116497822,0.0996644838066065,0.5618238822658299,0.06559595450004131,0.5338385396473647
commons-vfs,77,0.013337421363424827,0.5156472479308583,-0.025400042188797576,0.4468385950429134,0.011445506446568797,0.5193367573887036,0.14031358901024923,0.5929929737632594,0.07715037216592802,0.5430073912064719,0.07061875251413059,0.5432051189328962
commons-vfs,101,-0.018942810263839364,0.4585196308909828,0.02750466853085165,0.5510982358325868,-0.025542782032239846,0.4497318291716275,0.04958442508516159,0.5223354457908388,0.08327881099469003,0.5574007642945045,0.04903798154732419,0.5206406305022474
commons-vfs,123,0.005729905430678712,0.5064511485305696,0.03999593242144466,0.5757521122304016,-0.03125721778467559,0.43557951790039806,0.12217530430257745,0.58447205799808,0.11645396129503131,0.5864136753811857,0.08481876465708184,0.5511718377786063
commons-vfs,202,0.011956807232490633,0.5133282873974999,0.0662425248352931,0.6244360439441943,-0.032543643267667205,0.4358726597637942,0.12903279551462862,0.5852376006605531,0.08050439963705626,0.5588610023901185,0.06506369087943126,0.5313637143200273
commons-vfs,314,-0.00529127711264871,0.4849004894485437,0.016208563886238713,0.530765412151308,-0.03657474445186329,0.42789328748348443,0.11642325836332139,0.5693048977025797,0.08220311273523392,0.5554216171680836,0.05010609814598249,0.5216528437589367
commons-vfs,999,-0.05795646871326688,0.380755222797652,-0.010642047125763067,0.4750584717257738,-0.0136494976388442,0.4730148771690026,0.09232266922015277,0.5578504342973861,0.11623874755582758,0.5814391618604561,0.0508649324463072,0.5262744595777323
giraph,7,0.12473531238649191,0.5855219753205746,0.07837734276152404,0.5634028156048277,0.17890477231802682,0.6485434196840094,0.128852752432164,0.5300520115960827,0.24698921534863053,0.6356076860567058,0.0879636428613672,0.49031362006267437
giraph,13,0.1416732061889191,0.5944257882008216,0.07518915866647254,0.5630566723444933,0.07352181806823122,0.5521958520647827,0.1494624416048558,0.5435930243151809,0.2100878486287516,0.6083774055131688,0.08996572702957091,0.4875783348121568
giraph,21,0.12153791549188821,0.5810994202654389,0.20970482292690473,0.6885538375280172,0.2393865112390034,0.6899051023686547,0.148661128558424,0.5325500246335323,0.2391584250418601,0.6328319753324013,0.12244537777041327,0.514648242511758
giraph,42,0.13274689270296716,0.5887576617622251,0.20227629101732642,0.6784378504027951,0.17573217779944386,0.64412825365554,0.12130401617383874,0.5194411887124285,0.2567210477168721,0.6401327128398236,0.110636983090222,0.5006318094968163
giraph,77,0.1281801433300549,0.5860784161685815,0.1093180080270932,0.5891455041574828,0.01044811057438249,0.48630703283635107,0.1566798612278828,0.5383999416335183,0.23475706535482385,0.6240462024806567,0.07993944998090911,0.4832272515006599
giraph,101,0.1312224785185222,0.5886525735901531,0.10639889223149152,0.5841558593802647,0.2034655993204025,0.6682254837245191,0.13394004124249131,0.5289536317768511,0.22649154497821838,0.6200287635628242,0.10254537039768229,0.49790338037849946
giraph,123,0.11009415994169167,0.5904106184951883,0.18065174012517968,0.6647641043416072,0.19022070686654452,0.6551006326832477,0.12443899352087649,0.5286753173732138,0.1624820241973029,0.5877839091274772,0.13456693672283476,0.5223266918013184
giraph,202,0.12711623441127634,0.5851909192954519,0.17069368810500132,0.6498914745316724,0.053939709332582096,0.5216211491471481,0.15061580588938753,0.5377582898941883,0.2361221330988703,0.6293745996887764,0.11284401980912091,0.5140483728225386
giraph,314,0.12236339106722133,0.6034273545007451,0.08945133651257355,0.5741097808880796,0.03531701253984462,0.4998291497347771,0.134824702520669,0.53843149757872,0.17899928467522921,0.593974687286927,0.07047971229089157,0.47946618106812317
giraph,999,0.14229171302023455,0.5930253225758725,0.10112731878100573,0.5852877532217722,0.000945875568312852,0.4739477427111834,0.15939625398861088,0.5423533604118274,0.24441962527254044,0.6352958256696702,0.06847265058976229,0.4691226016086809
gora,7,0.04767262423541669,0.6021831179453017,0.03856466913769176,0.5783445500691634,-0.031261250239676554,0.4254007981793299,0.1119052036470191,0.5388342385384536,0.06395351775537801,0.5172601289407757,0.013973161139430241,0.44573089660751014
gora,13,0.041175683278099756,0.5898036382044298,-0.06894411025674084,0.2713934693983508,-0.02857702256913014,0.4332521122882565,0.046819810791309056,0.49113570977022575,-0.04567101916130594,0.3847785156383785,0.04213751868275606,0.47156496846135837
gora,21,-0.07362229840222845,0.2464878124656286,0.05531223145493842,0.6195115516276316,-0.03053219348433896,0.42677853943400235,0.032180323908195176,0.3966593497236965,0.07699280349466919,0.5531040856048958,0.03650622516306036,0.45749316503645837
gora,42,0.035539572764970974,0.5741847500878808,-0.07303930292189337,0.23877176944568,-0.039980829586019985,0.406871534329512,0.05829846904742195,0.4940872664131763,-0.0081788724853051,0.39202782229647054,0.013373274530798555,0.4377706161176526
gora,77,-0.03687106346324865,0.39276735403727064,-0.03684965071742129,0.3952256229636008,-0.07787393251340091,0.26553645122491604,0.03046912643083831,0.43784649554111466,-0.03576005628445332,0.41656459061390266,0.030021850081675513,0.4212641772483002
gora,101,0.05956274339142243,0.6286588684509756,-0.06499474140107439,0.2732661965253427,-0.07037815988651265,0.29096286118979836,0.0646085525566776,0.5050942873564317,0.04141301322791077,0.44524981027728855,0.008405714843476653,0.4128528764052493
gora,123,0.0021267996563146493,0.5005480579864688,0.03544921676680774,0.5730405039358177,-0.06008411892062811,0.33764919161734536,0.04958743634114562,0.4777837021411338,0.007929439223940564,0.4642857907285201,0.03567627849082105,0.443918038770138
gora,202,0.038111157294801176,0.5788203330216364,0.005134809759610686,0.5063966345258369,-0.03675028023427211,0.4129039535425135,0.06675601543802047,0.499586316428358,0.07107401823618253,0.5273688603702626,0.009532956187141825,0.4366695499962845
gora,314,-0.031742419953724656,0.4046979912761737,-0.060462223078046176,0.31314697319324447,-0.009561118262740531,0.47864893905846356,0.045178200792247096,0.4515108526897888,0.01780253950985392,0.43107388909944283,0.043943794816888634,0.48272529205919656
gora,999,0.07016092493422206,0.6503667765864616,-0.06034433736207377,0.29131555406907833,-0.02077845330269338,0.4522173488326998,0.08863875927385141,0.5222260888128523,-0.024717281653782577,0.40427517804353846,0.03622709209168343,0.47483400552310717
opennlp,7,0.17340856068280328,0.589203743988311,0.02227018207650189,0.5145473645204081,0.07413416905388417,0.45889983128457723,0.053790250156423136,0.4303854528896631,0.078833448371135,0.5514622196645985,0.06560866164746156,0.5022600799196778
opennlp,13,0.161911490672127,0.585790368005773,-0.008970273085300873,0.4783312462052206,-0.03087287729991851,0.26215582545246136,0.05498661493553114,0.4250078867978449,0.05000145540591096,0.5188986659608726,0.08208445734902362,0.5076913481190063
opennlp,21,0.15961466701211016,0.5849044761527357,0.09736879661694461,0.6092701382975122,0.06787160384046327,0.4453405755503662,0.054200819630290296,0.4362306603304239,0.08779383359876718,0.5221806074397392,0.07017429692247783,0.503493121381818
opennlp,42,0.16632001532747645,0.5871989571357611,0.030979871795850784,0.5244742450130814,0.06323149320132214,0.44325870893730257,0.07918990343568233,0.4653284902804944,0.07711264377442492,0.542808457352264,0.06041567984628761,0.4967076741347029
opennlp,77,0.1603576796720955,0.5851311334699569,0.0646605150434058,0.5594541789983746,0.06530469606303665,0.44825899709033873,0.036728003659806024,0.39451963117207495,0.04039035642340688,0.4927784750473155,0.07602584676484407,0.5105351068353012
opennlp,101,0.15692433564418148,0.5536831167416074,-0.007272750325261433,0.48239203922638185,0.07647126009700553,0.46105549578057275,0.06190776540857105,0.4414971265245232,0.05749532223377939,0.5302096146260766,0.087350936673612,0.5214980360408721
opennlp,123,0.1600483295933405,0.5851894877460474,0.011045191983278193,0.4919449592145762,-0.03542939137424546,0.25726473466433364,0.06294475902713577,0.4456909396098509,0.014559562654701758,0.488259971461628,0.07339781509832682,0.501365354135674
opennlp,202,0.15350195412442905,0.5829950391474151,0.04387535588167082,0.5336855427258688,0.06923951054095256,0.4573921615787712,0.0728840884660732,0.46061404950431883,0.008368780201805693,0.47712253538370913,0.0643351215323971,0.5010380996412768
opennlp,314,0.16174152230408273,0.5856017845823449,0.08783125506257813,0.5945078531720073,0.05032436282372555,0.42127098703117044,0.04857472580318757,0.4285205850602716,0.08618622324819103,0.5561584160942502,0.0708236943408094,0.5003999071036968
opennlp,999,0.15813926442581971,0.5845596803818012,0.04709824029018933,0.5510938032361344,-0.0322414740518567,0.26179096115230177,0.05472539079448323,0.44199102670711315,0.06442398009460348,0.5374304112850751,0.08064720670015317,0.5071698043735565
parquet-mr,7,0.12743588131647485,0.5884354304377163,0.27231456604261184,0.6849337524804922,0.34384519949109055,0.6898579441585877,0.08082264928097983,0.5330497285633387,0.06737416641363514,0.5204758351213027,0.06489761353451934,0.5064664640241969
parquet-mr,13,0.08074932674111002,0.5526486637292327,0.31294994446115226,0.7096639990926596,0.34721354316654585,0.6973877315159037,0.08430740851370004,0.5360185473504389,0.0823937215343708,0.5377668710935813,0.08619423392236027,0.5175561043200573
parquet-mr,21,0.05189715339539481,0.5347990779144651,0.35737939396820273,0.7389772963071906,0.3643007841858898,0.697636692006129,0.070793284373659,0.5270829423760574,0.07555146356725581,0.5289786539620365,0.08394619345817332,0.518545836125744
parquet-mr,42,0.12983611364268322,0.5899729196660595,0.3613028809537199,0.72943784872551,0.27401867935142205,0.6852476797048815,0.08750482340638001,0.5427901826423922,0.09914466810222218,0.5443695536461343,0.07503187211685386,0.5153453211243072
parquet-mr,77,0.16405193406621046,0.6123908564951445,0.23783523038147844,0.6618772636812974,0.25371700273448566,0.6705655853538801,0.056432430446972985,0.517755911578148,0.06652929667387893,0.5225176766140639,0.08550721910016584,0.5187720628979968
parquet-mr,101,0.07439997949312245,0.5499352396278415,0.36369270440652024,0.7376817088747722,0.3606059223571119,0.7002747591324188,0.0921779342027022,0.5410030182587823,0.08359751119375229,0.5388757759696094,0.06417688816427192,0.5037070892648016
parquet-mr,123,0.049694270438937864,0.5332435688974122,0.19205391790043896,0.6228298929760182,0.3383666232358597,0.6869815180865743,0.07961423836780665,0.5324694704608782,0.07200309771818003,0.5230181438820473,0.07494937182546632,0.5103751810105561
parquet-mr,202,0.13098345608213288,0.5906968126933089,0.2486530003816911,0.6687166846044257,0.3438433473234467,0.6906313269372831,0.08810847323879335,0.5382691471200496,0.07688155169488399,0.5360461991635646,0.060344248362221214,0.504490254298926
parquet-mr,314,0.1581250229387947,0.6095193005703239,0.32834750420083236,0.7195568631867046,0.37488565250924444,0.7048402423233117,0.08972010558654905,0.5416220895363199,0.08869960279881563,0.5344743312414874,0.0864764544573955,0.5207433501968558
parquet-mr,999,0.09534567775904668,0.5660235855452633,0.3665834609936628,0.7332415233411954,0.2592697141203569,0.6755291075093077,0.07768841451296482,0.5348736174673435,0.12889471453510937,0.5638645650685811,0.07523081986072626,0.5123240250852729
