model,train_label,regime,eval_mode,mcc,mcc,mcc,gmean,gmean,gmean
,,,,mean,std,count,mean,std,count
JITLine,AGSZZ,chronological,oracle,0.09040620813359591,0.07458851658177072,210,0.5341834074172983,0.10853572022840406,210
JITLine,AGSZZ,chronological,self,0.1350862229366918,0.09649334989222559,210,0.5389276355421755,0.11261933892441045,210
JITLine,AGSZZ,naive_kfold,oracle,0.11640901111690018,0.07175097511504604,210,0.5945636780758007,0.06745478308690622,210
JITLine,AGSZZ,naive_kfold,self,0.3037289115901077,0.1290077619788677,210,0.6850551402877189,0.05026426173240184,210
JITLine,BSZZ,chronological,oracle,0.13242533145368496,0.08852311057858117,210,0.5735127347725877,0.11832424988851144,210
JITLine,BSZZ,chronological,self,0.22321080434510254,0.09952619436389577,210,0.5862049607141245,0.0958426827751366,210
JITLine,BSZZ,naive_kfold,oracle,0.17514251286171584,0.07920522851949428,210,0.6476163916629396,0.05735886409597201,210
JITLine,BSZZ,naive_kfold,self,0.41292899627137925,0.10106599646027037,210,0.7169568269201577,0.03486817561744907,210
JITLine,LSZZ,chronological,oracle,0.08036916942541747,0.07689879442837767,210,0.516696817849755,0.1325225170668817,210
JITLine,LSZZ,chronological,self,0.14824822474927318,0.08543229760386241,210,0.6114840051094556,0.10294733488056065,210
JITLine,LSZZ,naive_kfold,oracle,0.1390979495598264,0.06262081315713067,210,0.6031606568047704,0.057949914366649,210
JITLine,LSZZ,naive_kfold,self,0.24344614603957643,0.08459683666067405,210,0.6984312380691735,0.03975105643519466,210
JITLine,MASZZ,chronological,oracle,0.07857975142840513,0.08377788701795214,210,0.5117868534431259,0.1497821428198691,210
JITLine,MASZZ,chronological,self,0.13950194085702136,0.0941837826510115,210,0.5425424545561892,0.11379986753523015,210
JITLine,MASZZ,naive_kfold,oracle,0.12724061153707023,0.07040999092089303,210,0.6038442835343456,0.07378458150891644,210
JITLine,MASZZ,naive_kfold,self,0.3295210086349665,0.11413002987097107,210,0.6994131636973036,0.03701973385254456,210
JITLine,RASZZ,chronological,oracle,0.08572442475072252,0.08204759450119725,210,0.5282081437358951,0.10165030815435526,210
JITLine,RASZZ,chronological,self,0.14021304963460313,0.10488456472813125,210,0.5468600847664002,0.11529721286620402,210
JITLine,RASZZ,naive_kfold,oracle,0.11636142974391359,0.0731632139643561,210,0.5914418718729354,0.07299135928521239,210
JITLine,RASZZ,naive_kfold,self,0.3069599563142543,0.12970688966629526,210,0.6895670408335427,0.04927178429317946,210
JITLine,RSZZ,chronological,oracle,0.0625988024887812,0.06667815189972537,210,0.5019186590264281,0.1335407459475801,210
JITLine,RSZZ,chronological,self,0.09200369657674448,0.06345356321888795,210,0.5279158826736501,0.09704317751529877,210
JITLine,RSZZ,naive_kfold,oracle,0.11308415386802179,0.0655459985830031,210,0.5913805597583564,0.06509676845302861,210
JITLine,RSZZ,naive_kfold,self,0.1801114674397096,0.07487060624430686,210,0.6357635483473106,0.04096571167220407,210
JITLine,oracle,chronological,oracle,0.10163676434704318,0.08299655436912114,210,0.519036576481482,0.1693836458137054,210
JITLine,oracle,naive_kfold,oracle,0.2429576457385668,0.08867655712243513,210,0.6974830190523382,0.044335300978285835,210
LApredict,AGSZZ,chronological,oracle,0.1684829259572897,0.09093209469170271,210,0.655170925116445,0.06829911742361518,210
LApredict,AGSZZ,chronological,self,0.19746355934012885,0.09517033177476118,210,0.6448350316983967,0.05682638211043105,210
LApredict,AGSZZ,naive_kfold,oracle,0.2003328669891201,0.07866532048284493,210,0.6735038832703931,0.04574752501098157,210
LApredict,AGSZZ,naive_kfold,self,0.24720503835414323,0.08825755433689975,210,0.664656557935915,0.029127388743759506,210
LApredict,BSZZ,chronological,oracle,0.16337207065225412,0.08228619887723623,210,0.6538743062873653,0.06219141153756222,210
LApredict,BSZZ,chronological,self,0.2917590051299512,0.07637346543622059,210,0.6764579347618929,0.03066091174266535,210
LApredict,BSZZ,naive_kfold,oracle,0.19409551768433433,0.0772174847026866,210,0.6671905931091122,0.04368005680657867,210
LApredict,BSZZ,naive_kfold,self,0.350993343947249,0.06732359560493734,210,0.6949461531411175,0.024715973239268513,210
LApredict,LSZZ,chronological,oracle,0.17061748202334462,0.0930758473582162,210,0.6293174900084156,0.08710353343023955,210
LApredict,LSZZ,chronological,self,0.21737529038095751,0.0704837169347205,210,0.7038994441819773,0.03786800465907694,210
LApredict,LSZZ,naive_kfold,oracle,0.20777934682115637,0.07904194752446789,210,0.671892205333673,0.047877955337849415,210
LApredict,LSZZ,naive_kfold,self,0.2679464273206218,0.0720708713652321,210,0.7339944003656808,0.0342287479239169,210
LApredict,MASZZ,chronological,oracle,0.1664240483388027,0.09055307946752954,210,0.6541718510162787,0.06733331886322101,210
LApredict,MASZZ,chronological,self,0.200264766598453,0.08254772120424607,210,0.6453907710925074,0.04659319926527112,210
LApredict,MASZZ,naive_kfold,oracle,0.19947491261340683,0.0776811583899146,210,0.672882940181931,0.04421657331643997,210
LApredict,MASZZ,naive_kfold,self,0.26262614118491273,0.07474204381801515,210,0.6706074642006985,0.02553465094471076,210
LApredict,RASZZ,chronological,oracle,0.16785767157691525,0.0941854196042723,210,0.650436670967108,0.07309222948362427,210
LApredict,RASZZ,chronological,self,0.21429513045338786,0.08621277423989505,210,0.6656929486827704,0.04754606761374003,210
LApredict,RASZZ,naive_kfold,oracle,0.1999916463567327,0.07923041842828234,210,0.6726916950730228,0.04523499579953048,210
LApredict,RASZZ,naive_kfold,self,0.26027554471088415,0.07258302599562595,210,0.678902339791479,0.025799294350257965,210
LApredict,RSZZ,chronological,oracle,0.17305118160121274,0.09247161437094649,210,0.6544124056040584,0.06987665915507271,210
LApredict,RSZZ,chronological,self,0.1666263369493815,0.06119063428311579,210,0.6447453986270919,0.047414100939694094,210
LApredict,RSZZ,naive_kfold,oracle,0.20157627005785633,0.07807465943226181,210,0.6748594787341088,0.0461312107547675,210
LApredict,RSZZ,naive_kfold,self,0.17792205084754562,0.051552770611033166,210,0.6472966411511666,0.03556399511088864,210
LApredict,oracle,chronological,oracle,0.17341556684706053,0.08945334505320897,210,0.6387240170270392,0.07762154978638383,210
LApredict,oracle,naive_kfold,oracle,0.20577862428413407,0.08140196175847896,210,0.6769837750508689,0.04531414656988317,210
ORB,AGSZZ,chronological_online,oracle,0.017680028786496958,0.09205303282453733,210,0.3625281593130216,0.16929823704333738,210
ORB,AGSZZ,chronological_online,self,0.06839321927693115,0.09919163529583715,210,0.39618561961619136,0.17254160754393538,210
ORB,AGSZZ,prequential_latency,oracle,0.011690510528322515,0.0983337718180468,210,0.47741869609345766,0.12346537257370035,210
ORB,AGSZZ,prequential_latency,self,0.06117405679665489,0.10358645886802935,210,0.5422261936460638,0.1224573050600545,210
ORB,BSZZ,chronological_online,oracle,0.0766589932726029,0.09302574583614036,210,0.46780177783957955,0.16649453836714964,210
ORB,BSZZ,chronological_online,self,0.16129049087267863,0.0918385301192728,210,0.520021402832638,0.11352959905660796,210
ORB,BSZZ,prequential_latency,oracle,0.056514094394679,0.09816491136759417,210,0.5342857409466515,0.13457772067491597,210
ORB,BSZZ,prequential_latency,self,0.11255702823556764,0.10478289117290544,210,0.5817562566139315,0.1015222080494797,210
ORB,LSZZ,chronological_online,oracle,0.008158284659015443,0.08850470831754047,210,0.27832294959583453,0.16665271294417286,210
ORB,LSZZ,chronological_online,self,0.06952307528338422,0.09817168039722196,210,0.3539630851734154,0.20505653526154957,210
ORB,LSZZ,prequential_latency,oracle,0.020898524559113847,0.10268297951433232,210,0.486902732886985,0.12179138028301122,210
ORB,LSZZ,prequential_latency,self,0.06817599940851721,0.07678007556444269,210,0.5872314342874891,0.13544595587207328,210
ORB,MASZZ,chronological_online,oracle,0.021645625419803756,0.08039915347329925,210,0.36425304941861936,0.18805310438421305,210
ORB,MASZZ,chronological_online,self,0.07169361179910096,0.10074049383533008,210,0.40400196086335677,0.17915428529120964,210
ORB,MASZZ,prequential_latency,oracle,-0.002972398866961887,0.10143029247315448,210,0.4547255045627305,0.12887699388436408,210
ORB,MASZZ,prequential_latency,self,0.06640292284473572,0.09757092712132696,210,0.538215553485134,0.13500374457883244,210
ORB,RASZZ,chronological_online,oracle,0.019348272287338594,0.06816201593252566,210,0.34234982583313284,0.1902424595715009,210
ORB,RASZZ,chronological_online,self,0.06733821048694909,0.0999606122708027,210,0.38995369345387837,0.19668249370298346,210
ORB,RASZZ,prequential_latency,oracle,0.019105880608764184,0.09383919749375616,210,0.4876033124750935,0.12053386765181655,210
ORB,RASZZ,prequential_latency,self,0.05586131055730284,0.09844025627303031,210,0.5423262426360215,0.11911464314993546,210
ORB,RSZZ,chronological_online,oracle,0.011413377864859072,0.10624685402145506,210,0.316623166884704,0.18074639735683434,210
ORB,RSZZ,chronological_online,self,0.034938236852298674,0.0801519356333587,210,0.3280174509840375,0.20175730357079474,210
ORB,RSZZ,prequential_latency,oracle,0.010509211717769,0.09590835803892771,210,0.4848657343096528,0.12140041133573823,210
ORB,RSZZ,prequential_latency,self,0.04744694597215597,0.06731109671201331,210,0.5474538720418193,0.08856796529065004,210
ORB,oracle,chronological_online,oracle,0.07771601051384991,0.12398384025993062,210,0.34581955812015835,0.22151774118003512,210
ORB,oracle,prequential_latency,oracle,0.06845157061127582,0.07806607268928399,210,0.5460258016186947,0.1066783955265238,210
