commit_id,label_AGSZZ
fb6ced7d5f43bb68196d27b7bcc614e625401e91,0
915d246d7cd63edf96b83b4f64b67a5eb338c473,0
063f03849360c9e84e4ed6d3f3050c2f467a24df,0
8da92378d7eb08c786836a1b69e38c56a1641d94,0
b248cfc839df32bde7686f413b2f2e2441f3c087,0
0cba7008ebb4a52f2f60f44505849b827f21e156,0
63c3bf5c99f64ff23ee90de25dc660e36c7adf9c,0
09471e05f941029232f5c6f764e2dd598663eec8,0
25b812b48b8150480c1999b77eda14d9e9a5e2d4,0
1833f760fb42cd4988ad8baff3b75b017f36fc3b,0
3b2d730b01e2c26a97a34c6b3d38524ce4b2bda5,0
0effd3fba78d2caf2942e77e20f3a9378fdd4cdb,0
57ddf99d0d49c13ca90246a483087ab9aec65478,0
cc5233d7c2a21613ff44823695a9c7672ebd4ef8,0
e658acac55697dd625b9744b4a85cbf5fdde17c2,0
b92c730b89e20f81225590ae47efa8461e0ff32a,0
21136d61445e116d032669666de55306f7f48d7d,0
901cb350e2760b893cd07d0eecbe1650ecf79400,0
a2db60191b0bfe509e964383fb1ea317dc9b8ad8,0
34f42fb0a7c407740beeedaff2395151f8776772,0
1fde1eaa2bf2f578f48888d01e3559fd058af964,0
773004e6e6dec599c3b873e8b9c1549a4dc18bea,0
3289c6d187fc8b62fca0d23b05725b307f9b2c45,0
6738f5ce6802bfc652a92945930ff0563a6c63a9,0
c6a4ba8384c4642f4f08f4230aa8eb12325a222a,0
d873259208b2c880007e77537f4275a03956182b,0
ca4a22216f1a31f2ad7662e6678346ff129658ec,0
01233c6320aee72b87e099cf1eca2da0ccca8ed2,0
6c831093688695bcaeae4c474c979bd6df3b4451,0
372b7780da80805e826a66bc1eb20d94a307444a,0
fe0e1f1ba73603b16dd0f6cfa1fe2824d6e31b32,0
aef74066d2ef9044f43d7e72954b201fc8126c23,0
22b0e406d9cd9935e3db06dda7bda63b7ec52035,0
0f6b2aceb9914f4863d89201cefa28cd5fa98fc8,0
f2a7affc45796ed4c10b55ab9e2aaf577115ec78,0
11bd9a3f64dfcb50c217be04d3a4655f0ce34ccb,0
a2b73085950c0d013c500116d32d9c30b887f79a,0
0a4723ded4ca9f205ac5496a2dd09439c5c7530f,0
43f95a0967a38fcd5f8d040bfb9ffb9eb9f0acad,0
954747e64a0c82298889107acb8cdf4e6cd6ea2c,0
3ae3275e34b69d923668d8bc01dfb04c4ffb981b,0
0736ffb2befa283300d3d1d935650abf9317cbb3,0
76281dd537bdd5fdf94954e6ff6eba3dac633f1b,0
64e2662137888b63a12c45d18020c8efe83d092e,0
b8cad9f1db4f0d4823c37c00b8a803d99878a0bd,0
f442fec575506585caa17d888779d042280b75ee,0
1584adfa2c9b650a926328b0a4266092e368e95c,0
dc40f2332971bbbc8340eae91316b6f812050027,0
32e4f231869be8abf0ec411c9b8f244257ff0382,0
ad0da05df8306a7fae4fdcc2246c901f160d4950,0
a8d2d46db06ab05068ae0dd81722d56b7564677c,0
39636b261f8dce2091b0bb2066f6be3603b1f689,0
1a5338571b30f5562778ff5292ba48fcb4b29bf1,0
640e6bc23f305c8f3fe46b836fc69f10e84fec04,0
94823642231b983de89aae440bb3e5ede790b842,0
802b671b107f05c7597df264c8255e1391c8eed3,0
cfcb45eddf50709487cbca183667d217a91ce5e1,0
ec49ffc41583e3a3da9e037a7004daa9b4a932c3,0
002cb342ad80d368baac15fbfa2cf82e7fb6502a,0
22d4e77ae233aaac88ed775918fa3aabb0843be3,0
92a7b0b8237f04dddfa073221fa2ada9e1de9040,0
0442092a4e65ca0f72a54590e72b4c3c40e176b5,0
4b0d3fcddb4b2575b132b0aedde0f1117666cb2a,0
d09875c2f39ba0f4fa26bdabd0589794745ceac1,0
1fef530976ff7ffca0ae58fbfe706f66f11121c4,0
83f2aeb54bc71c611d2be24adb82d9a521f02769,0
04c3db8869aa642df373e4e40515ddcb01d188e7,0
5c49f5fb7395dd5de2fad3ed164c0e5dc101f65c,0
3f63c2fe5ab080b04ab05cf478d731a1dbb28156,0
e1bd0ad7b6c355106c8a67cbeb5fe5ba832a0736,0
c9a29cb86d04ba5433f40068c66f1986d93cc84a,0
bc1859d32e1a75ae47542e92b3bef1d749804b59,0
1e4558b14356e6dd8ea25547fa43a8440a82d5be,0
a1434192424a7a92de2537b198ba55501d3fbe9b,0
54047e631904c8b9c955fc8cb0abb377fd38411c,0
a8fcdd433af4a24ac34733f1b31af9cd125aef5a,0
05ac5a83c1cff6de2a31d1fa131048c70a41699e,0
ddfda54162b6d5a412b30de8b075cda6ca1be732,0
52eeefd05d3be57b3ffc199fcac4667822e42053,0
c0f3a84f3569f47171144a76c2ddc87d042c54d6,0
2c7303da71615bc76ab2ea48ee8f9b25cb4bfc06,0
db118139b24b21a100022eb82070169125cc3466,0
26fa41f736a66fb0d6718ec035c98a356908b9a0,0
f3f59b080dd0c47130b77acaa1344e5335600f60,0
0ec87bbd466ed4268598d3a3c7eb5e98f759ff1e,0
61db5248cfe202e61700a2a14cc00fd554ddff57,0
08f9845f8dcc04fea543454b00da799bc00ff477,0
9d62321adb4c0cde49b4fbd8e52923b00ef0509d,0
10b867ebf6cb9d041b842c912b09014cb71835c0,0
2e83c65ef8504222087edaded13b82c89d0b2c1d,0
027e463be790c12802c00ed2f8a81033b6891a15,0
f92a044a5d7bf16a6554d5d2139fb59d50ce7c6e,0
8c9a34e4aba8dfb97bee8030312171027f99106c,0
7bda233df367054ce10d5b7991038c9031e6ca82,0
a631630c84615b71e8af450a268c35182d357129,0
812eb54ab6f12830cd71e2c6bfe8597cb48e4536,0
8a5b9be07f767cf838de5bc58589cdd49b32abbb,0
dba0b94153b38636567ec8baebd50b0165d5b23b,0
28f35471264c4d154767b8475a9deecd54fa5a34,0
0647cd18bce6412d0633034cc5fdec63f422a578,0
df2f76365dcc7bf76ca948d3b1a1e62a904cf89b,0
6ef335d6283103fdef5289e47573c25f0761553d,0
050fa90143272195773e2d699531f759ce3b6f66,0
c83fa0bcd42bf666388d7c5c7ce7cf255e3326b0,0
3fde54f1ae94ce686f60973fefc2de35f3b7fffa,0
95fbce5696bacfc815edd232ab9c9a61dd78748c,0
b1352cc52f1c6e8aed4ea174a3a782818b8db4b8,0
e52fc89fdd8f12afe327a983f5f1b2f4b2cd9453,0
7757763a6bb3cab5ee8505af5465ed22bb2c60f8,0
5b8b75f9643b3773cc3d729532c8a5150f26285b,0
721d131278831ade5f63a9b72c13f8755640c0f7,0
ba355d3996177def233d668774a518a789183b2e,0
9b2ab20998c644b0e1f925f7a35964635b9c5f73,0
734f79b0513816b386d3b94b5b471a37f71a2f8c,0
a5398259e06126017592bc23882556f5ca60d312,0
fe5bb96575764720f6b75a1d500b9ffba2573485,0
99ff14c1eab830eb9c90940846622c0b638b1400,0
df3b68b9f2e1de6a1b700c86ff41fd1fe11c2d6c,0
a70c390f07ca0b5b50ca42419719cf11ec45d573,0
b09fa7778ee8701f03367339e0fce6699b999f7b,0
8c8a86b656dad263f11a99a0b12ab7dec7dbfc82,0
54e1912f315f7c3556e823d02f901e52d4e306b3,0
c5982944d1d69edcff24eb3cd26d9dc349cdfdd6,0
8c950c35280ea33bd99b3831b48b85b8902e127a,0
8e051e781e11fa1cbf9f173b03ca71af8a816130,0
ba6233b5c8fed82d31961bca53785b6f144d874f,0
da839c5ff0afa08ceb5871c374626cb5d06566ec,0
77f6acf0260817ab831598f9dda12e09d2a6f6bd,0
41986efe396b779abe88fd3d888a5cbc6b85c901,0
ed0af1bcb0fea9bdf13a7cb60a199a84b4dd843d,0
9c7a50ee60142312770599eb1b2c56be2d9b1428,0
dc979b4573b2b1b11c05f7c378c3fd8e01c8bbd2,0
df283b2cbb093bd31f61ec90857099adfd26dad3,0
d1e9f9dfb1dd890ed3cc864aa1b48e6fe3484683,0
1622326e0485311b81504966e0c6b3fe1f9f3a66,0
2048b4ce47e3f53b7b9c28378cc8f914eab5b9b4,0
f372264811fccb49657b133e85ebf63c08ed01a4,0
1a0957ffcd8b0bbc040874c7ddd913b5aa7732a2,0
7ac818ba599221996b8563c6f0fbf8f5788f4e0b,0
7229f7a0f5263ef7a92532b565970887d0c1a47d,0
89fbf5ad9dcacfbd60ae53bff2e80e6967c7973f,0
e560fe00d28911c62099d59dcff11f4bea62c321,0
7fb4c60e02574e0a3c1e6abe6941f1607d9c5667,0
bccf7512b5dfc373d5b7d4f99ab8f0f202100acf,0
c52aef789a45e57ead3d1a815826d46fa38d6dcc,0
8f725a085c082db6d6a77b891e746b26e5dc7dfd,0
93a4dbbe758dd8185952dd5bf9237bf13038f154,0
497c7c6ceb727a6c416226c2fe0ab174979f4d63,0
569d33a8ad37056434b6fd2762bb52c969e49c59,0
fc02cffba922578a9d5f6676674bf5d6be91e83d,0
0ef75d7830650bd7f34dd1b0640db00e34317813,0
3e43ca79e35b977f2cd48476cb442c817e27e708,0
0131b0068720e798432f0f3cd9db35594f66e7ec,0
99dabb5c3c8caf59675d4986a22ee2f69ad67151,0
af43525cbf80711fe8ff5f56949cf3170bbbc457,0
2ed6b7abede56335360893bb75cefa77e305de58,0
d42a40a783044491fa8fe3558ae484048c99ae58,0
e4ee10d0751a2388a7553d535e30ad0a08761eb7,0
2efbc48d5d63fc87863698f0279e2ca02255fef0,0
c5bc77342d953503c0cf5546cade0bcffc02915c,0
38168645fc26c3257fee04975c9a05d6ddfaf771,0
8a33215c922fe279ffe02de611bec080b1c15838,0
384f3f5771ce29ea345bfb9f6854c2d1c2602019,0
57deb05fc906fb91b34c8c6d0a1f182a4e1020bf,0
ab91e804ed23b2912b97f9b21bef291f894ce60e,0
ff148cac3c8f7800e11291a2d3402b9ae87018b6,0
e86ce65987d93975e92df9c40744142c3cefccec,0
4e87ab649aedd932ae66eb0c22c0190091fd25c1,0
5530aa95e1a2392f6bb60c80fdc4fc447ab41dd7,0
32c0b5aac591f3dea1095695f6cdf61e1583c4ef,0
1c3d1662f5f7ac5ed6eb9caa65141a08b8278b4b,0
80889bf0435720440d1c3e3caa678dcabc222d89,0
4173a339ed731505f316ad06c6f07fc4d98da07f,0
c0857625c0eac9052785d7105108a0c98aa96325,0
aa814ce73f79138e1f6203784c2f1ade4334fb7a,0
d2902c4731bac13d0738ba6e06c16b22b16f221b,0
a4cd393a3d254dd2a624053a23d860fdec75e650,0
3fe6c07607886a0a8554860fceb5a4dc4e590716,0
c9fe3ecb3e7d995d1490585255abbf5b13ccf03c,0
fa778d28769bcfd049ca4ecf25aa3290125d0793,0
03e01046037f7299227feb2f24b27b0a48a4881f,0
943e83f85e026e0c529f9144fe23ae4bedca369d,0
bd7c2774e2cd3f3069d329be995f9e6cc6eeb4cf,0
87c1cf1d96b5bff2c5b3e279a2363ac521a7f7d2,0
8994724fb5ddd0ed4e5b03c81a82d4ed742740f3,0
091691e93c7a1201f88e9420794dcb77ff40d58d,0
7c752dc0e6a419df6b8dd0dcaae900dd76e35d6c,0
ecdd2e60a081ca0167e79d62aa1ae4ba0c9265e4,0
70cd4a01aa0b2c2028b96df17366f5c92f9eef51,0
395d70deca6bc5a8f39dba26ec4ff7d65f1f8f8b,0
0bfb5976381ecb3cc9d973e2959c77215a20f8e4,0
b65ee629f101fe9a76807a235c85d4a377e79bd7,0
403594834aa86706a94ce1dbbad75927aaed2157,0
2ef5245edbe5f78111d9cc69e91ae579a37decc8,0
732346a467e385a54636444be036a936182574ed,0
e65daa0f94eba175135f3aa356a01bd1f38d7fda,0
be285429fa30b4f1a9c5b433b33400ded2954915,0
eccb2a4d868c234cdc248bacb8179debdfb46a52,0
1e649d6baa9642b4d30431147376ba0873d2be3f,0
7664cb5bb0ce9fd58ba689c40873a1fc90d8db66,0
0238a06cd893bc0638636996b7b79be762278018,0
53448db31dabe29132321a79bc033d933b6181b4,0
43e3ab568d07bd80e1b5ebc3915fe96898af45b8,0
1b6e81b7cc5fe65936c56b025f0e6ba87324db0a,0
8365f4d37357f70c84b01efbac2523dd4ada7ea3,0
da7a32bfae41159c858cb9d06215fcf79d01be63,0
8f7b79a20f3510cea38754d656194cc9d021a0da,0
5626f3e7527fa3c435f390769a37907f4ba723b6,0
69564493685c70cc2b825f358e6be2d3f38c8964,0
37ee52efbde3aff773941eb40a00676496bd3b5c,0
2da1c6e00c18c7683023efeecc91d6fedab60574,0
26fd55b7d12af1aef00619431896902e3d3bd502,0
593f32da2742e7bb50437bd168c95c59826d0e7b,0
263016800982b741861035d7853d2bd6c39c25da,0
2c8809955d83ac6b247cdf1a976b6ecb181a95a8,0
e1b30de5f9897b52e748b0ade478b70b8f1a2368,0
3fc963821b51304e9f5c2f0a4bb0addb46ec12f1,0
157335dfd8bec982fd7b521098655fe5475bcf2b,0
ad1a20365e08be79dee3088483b607457ffa703d,0
8bb37a0084f01b8a05e65a9a77401db297e30444,0
e3d520dfa837e0c5869cf52cb09b4e6e920efb8f,0
90214796f2c0b6b7c995b5fdec53c4d94501e440,0
8c62471eab4a53b5fe27f3b02c6fa283b9acf5b2,0
0500fc49263a3233b31e20085a8d2cf97f5d43b4,0
959d6c54d7d1c58b896fbf9da96f0ee016d3482e,0
d8ef1278f07188f97a5217b54f45097a05e80c88,0
7046f24dede6448b1612f6ef211de363f88990d1,0
8f22063091d37eb1286b1c4b0b471ce0e50884a7,0
595d4859c214f0f77b51b5a319ed4e23f525f8b0,0
32b2ecdac5dd775251dc9223c3e88101bf957c74,0
c51c8ee8aabed8c0c2e689f4a9ed87c86a667771,0
c75f08f41a1e5456f0e3e73e4cb66ed95f4568ae,0
968b1394378838b37f90e9fc0725f55c3d7ed466,0
4864caf2fa639bc6e949b7e21b47c854dfe246da,0
c0501cf6975a4137be8a3fafacf8673f13975693,0
acaec5c986453ac5f15efda290b831cbe7aed4e9,0
da85fc4a008b6383936d8e53a713205fb75f22cb,0
814e126688334c14087840022b13b7610d42d21e,0
29d8abfd5ebae64326499939097b56b442f5cce6,0
61f5c7cfcfe61a0b6687aea8bc70281a32fcb506,0
7e95bca7fd6cd16a393157fb13db8fe3029141a3,0
2bef7a20a48ab5c164e94efa3b19dbb72b78adb4,0
648ddaa1f3308a2dbecfc1b099a4b5c0ecdb9e37,0
545a249abe3708d9add5e366430fbbdf70368f61,0
c2472678babafc4bc2db38305fc3d120375dcdd7,0
13c874b0c99061dde305e419422ae7804e0ec35d,0
8ec2a6474ad4323be73df8c36998b467f474077d,0
c5b89ea18e2ca19c7e0a8ee2530853413ddf4dad,0
44789877b746876add0079e12f117bed2c652959,0
9753257c34c82a36b3b6774684b5733087e20d16,0
a483f8c4924f188f87b1b2ff957527246b056454,0
1fd8afb040aaca3fb55451c3e387700b53c66baf,0
3444188f599f2a208287f2c0de452c550eb0f427,0
6f6d4f0081270e2e13b20f74b3d3f114e6c165fb,0
85a618cb2ecd546dba505a0511c3821d1780ebb6,0
369b353d3217250b8c07ba89acbfbd3462997e63,0
3911f053fb3ac072005fa3704d1c4ff6b41ddd50,0
1e2d9d2a1769dc040a3cb13553fcec4a182528ed,0
4a03ee2f727f923111039f2422f6f0c9556ad4cd,0
1c3ff1c08df5defbaa515f7ef081a91bd405c5a1,0
60b38fc76d8c5d45a49ee96c4f690c7c24216c40,0
49d29769d7cca762945eb47c4b567d7faefb2e87,0
c9002ada9df0c0dfe54f4cd47f462a415cc27135,0
9814da17f013b305e3b61b9fa94a09175544570b,0
3fe5ffcfe3755408f0758a0b05d0eb4215824a01,0
95abfa09aa0ea555a71c113c42ea0987a46c34ea,0
0215f990a9c1587bd021ea4bafdfef4856a242b8,0
3752e96eeb8424f1f0a73be3ca7fa13e415891ab,0
71e6e71e7bc359f756c8d992d19201dc6cb60db8,0
d6913429da9d6fcbea6fe05e2fb6cff77778122a,0
85b5b6acd2160c688e791c27ff0b9f2f2b82dc11,0
43cc272c996380aa89ab3ddcbd8d575e6f4e9e57,0
0700b3309d8f3af459611a9681d78e53dfe76340,0
76280b11894b3d706949f6a48bd9a8a9313d9b78,0
6576782467f27f574788d3280fdfbaf88cb82c97,0
6b1b0533535bf64e2675486be55813cbafc21b81,0
d07a09d3d059f82b4a7331c64864a3c1656546bf,0
67d2dd48cba16e7f70a1fbec78252f3093e14c3d,0
34705d2294a27838d5817ade3c47745309340154,0
fa1bfd22c8399160816f7cc54c61abedff71584c,0
42f9d84ec5aaa79c2183979126dbf9478d22fe24,0
35a6f40b4bfc2f04e0bd1f7f045569491d5fc54a,0
8fb0a4be07d127ce341718e882a7bbf7ec7605d6,0
3b9249c60b9c8e83ae564c591c757b2d9bd8163f,0
09832fc4373e9c6489028d02289119271eda5172,0
5d6146ff0bed082503dc9a350b407eb468eae99d,0
3a0bf9d8fb87ba5a59831571566c64846200a8ed,0
c275995a7a954711c01ff71d59d9a1f7eb648aea,0
adc67424d648295a287205e3c890566f9c32232c,0
dccca6172eeede413a6dfd9607c4cd7409eec994,0
94617a007c3317a890dce9d396b780ffe9c39143,0
9a60e8f3f614e35de9c8b6a6ccb4768fcd5e199f,0
e2e6d549d9019a09b910b05f1e40cba0cdbf65e8,0
b71d0f4a3bbb2f1617c6af04144f72aeea595ab3,0
8076652d028c078c823c30e1ae0f9263b17ded31,0
3e5d580b1a3cff526464a8ba000c16a6fc40f402,0
288cf37b71b0b96d22883a79dc7fc73bfbb2868d,0
dd5c8e89b5e34023aeeb0a7bb1bf3f4805359829,0
8c12c38a6846cf47cd7efe789b289f5bdb0ff708,0
a7e6fd22bded7382d356da418ed4470d8b2837d7,0
5445cab5156253988fcdf37a1604ef208cda5315,0
f97f213b8133849c7ba12a5ba6113de6fccfa3a8,0
b9dd43360f82b1d53f5804b05d148d91a56b281d,0
432cc91709a0c1f97e9b092dfd61f59e2d359299,0
d22f8908f1b22d2479cdde44859661b1d8847dfa,0
4833409647b7c9d450e448450dc6c7c8eafd3c6a,0
d443774e5ecbaeacf8c30d721c8743c62ed2203e,0
6ef1fc818271955b0bbb41da500c641339387960,0
aabbe988686540d2237ed268c820e36f58bc8f81,0
31112cb704a1889b7643c9dd6c8b05f56104b1fa,0
7e477a5fd42f986948181693a75ee8c7d2c8a8ed,0
797e4c2e194a6edf009eec6105567f255cc34785,0
ab188a27ed9ed0140b0de59e167083a3b0d8bd7f,0
ce1a282ea7ac64b148829c1e5784ca919049b55d,0
f259c97c41b142cfa60d90775ec4f0e45c94190d,0
153a33a6d304a924b8197c1285a9e5afba555771,0
d33025d3ad4810cf3217e9a743c1a192af7d0363,0
e050cc8dc175ddc1d4495d0d06a568e527036391,0
1df85ee604b559952020db3e3201a5208051ee42,0
1a3e5d60a7350413d4bd82c377f1d9a8abcda554,0
98abb0205757dda34b4f6213f94c2cf0f951cd1f,0
f55c57f333e4136071471bce17bc6bbe89dd5e22,0
195bf08997c4ce7ac16ce311fec646d7f14f8f9c,0
8e7a63254120f87c6b5161305c6af90b30d9ad3b,0
54f70837042015b4385c05472df3e3db4e367421,0
449a906ce369f5c255743db644a9791b4e5629f9,0
aa6b4b414b9c1cfa146c9003f9fbf57fa7083ece,0
45d146fe1e12b02f7723ccdb7a2445af99b2190c,0
5df9c0ff530b0dabcf1765809ce93f5d916bdeb2,0
9f6a00696d05143a6bc23d8d2780758c6264f905,0
3f44217aa3846f30b417d69b2d8fa9dd2b52c02b,0
2d983b1ac19e4ad84dcd0c3c9815162796b7814f,0
b103737349357e7bbae9737ba228834607badc44,0
bafbdd6fd473d0ddf178718062c441aa891e1a77,0
a6591591d449fd124d486250772575d6f4ed69f5,0
121a59a5c55c5a7b7eaabd2e5d56b4bc9e2648f6,0
39e868a984f7d1aefc425acda5558cd82f30d0de,0
cf0bfff67105412ea8615a423c4eb5dc417faae8,0
c16d9c80351dd5b8fa112c38fe0dab355d2942af,0
694b2a5981064fc980d09c610b76cd46ee350a25,0
72e8aa7fba40996987378af53a45aaeabf96ffe7,0
9fe1b41cdb1e50a10ae4dd3aeffbecaad521ca70,0
ba9d4ac3db6c456e442f3adc2db8c8ce5ca06991,0
6187181c4249ab567bed1206658917ea25b7587c,0
1a6e8eedd3f1cecf788d719b3d5434b674bf7979,0
e144b3815b272ec75ff5bbed25c221dc4b803606,0
84bc8ea9a8ec9e8b67b7ad944cd7688c673b2d97,0
b69b8fb8a22f5a0cf4744304bcb21321a348b662,0
4460ee10bb5ba9ad2799f0759abc02861a4c8b70,0
e936d76ed9af53896a21f001d47ae1cb7f600e8f,0
3cf467fa496a3f677e5b55f56e47dbd5e0542593,0
d8fdb61db3ab04aad1c3f11fcb4b37b33bdcce66,0
0d31d6e76be13620f8058dc0a8eea64516a26d71,0
81bbe4ed5094593cdc7c688c1c70be71ea8a60c1,0
d6b3bb7cd07d9de41510d54013354aa2043a930f,0
744113557964cf5adb6dbdabc1b2bab232637013,0
262cb340782c36cd48d5a92a396b55f0d1d60af1,0
29a2105c288695ecc31b349e62a6ebd43a04d15a,0
78e5ef48a1c6eadde1f2b9fd3d74c4328505141c,0
cc2373e152ed065ace4d5d0e0cb9839c74b6136a,0
bac647e013b4b05afc1b0c1a88113e374fdd6447,0
7465a4edcb8da66c352e4663b84ca3654be176b2,0
314206371cd5332b237e51a856c14fe9def752ea,0
c0257026d25593cf8043c0ac30f9b7d270252c58,0
63d91c4bee7dd214a021df425e4a8fe913a05195,0
776a1fd5c17fc4161a49ad2cf771b2c0cb679b48,0
6cff269e9e67455b2226236645923610272df183,0
bd52dad1da12308ee99b622a3402afa1fda8e73f,0
891e41e856cee4ec199165c3af29cdf00c06d754,0
61d6aadb4aa137eb10ecc02a23344023f442df2e,0
4f740ac073270fe647aebbb6226e963c5a3f460a,0
ecbfb937eedb76a553b320b02edc1e235aac5c07,0
d5d9158d3e883085d44717e7966a8eccdba5aaa5,0
88b24d50002df0ea09ea571cedf0448ae2190449,0
5fc527e5c6d0f5580abedd4bf45d758e2d34d33e,0
3062d8c565aba5038ea059c4d3a0903133d6447f,0
cfceb7ba3e398e94dbb28f9fea264f1cdb900c21,0
a375009788bf594c6052a4a6eecf002e4df0590e,0
12357d8f714801547a4312c6d056bf3020667409,0
64ec8ef9935ae9baa149120bf1fc46aa2b166a7e,0
eef63cb06749d68c477de9d7a7a6951c3c7ab296,0
ff874d1dce65a7093a88d75ca2e9755f0985c683,0
4aff9f546472c699db5c94802bf977692e24ac4c,0
c6c005f052f356e68cdb6c37a7b2db820cb08802,0
e2e9f27b82be41e40ad2ae3556c534ffe83f7730,0
27c4bb92b612780273b55befaf51f5d1a095aead,0
30a80524821fcc0362b64caed19bbafe5698c395,0
12b105b976cda2c209b099e5fecad66a2ebe5e48,0
826d24e1871ca6b089e3a265586deed2659ea091,0
5e23bdcfbac4fd97c7c4c586ea4d341f88a29897,0
2b43c30c9ed0537eed68387b95a4e11b27b68add,0
3308b2decee44b17640df11a41d7ee3e53c23fb0,0
ef5b90f993adf81b3af3a37e2eac880ae9be1c12,0
e36413bd401fa003f3e2bce7923b5c43bc2f16e5,0
af25ab027b4dc318f16c31bc83e2c3e12ac0ac4b,0
eb97df4eb15e5c2495533a175b3c44fec24a8dab,0
2b765af42510e5ba5fdbff2e81f248b6f545876d,0
92acf0527ea11b375bb4b4e9f8bc7ed96ddb8968,0
ad88f9bb549736e9e6ae1126a4da9f155cba6e9c,0
f34c882f4b69e2132564e4c9719b607281f824da,0
c4dc06581585257d815a5305dd593545ba24686d,0
4ba62e93d2e087a7f6a7a055edf51a35f8e5bc11,0
3041f9acda534ca90c3e7cbcc78444d9d0c6b1b1,0
8acb077c046c9b606fa8cd7e50730207ad6f6432,0
33b86598da624d75cb3540102dfa2d0bfac058fd,0
2bb7e846a0543ca0b5875631d8075c54f5850467,0
12fe2a347bfd8cdef81b1539a31dc9805719e3fb,0
99d24d35c4f05f560728c274c850de6e621f1668,0
66c368497098f49ee2e107a2146af45b45e7f0c6,0
3a102981a20f5887e9ebf9468510ab6234403a42,0
f2bc42bafde6ca99418336e813dd78b7b3c0b368,0
8d5805a0f5e54e0099e96150fc7c0fa8f1e9bb77,0
d99a3d95904e74bd8060f18d19e864fbcf809e29,0
1b53e19cfd4e1290d1528a515c1ce09d30daa33d,0
01ceb292d864245c8a6642a3d5048c76516e7068,0
86fc6fcfc65d0368e9947a8f88fc2f88eb1a6a10,0
235b78e6c8ed4c919347dce0d07227cf44b6d72b,0
5a47d85c560941bb507a6f55386ec81a07930325,0
e1e8604683fd8077f6b963b6e3fe7e037b7c6139,0
133eff0653460f62f2db5cda90ffcf92824ddced,0
d72ac6b591d7229001b5d82b9bce1f65e1c2cad9,0
2e840736e8d1b6bd1d3d47f88e0eaa66e2f4d9df,0
9a92331d8c7b6b222d73df07f8f5f915a070e5ff,0
c0b8637f173083792fb73f37c1594cf93034a768,0
e84086a67866cf8ff86554d9eac2e9df575c363f,0
7dbf3016c416070961a68c723b5bdc0dee46b0ee,0
1d726a0d70def6573b7191251c3388d25120ee32,0
39390f9e8582c4ce92f7860c6c9e072365d1a105,0
4561eaf3501bf3f329eec232a91bdf085d5ac214,0
edd1e1ed8507a904b438a5906a9ebc8f62e6e8a9,0
59b0a1ab696baa26bf3c916e540783a6061544fa,0
920fd314c1fccfb4daaaa210f4bd113c3f8504db,0
b2fe00f1d4159940575e44a304d1973a6f51e538,0
e11a680130e6ba0b4638aa8d524705136ac50fa1,0
9eba9996c10189fc17af5bc1fe6ef4d7b37b6daa,0
c12f4d2849504a27e34b7f7dfe1ebbe3ac4d3c40,0
6a790cf3300e4f2b524337d84de464928bd18c01,0
cd0f938098939a68deb0e85b650ce33f4c9b4d24,0
d434b2360d1fc9644b753a8dcec65b54ab532ad6,0
0a48d1ef2c572d4e14a0e44a8ff0a6a06dc2c5e4,0
7bb4f45b7aa8b8f73a9493892d4ae6afb54c8907,0
772d60e89b393c2389e5d5bb39476bcee67f6f99,0
4731bbe900853e2d1863f17aabdc34ad27673967,0
de432641760b9425b5536162cbea01fe40a4d495,0
9f8b9a186c3d4e7d0e2c49049ddd39c3f960d4a5,0
43c69eed419347f1f53fd088789bafea57c3154e,0
f3338a57379a4f61232302e8e28e37fff1804b1d,0
a629d363c2680682285512702cb1bc365c70d5ed,0
47958a1c27dea72c8debd6abcc330c9feb0999f5,0
6fcb38241557981cefd6aade17050d39e77ecebc,0
a21b575064bd8c999fe934390659e9c9081f3494,0
6050e69c76498d625db08e1f7efbc1661ff49725,0
4b72c76d99b5c54f32e09d54ccb3116e60f1e91c,0
fbf7a785c219ae16dcc9fc6e2705f489309c234d,0
08810d4a4db4d3b46f3b3912738c129bf5d47ef8,0
c4313d5c26281a92a6b894f00101db49e14fcf6a,0
e84249796c89c8fc2d138da5f6ccc9a325000ede,0
5058524590049d8624b387e91a67bad6ced561c8,0
84933eaf13bc95a050a3b192a8c12a8bc6d05585,0
b205e536bd44a6da7adf700719904482f922c2da,0
1f6608ed161092f0ded2958e2ad2a5be0a0512b4,0
d9be4d1c8be068124edf84acfc53f1a6ae7836b3,0
924b8cceb342c9003aca4dd3d8120e1a68deac38,0
69dc129d413b8b6db43f26e24b6e52d07cba32e0,0
a6bc2d3232b41c610e0c18dad84ed5acafd4adbe,0
c6521a4b284d9e258bdf3fc12b8466e3beb7da00,0
36dbbe85dec1fe49ae6b18939fa5895d2020a5cb,0
a4db26da626c1cc4695f3c33ca3150e97f9bb4d5,0
cd90fda05653982f96de11a0c29bbc46f31fe0ae,0
e4c2ae6f5d297e809659cbbf5db07fc0a065f908,0
92817ebab63d54a092c0d53fac61ae9c7acdbfd7,0
5118232b7fc46526db86033f3d54b71bf9d9f029,0
6f11971a38d318428d9aad0c7285ba9c90998b5e,0
f3bc674e3abc4fdbed332c0a7f21fa31f61b05b1,0
e9a763879836ba93b514e9a2236e5ec0a3ca1d0f,0
4d7101b0ffc0f5262ed8af7760ab7925391641ac,0
6faede0521247bfa8b2e3e65de46031df76cc5df,0
88ca43e2c46161c529af28adcb1de5775f9a56ae,0
358860c7dbca06553a0ad3196d854eed7eee75db,0
05def29007f8a3896e04b595f3d1f6c1db42c39e,0
e100d7bfcfea24bdd7894912193541101fd393b0,0
5a28df9527c3d62c64aed0fcd86bfde3da7f9b63,0
c3ea08f5a48c4a8937e3ca9a73dfd48db973324b,0
b5fdc415db81ca8c39d69fbd94bba7e4b88513a0,0
8aca06bbc2b9e5685ababfea9005660c664cf4ff,0
2ab7e282c68f81dc1d0472e9c51e44adc19ea759,0
6dd3a1746df1020082d0fde9fbf2d05816e75439,0
7cd88676021dfab0fc780981ddb964500cc57f12,0
70220d8126d30c624f588c5a11f852a11179bf14,0
8140d2bb7baf9efad623b64932ab7d697007dc08,0
7ddebc37c6c7d834e9384695a21b9049393d64f9,0
661a04b17287b971b4db02e627fd6ce31c60c336,0
a7b93794ebbac1f667717d45f2f679b1f23f650e,0
23249c2dc70b4658a5865815702e1911be690082,0
75ac79cf54894c92092adb4ff2c04d9b49bf2b9b,0
648628ef9aa7960ca1abcf49744b9478d1e852eb,0
ac722966dd55525457fb95d066960b0ebfbc934a,0
0720f427defe55b4138d82de3e131d738efc0167,0
5396f612e6feaa879697e6eea171ce6a5ed59a9c,0
38897099b257b4959fa5f0e8217c54230e41435d,0
1b0d65f781aad52187a236ba060bd09f681d2082,0
6ca3ff0b0a75e2e0e6a8737a9ae06b1b90ceaa29,0
74055c0049887991d28bb7ebb450e3cb714223c8,0
801d53cb3680d5e276966b52a8fd5e237f58d7e6,0
772c468c380368e74efc811025daf0210ef6f99e,0
502c019096a3f2856adc65176df220deebce867b,0
f3e3393a7cd35fd22c7bf5e9080cc7fe9662d4f9,0
3d479935a4878784d9635c9893107562708c3e2e,0
48626cf6b46236d16eb161e90701a1026a80a6eb,0
b4d8674368ce1f998a7446914aebc968f8eb302c,0
1d8c96f20cf6cf35fdf271586a8efa169bd1d25f,0
712b122301b9f16965ba2b3c0de02016b3b295e2,0
84d1dd1baedcaed93d689caaf07ec6411dce32da,0
9e3bfc0fcda11ffeebb475b092ff0dbe5263ecc2,0
c8f359ee9e99cdae90883b2e1173191bb04353aa,0
ac0dbe5fb85a71900282d869e6734fd8f9e94d54,0
a801eb0cc9af9875e98bda2564e505215fb0cf93,0
59d1906b25339c7bd433c73f3a03b3bb19ea6bdb,0
287e9d0268d71606d2ca3bced1e61c26e19897ee,0
04979039a8dc088dfdff9e5e35f058dc3bfca1d5,0
3cc2247ae21730a608ca30af851b143c0d250fdc,0
bc813e19c6e886363ee933d91cbdd7af6473e969,0
320f977cbd1693f86294e5e4bb2e73235ca57679,0
0577604037ea2a83a6dcec96380b9d663117564f,0
1f20a77f3cbbc73bf4765f28780a2203c5f4fc4e,0
2852d81710942a51b927aca92007414875ce71ac,0
c642f7a4f5e33ebe2f69c600f31e21e60d44eff1,0
4940cce785af59c40edaf1f7e5da8e0a51ba7562,0
fad82bb7d329be5b7b7533b04ea7a0f5444b0398,0
85ae7e35d43eee3489b85dda36ec25bb10fe727c,0
408918520d608abd5f5a8dd014b7ab6a91827e02,0
49b9846c4dd4820047fa9c805ceb520f157aa381,0
3ae03f5f03546452e87c37ff2b4dd8a12c0155de,0
3a436e57188efb06b8e0b9ad1f202f11dba25469,0
aa0c50a6a003e8bac4dc7ff58d6010467454b51b,0
8bec6d70b9341b1b215fbc971843327deedb75a9,0
4f3638907023e60dbd283f5e67cfb1e29db231a2,0
36d553ed8cbda9d04173976945cbdb793f94bc5a,0
26489baf8ef798a618493ad9b7033293af60054e,0
32ae05c5fd388982d22388b4f7410c4a0a866165,0
6470ef035f9c6dd4c38fd1f2ed867f116c473688,0
1a5fd5c020b73e47a15cab91631d7045927a0ac7,0
e434ba5ac6fe64709829c227f9956e417eccf064,0
1a487d62420b39affff6e7e795fd4afb6e7a8b37,0
a093a76ae37baba4ddb4d02ff053c7a34dd06250,0
809bdfa9d5d9620b4a3e3c7f2180ee08d9631503,0
ee0915fa725dedd713c8dbb9a0e582e373f04149,0
f816c8a73b09f77bb1383795e960967798ff94a7,0
f02c4db824aca2c2cca17ec1662bd03ba3fe1879,0
871267d7b957b5f84a4e4989f203e1b1a54b9fc2,0
38b0a8d2dacd8ea8e7f443e338ff3268bf1e7489,0
2aad2207ca7bc72206d383e01a1750eeeacb1525,0
a0f501d9306051fdc55ce4f4c7444dcc813b5b1d,0
d82f3df28fb8aa0a8755623351a54cda9e0545af,0
48ad5ce973bb89cca3473f6a0684d3359399057a,0
21f8f3ac6610707ddd9a014d1bc77cd602605f83,0
4a25d36906ac947fdb3765a8a457584453905bea,0
98539c755ab546a248b1197716408b80c272eb21,0
01236bf8a35af76aafa300d24224231e71531489,0
4e4f88954c0073deed9edbec31ceee43dfb1e01b,0
32dba957204de46a7829eaeed4ee9f0a104d2375,0
77de6d55c499def56e92ee055ca4548c221bda58,0
81091048d38de333d821527b8d28d2ed45c1ecb9,0
bb765b69a2fbfd3783e9d82336512e39f8d65454,0
e05895ca969f6b1f68d402ea30ff534dda60fcc8,0
4c0490f82c6096aded9f2bf4fd4a60fbde960631,0
5cb8a95496aca1a9e2aab8d263f37757195bdb4d,0
176bb9493594997fb6fac0be7ceeb4319cc74509,0
2f3fa08002b5d4ddd67fd460b48183106f969bc8,0
b10c66c2e6e9705e7dbf17a2a0e4d05505e600c6,0
e062f941f3f2f278340b1e8ae6464b4e4a1e31d1,0
35eeebcdc97cff909744069c7a4bfcbb9113a5f1,0
0de4bdd80024a75848c8e1aebec43b0c4d82fc88,0
7be7fe83cc52b650d3a78ed9f7e6ada3bef91001,0
2cb9cea3d58505c6c8f7ad06b711727a98ea8a8f,0
115e3a10773c6fb297f887d1b3d0b1e9bce01425,0
6e9ffd9db46dd3ab6e4424a437dceeb410dbcc3f,0
036ab1528898be51f2e671acdc0d25c405fb1f19,0
8c3497606528315e757ad8221ebe97f900cd4071,0
5d322a8af34fd77e347ab10de0aca4598771ad18,0
0590790bbd8b1ecde16d5216f93012d86d6bcc8c,0
bd6b12dbfa7dcba05d677b51700e72449ac4561f,0
67cd08602efa5d08f69ded14917673cda09ca80b,0
21acca5c75ed49542b00e3622e535b90f95ea7ee,0
8e101aa1b643c31059ad7fc0ace4050794e1ee5e,0
f84ddaaf97907e6d58f9c7b4f46915bf06ee05a4,0
bc8e2509672288c876a9e67957a33ba7a4ed4475,0
8d548c907a699ad0262d86c86ff1a564f8479d41,0
8c637f70c56981bd3d38c86ca5680450b72104fd,0
d2bd7266ad46bd2865d91be87410a886e0edc126,0
0682649642e6e11ae308d908d8e107e1b8fbf0cd,0
7816c879bf3477471d0c98c9bd4c8b1d21fecdbc,0
fd53a3c6824b68d26693e91725b2d8b2867ad2b2,0
d56e8bdaa396e26bdc1e2afa1ffdc894a57bc70b,0
21b592c483b4554ee391fee70c19d86d24edc8a0,0
eaf1d396946d71d9c6f26a16eaedbe3d9bd257fa,0
ef8a2f9d41305c8130af58fb9c413156b6693b64,0
5b15f54abbe70c6056d7a0d5f0379ba87cc62ce4,0
31198e00e703c4eb9effa0caf0b424bb972840f9,0
17a43ca14661055fcb431b2c67e2d6b7b13bb8b7,0
e3278bcc32ecadb3be830b647c17a9db0f277294,0
7bfbd8697552e8f4d482e32d967b97cedb3d1f0e,0
e037803fee4de88c89ca4269e19cc13c941dae56,0
32b82d95f978890ed0ae3d542c6a43938a470c1b,0
65298bd6691af0607e9b84d3ec6dfb9fb7b07e38,0
ab2369319f776c56ee8dbd7a61665b1d44cd2f04,0
a0c919389e9f42420ae35216ec290c8c5be44478,0
fa06eef1a6f5dcd647340a8d5c0e612798a40170,0
99e2aa9ad0b14ee51d4414f5c2a96e5645c2bfd5,0
6d8bd033e12bdc1fca62629ddc7ac45ccb671ade,0
db26a2c2e24e698458cb515d9029fc6f1a729699,0
072f10cbaa628bf451342f45a12794ceebfa9b5d,0
6d17c036356b189ec9a5441fddda776fd8970e10,0
95b2b096ea3863b1b262bb0433d0b00bbf854dbf,0
dbcefc51de456734a8600495cf7c183d7d87c515,0
61f9cb2657589562d3438ba1c1c2472e2b0f1da2,0
a1f298d49a25ace513cdd7af303f0b73125faf3b,0
5ff5f837a97fa2d8549fcc6a0ee70b3e1ac77aa7,0
0760c06c226badbd8d5a77668786b945059675b3,0
a2a577cff4e6584a0e6e2c0c3c63099a88228f33,0
5109e19717760846937d7805f2a41b57abdb274e,0
a608779075291a332eef1ed8b5a6f1eac5db8f01,0
d51769ecf98d444174234158f10dbf19aeda6e02,0
1ccfb7e016aa9600a57295b47be3bf358f598f81,0
cd34e0a434da826990c633dea0af30270887d89a,0
a9380e0283173f0a98fcb15cc4c91d72bbfd761a,0
f5331e70db64f8aa0764645760f7ec99ed87448c,0
f883876206152de3266b8a6041b23265a58e1357,0
9f4a82f5d20f3ae710bbc0063cd982b1eec5e1ed,0
b7e8d576540c31505f75a6ef71f58986c8be2346,0
8999866a88ef52e149c4384dfaea614a1f51a5b4,0
a24b24e0714832593d99d51b5f732dd696ac2ce2,0
0b12d5c6382797b782a9afbc4d361e66f2b00a80,0
f29ede3012c906c750480b9ed01c05b49ac3ca23,0
b65a4e8c30d662ed5801353ef3427067746e672f,0
a6bf102ff591e7606274ba0a5aa997db4eb87ebd,0
a755404d09b940801b13727834b5dd51cf006401,0
dcf37939a9f80055c135a4e7aadfa6b23f93d21a,0
bfcee7701235319aeaec63c8777a3c6a454edff7,0
8e12a9b13c442246bbac3ce1e83fdd20421ce0bd,0
ff5fe247a67e1ca3619c7a1be65a712e131f9bbf,0
9d7d391b72789db95c3ed5fdd9d5ed68aa0484c0,0
0046bd2f0d20be3f38b976756deb8f9b776e6dd2,0
9768def9f3b5c4aa87ad870dbbcae7143118d321,0
9536daca43eacd33be4ae8cfcf3521669cf88a7f,0
9327492ac253836011dbf22e00bc64c53f721715,0
0061374cc2580f6e72c070badce941f9ea780073,0
3a71f005c29ce157030bf8bf5edbb5d1172678ee,0
fbef9a5495ff018771df785392225caef244bf43,0
739c5b9c3509c09baf3f111f4da1edc188fe419f,0
61d6a8978e1de26b655c0b5a4e6e6546b2fb1dfb,0
904187f555d305e817f1414bf30dcc940caf619a,0
da5a498f8787232036e52a331a749503dfa32f13,0
d828eb61af527a372e39d31aa1afae9473ed4165,0
af56747ef06a5cbc2b91eebc1a7883f48b26aeb4,0
3b13b5f54dc779dac9c2fc171f7e757b7c024bbc,0
216688397ff79e30c383c9463f1c934630f1afed,0
7fc2558a1a71d100eb2ef61000d88b60cc850d07,0
cfaf0b42f23267da0090c84e2671e3c84a040f85,0
bc94ec355c9463121f00290610ba0236fa9f0323,0
26e52d16ea3964ced2b3dbe5525885f8734e0a97,0
aa605ee67391b7bab60c90e28177ab3498e24c72,0
7409f87b34e102e5c95975f0c4c0a78acf95556e,0
0ac4fae90f067bc8f289df51e5d36dd0a9473f9e,0
077c765f090854902597ca17d2d0c033d88c63f3,0
50efcb55cdbc22b4e63e422578039f8cfee46641,0
072f90c101bfbd796250bb6826da270875e20c28,0
35036a64d9a0abdb7983c5f51c87ffaf733cda40,0
ba64a21b15311e4d1872011f80e34d833376a1b0,0
c907e03e8a9980cabce234a5a6ae6e5cd8732ea9,0
f10283dfc5cfeb8b5e3733addf5a0fe778b9a818,0
14835afabddae398207e70a193d3845e6761575c,0
a4d1f94ca9931faa6a59591dd62077758605df16,0
585c37594c285b34f7fa65e63e8603c3e6ee1e72,0
e6ef8ce4d9858ad9636e4378c056fa3b39333697,0
6b1a39907806a61eba5e064e2ac6f3ee2808de3f,0
e343d1a5b52e9ccfffd720327b90123a48e87509,0
62c9e9e2e7a35213c878c192bd8669dece9fd35e,0
77ca1fabd2c64855dc1fcf7132c8697c20f4da0f,0
a229ff542f6107bedc5056948caa9a1a93fea38d,0
b2b43730975fd59bec7a3735662f248d6d2ec8e4,0
2f2d536ea0cd99c6ba3810f411551dd4016cd7ac,0
27f9fd6225fd3e1d3ee8b0635d87fb30d7e83c31,0
eef849924ba756340f5d268f1a2d0c219a90eccf,0
071b2591a21b1377ef0c992527c8f301105c4d15,0
09bf96f8561db65280b62d8635499af72ece85a0,0
2ee7be458e8728d9a3dba98b1948171fefaea308,0
af2e59af8825f5041a587bc5c8626ac12e4b1d53,0
f724141e0ecdae87e70b9d9b42e63669e4143962,0
3e0944091cb6452b6d6fcf4ada86d385f91cab44,0
accb9e7e591c3135134dda29e4e3dbc951e0e66d,0
ef59690cedecfeccdeea4e2763d93506163fe7ad,0
4618b86c1e512da07b5cdc560bf0eb541ee3d786,0
f13e57cd973786f04fd90973e35c82340a9ffcf3,0
eed6297165cbad1b9e174a3e67ecbf4ba91b2860,0
fa75dd8cf120902f236e54e995314ff8b5d24ab1,0
92b22f4b6c7ca893c8807d7acbd83a6b3933a47e,0
fdaf02fcf2d23af36a31c46c0dee628866429e0b,0
fcbf285916ac2bd7c53131af9fff75645440f53c,0
327d71825f41f9b14f4de2346b0e207a3a89292b,0
6f78380ae643f5e809d2f8bd543707ff6fd03cfd,0
7645d408c44bbf21d05e19b0c909b3c08bda2493,0
07c753f6e190cff94ee34337823a71a167f50884,0
70ce7367df13c67bbb3e73090eabcaeae921d9d6,0
b532c14f792359d56d4a1153a592b38c75a5f176,0
2831665a4d62d6ee6cafaed1a24975d5cd03e40f,0
ef2f7b0485f3f862afad90c33ff0ad3fa7f09883,0
cb5e887724113824bf679262e564bfc609b4859c,0
62a56afe3e6a5954672c450c175a4a46df725ff5,0
0ae0f9f29ec4be22dc40e07e6dd0eba0b5f83d0a,0
2c77047279478c83c96128db57eda52e2998ddcf,0
ec40c83aa83f76e745d7e0f86492d0212b71fc04,0
c24d1fd5bfa45c8c1a48c4c1c9e3201f9a3202cf,0
7303666f8871b170d04560e49dda23f9db018410,0
021e57738a2a78970a33c847955d9dea728ab55a,0
fbe71b2fd9c504dd4c594757078b940b4bac258d,0
da2159fffd8489d2fb25e925aa5893639f86b23c,0
f1fb7be455f57afe8467e02391a208237527a0da,0
1659f036434dbab46a6e457a999ca5994b69354c,0
b82763934126b7aad85deb68a79f4ce466ce3e59,0
ef58837127708cfdccdcb7f0d0fb98866fadd94b,0
ed69d88b0c23fe0181f05c31702ef84917e37629,0
676b14c81e164a2dd0203ff9a7165f26e0ddf6b8,0
6de50e8e5930821eff8b8a549be45c85c6c9f5f0,0
75cbb536837510eda63614500b24430ffb0dfc5d,0
615ea7aa791d5a56ca8ac6038f08d7d4b91bbfc6,0
b74701fbde6e2500eb481db3327c3f0e81a49b06,0
bc4d80360b49b53ab24e48741223633232d556d2,0
27b1d0e06862303831217214236e5259b014aeaa,0
053c5db20a9ac9436f466ac6b7284c0ea062ea15,0
d01bad77185f45f772a90c36784386c05ab5a908,0
b7fadbd7299bd8e34ff834c37268da2750e4c931,0
4d19e0054a11021d56461221d9189fe5ee027780,0
f8459444f447341a1fb7cffa38f46f0217f89b1b,0
6c44b05717a80850eba4bdd99d83dc4e72be3ee1,0
11b07de85944e52bb490b176ce18dc4a9bf84170,0
f7352c568195294e2aa3ffe7af209946799ba226,0
d1464433b013628ff79e85b1e743b5dd36dec421,0
3d61792e875f4278db017c4ce8c972983ddcfd9a,0
ff4069c1cc2d5c945c609044cb08ec01a5772b8c,0
04864c15afb004ae59f9e4d9b0849b4576b13871,0
48a9b9a1148e06247a92f30d79cfc65bb99cced3,0
980d3f0bae799d61842fa8df1c0494cf64d7246f,0
e9509af3bcb0b08d177a4ec5b24be3c75e0f7d29,0
f7c68d2b3e771f7e88644a7172ed31b20388d695,0
322cc4a4699cd3518644430d64e6ca42cd4d81ca,0
c77f948bb0593e77874e6a88bf7b5abe01da0ab3,0
a4ff2fdd7d6bf263412ee245c41be4b1cd81b773,0
9d3ae73ee5e07cebf58d0f3510dda613f52f6a23,0
acfdcedb90810d438350602b6e70b8f48f18969e,0
891dd15559f76dc8a9b734a7fa283dea0404052f,0
c910d880d66aa4a3de76a933e9e89efbe7dbc5d8,0
63748ef05ab01472c93d06efb04c2b0b8b555ca2,0
e5e306673f9534832b4392fec27b2c3ff055e875,0
ad4fcfc721e537926898bfa48ca4e1825952ce29,0
e5e7d87e58befabf217697181b8349e7c6b5e036,0
ac1e0c6309fe8c6df7652344968779168fb289b0,0
dea3de347564378e7c0edc1fa32fbf60c70d887b,0
202a0e37215e475ea4ca4fbb4ed66972de3bb93d,0
7a4b2eceea78bbfddd69d96e4a864d8c0e700a01,0
09934b60e6e84cb498e2f1d1e31d3453968e2f3f,0
1b0a0d0217ae894e77716f17e7412103034ee51b,0
a5c692cfea5d4398cc112d62b9e7615925e78267,0
52ae323629215a76d7dae822899b37314afd102a,0
b8980d1bb19b17043ac17d0ac6ceb59add783ceb,0
e57a4e114b49097b52b2736d98853a725b11fc4a,0
a5a47cce7d2ce70d0d828b4eac42c2cca3d832ff,0
a54957eeadbc060d79b5d82789ba054d70f89d2e,0
208531ef25d9afd7bd8564739b70ea5dd5634275,0
c43268812f02ebb74c22ff204983c0c32897d701,0
71eec997bbaec005149f3c581513281300b83273,0
7708325cd0c5ca4cf0ca6328a98667a7eca6e26f,0
ac402122f5eafa0d14dc9d2610a4e84d117f16e3,0
47406c4a0b9d4a169f08dafb80c24e4b6540f7d8,0
54dff9eec4f945428526680bfe02ee839207e8ed,0
fbcabee10c68bea23176d919e38c7660702f4106,0
6bb5494ea287537d6ef3a2520f7cb0a7d5164e1e,0
bf72a3d40a9439317dd185da261ba99afd065859,0
92f92e111c71bf1949b331c1544fafee715cfd68,0
4d97123703f059f6457a0c63de18289e094bdd5b,0
dabcffc2f9b4c71e461b33bed82d023abd38923c,0
7a2d3594ec641cde5b51767a9dc1b524c6d4988a,0
3f0664d4820e8e5f4adf1f0625343ce94345cd70,0
07d5b446f2e8eb023c0ecf7fcb17e21861fcc3b7,0
1422c2ed455407954c1b789609e99a478153dd5b,0
6ba9b9935e541f53c660c80c8dbc94e03a9ab866,0
51105eba98a118b6e4c7e7993977262973d9d6cf,0
65b54e6bb5b0bb0ab1f9a67dd72e8b1b1de91282,0
0aeac67a1f90b979ac6cde593293b4ceaa2e9abf,0
5c6eca63b1ae7c560ad2653653b78d6c5ed6ab9b,0
98bbf68318edfb89dd82c64150089c22654d30ad,0
b8150ef2da0445b5e50052b0a285b40ef15bf6bc,0
9b94352e87db43307a1b4c9fd33fd37cbbe2961f,0
0d1f5791f1dd41cf3971521a8ad1fc4f4b256f08,0
b956e37f338f83fe61221b21851193e522a520c2,0
f05f616ad8a0865698e1d07f9d21404f579b90e0,0
9a354e69822cafb3d8a9e3910195ac5a4a17295a,0
b30f0b09e7598108fa2d37559fbaa5f2bf395c9c,0
f714919f0914e55afe4cb636d179a8a4c4a670ae,0
f97fa48dea9de0fe3fc30907cbe6377ae4b240a6,0
54204868d34208e0b02843bcf476123534841c68,0
771026480fae0efc97c988ab4a8da1b18acdde93,0
9d1a88fccfd01384d0adca91a41b6555ba797150,0
9e1c3adbfd194c9d5d7d169897ee52dc30aa0d69,0
2be9716292b2fb64ef476bb4d739e0d8040e5bae,0
fdeb98f44a00f92244c4c50dc8a6246309dc9a23,0
20820ddb92a0d3fc5be8dcbde28fdb1f39405eab,0
f021bcadb97ed02fef655818677f86bf890a2097,0
67e1662c7c466b84c250cc37f4e0f97ee9d9feb4,0
f0747b2ed13e55e882a4c0c6e92606fc578a70de,0
bf97c74631f22914160ab352059a2c216a99b8a0,0
ff94751cc58f5555e6ebab0f06f393f82c73e883,0
fcab9a1ff650845ea681aadb1f2d196b2a6b5ca5,0
2c58a31d3a6462abaf4a845fe9f23285f34aa336,0
c1abecb095e19530c65c23ef6d4b59f8ee5cb880,0
92b9d6644321908117f76a2a94ed520c5ec12667,0
eb9d94d59f27a16a1d86373bc95a3f6b4e88c73a,0
b5da9bc26f88ac0f8d563a69b035335c800b7160,0
4ab4f3b92cdc1dbab67fe4780edcb82d85b3eee0,0
c46477c4cb5319a5c41f74e8eb3786bbc05ba8db,0
a080c5255ffadb3cb5cfce83ca740808469c3c9f,0
7983f99616391e612a00e35c362fe8e947f4f511,0
840c99860e38fe4bcf9c1edecdde950471c10094,0
c1bdb1d3f04ec5995b178eb2992a46ec06eeccf2,0
7864076fe57a2b38ef5f3e98aeb1d6b5ce723044,0
27fa028dff1e319677073addb792ad20566cfe1a,0
c79f37ade5a191e64dd320f05ff26230f49b615f,0
321c336715d289d8f78174b9b5d77605dc050052,0
dd6302e0613921032c71469cbd5adc92b25d565f,0
f56b901454369dc375e3f88d7f0305ff8a1d84ff,0
3252833d0fe4e291204c0b65a6729327c3bb6c65,0
03b395ba739b9ea0299ad8b58e0b475ba50fe7ad,0
595796b5441e8bb1c872ebf275e1e1c5d090df3e,0
2620336ebd3d4f8574fd6139ee179e86ab5be10c,0
dec5e9eb175ab2ca27b50546413be4d051459e6b,0
0ad03fcd2e5183926cec26d68ac655bc6c927727,0
b0d49dc8e2f8bcf7c6ac16ac36bbae0ac16c962a,0
c95cfe32d3183d6376046737756fa0cb7bff6e0c,0
96d4aa3ac463087ffb56be9f6ee10d37f44f4165,0
fc7ca90811c909461a66f47a700b828e2223a9fa,0
b69c5affeb788f02b439120f57331dc147f643d6,0
3a7001cb86e083b11524bfd1623203f4f8705f83,0
44c5d597bd98c41d2df0f977e2046d0ae104f349,0
102a0a5105d8e9efbf4e01a918a58d1db4bbafe2,0
0d635921b5fbda072ca26291f7e35f2fb01053d7,0
d7aa4eb5db3711a879d94acfeda59897557081da,0
248c0493e2eb1eef09ddfbefec50b6c5b30d3353,0
1140b4cd65b15f2f4502dbcfe17665aeeecd4e15,0
0dbbd2a0266ad7034d23e5ad0db6a3f321438072,0
7e812bd4d1f67950f036b4b18e902b37fad62ede,0
d32571372014f04ec07f5aa744b12d8383c35d10,0
edd1f7ab13b2d6f4521df8c9a481bf808f8a2489,0
1f1dda94a7abc141265f059103c8ed7a94070220,0
857a95675ed3eb06b5054eea3aac97de8b1f057d,0
c0a18f170ed8f13d7183c5fb065ca9a7d08b6db3,0
5fbc4dc1d8a9b1399009f3634297d62729cb522f,0
87093992e5363f94f0bbdec78ef71fc92d390db8,0
fcfca107a4c50c70d22f83daf7a101f583dd7de0,0
369069cfe234a8c7b38edbaf5081436dba9f3423,0
f99e126beb0025e8c0c8c1dc6581d0e48f8d6a61,0
d789e3be251b04f8fefb6d3ccf71fffd32b69715,0
03eb5a3a4d0ea1018645523ad83bb52165a95d72,0
97c0b326a93d495bd8820cf6774114410a005e9a,0
12080d25841434aaebb7ba1218dfc2a9ac0935d7,0
fb8aff42cd67fd7f281fc33008ab0619ff7506f9,0
569cd0d5c5086fa5b10d76b02afb4787da391c19,0
075eb2802e04cf979b3d8ff31ea1e2065eb6eb0b,0
4fd5064cf3a1b8b26d959576f60da7d3cbd911c8,0
445c915fce426690aa3d045926979b69c4216a33,0
343dbfe671f8c486e3b292ee879a9dc89631f4c5,0
8951b3349109d3cd4e5849783e9bcf1321a65de7,0
487e711ccd3c4483600579359b4e014baacd898c,0
39538a6c86535fad530530d433e6daa37260d78b,0
275b45061f6a1a17b7fe44318f0ee5fb1855298f,0
92d8365bf957c1f27c7d0eb1f901656798bb9b4d,0
89cfea0034aa69a47746619a39f0324f5659313a,0
4f72d673b9d2f36538938daa01370867f5c72f6c,0
235afcf620a59e24d3d402f5c2352f5f00ce2026,0
aa544687d18148d086d7ccc91d57e4e1b4b112a0,0
13bccf05b297cd86308db76e20064435fb3fdbb9,0
6cd75645a009f3dfee66dcdd34f6386214219b1d,0
e5b60bc8fe1dbcac696506d477483eb72173ea2f,0
83daafb0f89108125fcadd3ef134527c12f6ed6d,0
999d377061d4af2b80afb1cf2f04c8ce7b8ff82e,0
66466386b2ade298930f4e1acf7ec671d795a24f,0
87d460921e7f3f6a28fe43c919f7131a82e74a33,0
4f8004abdd2650f3b0bbd42b6e7d89e0b5edc336,0
70d36670b695b57499cf4f90f20be3d19671e67a,0
3aa5578a6ed506e06714966b7a62642aa5c1da1e,0
8f53432d8d2662aad768033b6accfb536d4fe37b,0
665750dc10c73e53e91a2ba363f166a55f4663b6,0
4aec9f87eff4c10b591c9d938e502ef05e822c1c,0
cb6ccbafe9dd14439d3257ba822bf3b3fcf88aba,0
4b90017f475751957644ca91bc31a95a7cc76a41,0
6d932e75c5ebc45b4a4597f2b03b80ad02978d7b,0
3f44c2c03c72d075c27bc8adc1bbac34515da749,0
c17c1372fe6fb15e04111040ff776fa9ce268d20,0
8efa688c13efdbff3830c0034cd8471e1c4f92ee,0
0ff53083784b9da02da1586e1d7b7b13fe770cf8,0
05445e98111e3be13ee076a181e7c428d7f6c36c,0
c5b51ea0f438bc99a6905559fc83882b2f0879ff,0
b23cbfbf4a0fbfb356f30be36867711c10fed89a,0
ca676484077e9105ae52822667144668ed5d20ad,0
a138499b1d676d240ad1c9169ef515e2ec69a801,0
c93d233aa18c98cf46b7b307baad50ac6f285bd9,0
4eab174e5e8289e0ad200f9e5d56678bc7b66eee,0
d6619a0c22546c9c5fa714bebee16da57633af23,0
acb6e8fc5079fd756f832e8b5aad59b947306ebb,0
75375918a286f4f7c2b1a05deaecacb1c9c6983f,0
2437e8277e43d7543e9179a8e6739a09cf0c278b,0
8e61956bfdfd864664f9078950ebfafa39d39bdb,0
e146727e4a9ac76cb7bcc46a6bd01ce1f04482cc,0
9f7184df0f5c7b82a4566b06ef6eb3d532fe55b4,0
b64be69d01314409646fb59694644f435440f5ea,0
9fcecce721cc637091c988db6ba189295d3eda59,0
bb46b9ffc5f01b6d66e26c92e4164fcb52615f4f,0
874be975e42b3f7a8372bdbea515e2f46bc0c9ee,0
c1e8732264396058f020a3bd208cb3ebfcf918c7,0
db49e13b53db871d4ec7168d74ebbefb0b1fb68d,0
bfda5b1990af5c3f0f94c58cd878ac9c282969ad,0
7d420ce767f91c761a506f798ae8a5931f5dccf5,0
33bf6764cdd2e4b26a88d171bb27a358eeffdabd,0
de84a87b1af8c0d4f9d9d078260eefb6519ac298,0
d5d55d3088abeff5247a6dce526c48937d57464f,0
348756555c724c87de706ca46ea854fb0910bc98,0
adf24958b9cf7098196aa0c767bd7290a8a98b06,0
e4d2955fef358c1731ac5fa6b2dc89e6c7bc268f,0
f231272205fd20e0619d025bde4a014ed641d0d7,0
11520806d2748e593577e4528ad2802ef8b4a5cc,0
4a9da72b7561524c623721ef9e2c26618196b87b,0
94b7cb20db4920b4d1457243790dd78decd88206,0
53614568c1e76759d118f132d0e508678539b11f,0
ffeb35767fd4e9c4015700f1a2fabad518f0943f,0
df05d78411ecbacf488abd4801d6e081f15209cf,0
ce0e9ebe75d61989f4100471a26cba7a0dcd03ee,0
5789323e4d285009ed37b9afa2e35729c6deb35b,0
d166ec24368ee16075985e908aa30e86cce2b08f,0
650499c9c43cd21874001610eb79005417a5f902,0
8e91ddbaaf1a748856b94b272bf7cf77cfa61672,0
c8f2a1e1f4cd37e2e741a158349ab386e6adc6be,0
38b38c161c2d0eb64b8f52279700a644747b6821,0
f048d273fd06ee9b8fa23d51fdd9a5c883f454e7,0
3c9607d6a3c65d67953a68ffa9d6cf382aca8d85,0
d54a6fa77f3bb47edb4ed0d01c34023664c35354,0
c9032e2484e875a966660ca3a9618ded937fab87,0
92f0bf5cb2c77b6ee43667372a93eb1d3db16e6c,0
9366b6b9d15a1d3055ba177212b920658fd8814b,0
61dc285fcf0708f787d1d2f46fdda9138d78eb54,0
b4ad8d6fc6457bf0efd5ca368285b8f226ab2695,0
600b946fa3c7b0d45e7fc93546151cc795d9addb,0
7deee68cbe381ba7b6a32d09eb15fa1ed2a8285d,0
2c0307f4ae9d289864f9fa34252426c056d3a9b4,0
8048efe431000e7e69b00e4c0f0f2eff564c896a,0
ddb3f8116e09ea9bcb4ea3f238037495598004d1,0
c81d95c11c9702f8e4b67610f472a65ba58ec862,0
ebe4ee63df462f4196b20862297632b77fa11aa9,0
0d3486107baf576173597e6c365b2d463e54d53f,0
575403bc5e967d3b86432564c010a52f019f6b37,0
c800e8d3cecc44484e107ad30362091911e21f4c,0
45b2d70cc2a2ae6bf6cd13f2b75c47ef6c21d197,0
ae2be2bed36621f7455af3a2c7cdda1ae9d0cd70,0
609c9f6833054473a75294449c0111039cba8f79,0
1d66821435d56bd2629ca3de68e2d22c8ff9bb32,0
586e74fbac445e4388ce15230f1d6db000f790e9,0
43d598a804f079122cb157d3c1adac1316b2d730,0
44f40009b7f4f04961e492486c05c186f6d41f1d,0
2a687532d0615581b3e1852237537d7f8b1bf979,0
f346d64e5a3d9895f2e0f6907e4d7e2101f84d56,0
9db21b2090917113b2c4dacfa2bc250cfdb2e69e,0
0408c42eabf4fd60d23b1022cd0cb3306a71aa74,0
a6a2e0cfb9c5fad90639cfa1ed96c5adfd0efcf9,0
67b809833432ca2636d10043e0731bead29bd6da,0
d1d033edbf2543a6d9e2ba55cdb1379ad3c09f28,0
96720f971d5255f3d97452419b500f010829ffff,0
cc7e4b56e402573078222858cae171c695227a2f,0
36221f0a612ac4f0c4799b394d154cfdb60b6ba1,0
664890bf45a4013dbb1c57a0a704bcadf0a3b030,0
3145c145f99276f5fa90dd2e6833f4c67a5f8725,0
7fd46444ead4353f2f1d78eccf2b4dcd67f4cb94,0
526adf5a544b0099aba8799a66737553f2470d37,0
f7cbbeecbd24d6c8ef723d6049e98763fdc05008,0
2690fb50587a88310113c004f9fdb0cda704ceaa,0
1f5989032aec1b0a41c491426bddd9564891da9d,0
cf1750da59d3a9cd0688cb3781302944f4d40667,0
42c4fee803d7a8ae61c7df0fafa0a50633791f56,0
8fac41ef71d52bbf0a36881618e8a0e720dd716e,0
d94bdc724f04e52319a7c865352d1c712b86f1ed,0
8324e962e0e184ea05af85eca22183325756ef70,0
b8afcdf4f5596c9649f0f15e2b2f7c7c64c9254c,0
5d9ec1dc7eb38fdca2c7c347e88be5d026fb2295,0
eb14fbb7703afe2baa66cd0d98f90a19a590b52a,0
2fda74243d62bf14b08eae2dfe3741bb72616156,0
b224a8d585fd5cb9a646c71d1fb74feeb2796c43,0
0a9cb25a14c78c1bdd811cbc843991a69514bc39,0
0220dd693be994a3877bf6f823aa5dd09f319b9a,0
c0cc4198710269eb03bd13cb0354ff8c4a4f984a,0
d0b9a29c5db315522096e2e6f022c8977dd7295f,0
5c3c305b2df0431239c7ab705fa393dfe3d79e45,0
d9029b131e97a0238573c52cf368a03d0561f6b5,0
7124badc882792cbf1791dbf6fca1e4a6f957ed7,0
b80a4fff4e7f2b258f52b68e0aa1a580e85a74ac,0
a5c20444bd4773be7a64a2596391e64b033bc8d1,0
11344d8fe85c652c707f54fb8f284d3b2d696104,0
eb87e3b42d9024fd761fba9b472ba7d600e65af9,0
f9aea698bdabc096d8e94ae0c2d38da0fb033661,0
c7d17845d6ffde45c6b147da9c36fc838ea505c1,0
921580459e849efc76679858998fc9c2f97af4da,0
280a9fdc1eb7d8f7404c2c4d042218c00d07c08c,0
b4992f1da19a06e0cfc5e9933e922a4c1b97a08c,0
dad751ee5476fb9be27a4ddd84dd695c20bb4a67,0
c55919315b9c229fd139ac451c3bd8b0dd8c6421,0
5e629bbfe4ffe165fbf9616e27d81ec1538e1bdb,0
d400f6da1a4d8c19f51e4d22d4ca86c092f27ff4,0
9676537751bceac812a3858beeb405b3ece4f20a,0
96d3f5cf11f36c6c598c753803fa3ac123b3aae6,0
c2e8a3f2be7c34a7adbf286afa143394bda8dba5,0
69ea479d7579bf66f8e2ed744f568001f5ab85b2,0
f34ca09461f6c75f783485424e046fe59219e730,0
3591c521709d637c88e180d175a0829a5baa6577,0
1c7e1e3b8a1190b1a463b8a90e1f426aa92928ca,0
84df781ad7186d4b4988a7e67be87e08368491ab,0
f914eaa62e6bc98b9d2d2b725a36012580043a4b,0
9045b7c848c9c5421f390751889a52a926a23e6a,0
41ecd0aded77a213b021933af9c1265da29d92fe,0
86ed128c1edc325e5570613f3fdfc472850fcfc4,0
ca47b8a6fbb946da3df771445658a5f83b9f3e46,0
a11635f5b93db6fe5f8e41831027fe9d7214971e,0
963a23cd8eabaaac88dae7f34a2d7dcb3c638a16,0
c80b476d20e2a795884dfe65b843b79294080839,0
360f655ab8eb997d1203e7f41fbe30d4ea94da0d,0
920488b352b50f610e23faacadc051d2fe13e93b,0
6e1ca137647131ea3ef469d1af313df32edb615a,0
296c5503376f451286c863768e384db591d1a771,0
85d8bfcc5bf5fd2ed5e5749cdc39f89b95e3837d,0
a7c9ca81773ea9b3f5552e3a8650d97990ef9d36,0
682944f9963c6f373792f7a7efa4352f9d33b1f0,0
54f15bcd6823c94a3b6e037f6eb2ab836235f3a0,0
1ec12ac44e2ed15d90f619dc3d8e4f99913a95db,0
31fb8a47b4aa642fc4a4b948b4bcd1caec17dc9b,0
8ce310888ef459e3ccf21ef27930fd5e4ad6e0f4,0
14d894f71fc62c858e46e05537cef7cc2e9f2c8e,0
ef5b88214b9b912e456e43e92c4f6853f34f5e17,0
d39d4e8bebae7c6e62d43fd04d5a9b0d6be8d29a,0
e6c43c8b2902aee44cfc3e0f4f152fd9915e54eb,0
6ba9805b46900707136ca9bd386075bad59109dd,0
b976f984df18199da9684a65dee9c80e5cf424a9,0
33ca39fe34a1f09f833ac63bee184fae2ef65c41,0
1e6191271354a5dc5a6fcb1dddd376791fd57f97,0
c1775347015615a68c3b41f76468dc2dde97c919,0
1b4e96dd6c893864667c3c14a1bacfe20ca487c4,0
5134df97eaecc59488f8df47af78fb0009982acf,0
99243611f6e7f22e59867d0bdd69e5fb4d26e9ef,0
c52a1d7ea5a07f6cccb7fee62ae29bf132327bf8,0
987bbbaf7e03d6ddf44c23a5020732cbed969f4f,0
aa550068472b12d38ec7d5be909f7fb61503ddf2,0
8af6a018ceebfad321b94f18276f87be99cc2a81,0
e41b45a4ff8e2e4d89a3a5942189c35151d523b1,0
dc3de3c55f29aae7e9cefa1369f3bdc3ff4b0f49,0
1b75f69e2f897b54a8100522cb8ea5174efa828b,0
7a9dbc8963cd35088ce89842ca720f429f1cff8e,0
8bd53de59c4b4f568392acf905222d04240f053b,0
e016d565697e8505bafea75b466f1fd3c44433f6,0
6b924b46ceeafe95138dc28c46e88acfedc943a3,0
f1da4d653a97ef8b37412ab6e6b4a3289e86d1fa,0
f0febb03337d682e8fd7f36a42c0ea4c917c1f83,0
c30ed129f3945ed939a6c1f24d914360a55dc9b6,0
7466e060885070a1ef0ebafe00d4ecd53c3fbdf4,0
9192f8e1ef797ba0b2f5878e030e1d03b2f7b5dd,0
5108b8130dab4cbe9c9a08babe56df45ba26259b,0
6649026a2cb07ea40bb6fa4e76d915ac5dc1c08b,0
1ce1f5292b35f9bafa95cb5d4740a73ebc3d6c44,0
858809335d32fcc6bbde7f315c73068191c30b5a,0
badca0daaf9bc7d11438abe8a8550c3cd0861a61,0
e7b72839e6262ba605256a5a0a28ce4530a7f1cd,0
459e1ec08a85583720d000939c5fa20ab9018388,0
10b9d4f874acfe4d35d7732de591ba9770fd777e,0
55fdb8a6aff0cabe8dfa02435fe2cf36e3aae178,0
2234a06b23d2155bdf86c08cb3c13b391d61fb41,0
463d3d13a53f8fb725f1f30e0e3a112900f4b0c8,0
d6fbd43301e0392bcf5cd8de5bd74a9fbfd6ebf1,0
6655a24ff731405bcdc31c766c895f13867c9471,0
65965406bff01a9d1b907a65da878c5abf1df3e3,0
20dadb9d829ecf40ed8e227729afa1a3ebf83029,0
4d48bf264ac67eb371f7905af9a6c97079d37471,0
b8ffe3dd0f870168c4e01a951c65117271aaac60,0
bac8113a3aa1dd5ddbd49d4a0619831a2041f820,0
9b2e08816a9fdf19be6f5f1b470d589332f45221,0
e0f839bf1627e335c6bd6263efb5421ca81a6807,0
2e03271ab1711bf846f5863a3876ac1186997bc5,0
3812e1111ef035e7eaa487430f7c370738c43c31,0
41a03ea1c1ca4333d2501830a18d2426f2e9e337,0
1aadd58a9f167acc39236f10a84cbb058e8eefc2,0
a4661425d5702e6bd80a410fbbace04495874745,0
cec4b2760f289340e6db526dbc5c1eca80d49cdd,0
96017d5416dd09813e5419efbfde6e48e9189729,0
bb34cd3ac90ce8b5376eaaacef2076a295a01685,0
817e7b870e23fd40c75eb5be871e0bf381eb1105,0
ad68354073112e4c525c9ff184e2c96f27d106a5,0
0b0abe111bc6376d85c7b8fca3b2371743329e8f,0
e80b27136e3259b8e2db1b64c7f7912ee3cb9545,0
82630ff5c4ab66585f2d7f64b5537bc62119fa0a,0
d1e95579c1f83a91fa1347f10e6a1742f23920c0,0
7fc4747962402631fcfc6092213d566f020b5b9d,0
3b38ee84bf4a1ec5bb60be363ea0681ee0ad6407,0
c1a158ddc23bfc0ef1957fb37595d39de5eb2ce5,0
d561e67d8c01f94313f4231e635e4edd3e91e73e,0
f1a9ce25c01aefa426a98129b8b716e9c0d1a212,0
a3ecd04b08cb963c2739780933af65ca8221b918,0
449b5c2af9e19f5b0687fb63c9bf064e1f17b851,0
f07809f74d27e889547274786f3423220fdb08b3,0
5a54844df9632e4aa5f3dd706114b91a87c8da11,0
23ee4099904709827dac29181e3277df16832585,0
ebd4c7c4cd050473c8a2e6ab2bc07389862fa677,0
2bd93bad71dfe185e24ca673b7e74a6c594075c3,0
1794ff22a628a082bf33d9f0805095bedab759e2,0
c2656e9926477da08cd26d60e55691ba26ee6b9f,0
b9e67c07f42754a10aade21c23243d0d82506806,0
e55716855c61d366cc19b7b12cabd4beadc5e963,0
b2b670f8b8e0ff1a673d692be2ea38cb5fc54e66,0
6c5932ac952a1b3d335fa7217f3b54799321dd95,0
a59d8f1b4504e30b36c7a22ef2e087cbd98a7553,0
9f527760b8beca703aa527d1665554ae2eb3939c,0
4436d5524986094b8075188b105b4556af910eeb,0
d1900d3717dd2a94583249a0561467f9024872d5,0
47c9ed3674decffb14008eb449771372c3c1f84e,0
94c09afd7f3ba8d403072455ee47a74a84525504,0
de425eab6efb5afef8b556a0c10e4d90e42482f2,0
e1c43b8b58e28f931399cd26f395bbf0b8401256,0
3c8c62b342d0e5b666930e2cb2a42606d76e44df,0
05e94b8229535800e57c82a04dea764714cd4ef0,0
9fb7a6368684ce4f07db72c4310fc380388f120a,0
526c83a5f9bf794afb6e0336630b86cef26d84bf,0
a721a26fad811ba618ff4fbf6371a43f851fb21e,0
99d942b5551cf24d539bde05df5f8add1f151956,0
a55b13b7a0aa77d3e194563126f22db057873142,0
1cc51f55d6513baeb9948a53e23911ba68dc62ba,0
686d4aa79adb4d2b1e62a97e73ac150fb9f8b291,0
c9e319fc4c0e6e5795375db1058968602786154d,0
81ec66a027bd860d6da043c3ec4c15500cd77b92,0
4a006fabc33d8d3750f7c2681cbcac9a1ac11504,0
c485c288677e08b6e48f42b06e508d70f0f0a20d,0
8cfccaf4c36d98e397ba24083bb99be2509462ed,0
144d205df2fcceacd3898e9d9afe7cbcd5ed8340,0
b39a4adf6f31875e375435ca720a8d2e06ebcc53,0
5de358aad3eac65822bdc4c62f50af24c36f2b8c,0
743eddbc24f69bb4b2b3e125219e7eee60a13120,0
4e13be179dccbf311fced2a2eeb71a04db170bb7,0
b5dd05b28613314e66cbd20906daf40424433331,0
8da7f06a6b0c5c391c7062f3b2d348c87d147ed7,0
f8b4e224b0c719e4d9aca6b26c03214963cd6af8,0
8233b90eb074a0d04c503bc0e23376d4cddf02a4,0
5155f49df062171fec0a73480485926c1b428e2c,0
877289e1c825ca1c56c0bdf4c08661aea9f57513,0
b4a10313c5c7017aa0afadca7ce6bce93278a1e2,0
a61c3c544a5d116f1a6503af08f010f33ead500b,0
08233bfb9c8f554fa7b236d3dc7bd622d0ce154e,0
35e75829ef4a2cb124718e9a01301621d82ede8b,0
d3c4e83a3164487ea0ded32c884d9251004d8dea,0
49768f8bed23fe42100474423a6699580b972a16,0
370360e03d9feb8019c9543a885db153dc02596f,0
321fd426406b6e60b6ea1bf9bf60857d6484f0f4,1
fdf7e162d9db294b8b8ce97458287ec036d52362,1
ad21dbcc8d97dbf7b553a3e1cf6c908854ff1ab0,0
ad0a8b525ac28b585394930ee600cfb45307d6e8,0
01b6fc042b584a8245ddcc50f50fe6b7d571c128,0
8847e59f64c43651db01a5c066c844940ddbc475,0
de1d783fb598786fb054f05c027f54c79d054eb6,0
6f6f0f698dd81a0220cc74d6c10f545f23374bf4,0
8175510d7938e269b2638490491c768fbb00e221,0
5faba67982689543f69fd316c38f16b7ce39225b,0
29402ee9790273d3957f70bfe9b281d3630d2f38,0
b6b7837495fad97ba318e3759f07f2891fd74d04,0
1b91a77c1a41a57799da93ce0ba3a4b58760148e,1
031f8ff3212c426ca7510dc6fd160dff22165be3,0
a5d7dd51ec0942096afc8dae17abaaec09e93366,0
7d68a7487896a7c5dc8f61969df5829a7ec34d62,0
251bf6b18f83b8391ef3dfe83157ef5c51148fea,0
de735810f364c954cd03d39c75e3376586f436e2,0
437ab1b6235071e572cb3fd39aea1abb6a9a78cf,1
4d6df1ee8f447e577226dbffa95e3f35eba69c29,0
b2ecdce495889687ada09f99cce93c75dd8b48ac,1
4f0841e04d88db62129618493ff85b87efec7712,0
b24e7f33aa4c19352a5aca076dc3880b3924ed61,0
2a9e8302789d593dfbcc4ea0f15ec73284657275,0
b67cd0db36a555329d227e8c0759600f1ae706b2,0
6af929eb622b07742d4eeac3b754c60ad6a60a3d,0
7b3a237b2bdb150b18ae97276d277335814997ae,0
eac3f6a1a4edc47b100d59aa56ec9b7efcc4f855,0
66c9c0ab775f9c58a40424db5b84c62bb0a88cf6,0
c095f36f6093d7c638a082bcf2cd622982d0b3ba,0
adadf955cebfc470db659b0181b336d14cb5da6a,0
c226cb33b2f6d1b18d384b55804a903bc2fe2d5b,0
e3c841e10f951fc54b51e7949d7a65f996c73b8d,0
5a5bf80da4438a5b042752aafb9c5ea230a77bd6,0
1f10ca37bffc3ed9ff578816fc6288b97a92a14e,0
9605c5ea6cb0f6d395957209c64468c5fc94ef3b,0
c9a6e447f7656ae2da68a49ec2195c8aa1112f69,0
046f547b562ba2df5bc03f9a5c0125840a39cb2f,0
67bd8cc4e23bc3d6a7d678f8bab7a101ff1ff6ca,0
4af583e23413d44dd46910af67ef724f28ef5975,0
6eb761413871082d2ea128d8e132dd5ac06bbf4f,0
8691eb95522d9421a8b2883bf65e535d581f1a06,0
509cb24e2c759eb17556fd3d2a158e3fdf60ab69,0
6740211d98ba9fdb2b01744304779e383b7e0222,0
269df38c137dbb69774056eef14ab0e67e1dc5ff,0
a2330ac34207ba3da3295b3e60ac0a22b283d78d,0
06104090a6edc145cbdc2858ca224c12cbf66aec,0
be38c1853ffb59825df763d61239992b9aff9127,0
c445004c1201f142ae8a256c832ffa86905e3256,0
80a819dbb4cd398a8eca38008656ad45550d553d,0
0ac04dea137e817031abe6ecb577f4d76db2e011,0
5db13dbb9e7e6b28b443017397c8db3f82bacc95,0
0d52823fd924b806857d4a5bec6fa9f5b6ed30d3,0
08f9a8924a1028620866565fc43b7058ded0401c,0
96099eec30e81f16efd94f385b45707bed515ed2,0
5f9a44d3c5cfbbba360f29308e776f04cf2665f9,0
c204f7940bc73acd6893bff489fa970edbaeb5aa,1
d759684b89fdf0d3cbaa033f8596f0a78a466b52,0
eba2b2899787ef0476c1dd8852aba5b0adb4f5f3,0
711846e5d03d6743205f8c747ab78c2ea43714f2,0
67f14bb505f4dc9c24987af6dac1cbb15fc60ae2,0
7496e853214fac4e15d70acf9f19ed0144e34e13,0
e1e2c7dd9545f2ad27e8ef04dd19b0cec8236abb,0
4a2f04c88d459a2fa5a1619d91ea953662d2afdf,0
9b71bf1406e0eb9892915542232211ef47602227,0
f7a651b096d56484d44a704fa714c2ad712f8f2f,1
513afb65ed93615493a39ac859c20331cc435e7f,0
592c9464379f97d67a76747faaab1af2316febae,0
91afc098a8519dcfca8ff54867bfc7683ddd15f9,0
4e8da7cf0631fb65e61fdc555f37998718afc8b2,0
106c77756d7e2efff5355d0587d17cc261ae2850,0
a2c0152ba2c45680f399a7e4d74f898ae3184f39,0
0c0fabddf6dcbf8411689df9c5cc29115da18be1,0
cafd9c77865ecb86ed9fd71637f2bcc87ce7e2d9,0
4e1f4861a7946ddae28b164f8ad680e28388fb78,0
757057addf72d587387055dd964ecb2a562a2cc3,0
6ba9e778ef1f99a80f8463fbf68b39e02add6797,1
07ad5e56818b6937986a1327fdf13102f9baad61,0
dcf5c40f880c86d800a4563dd203e5fb89f3cd8e,0
78d1a1e3090f41e56acd8fc50a4d990f4aeb914d,0
ca827b83228ef7cdc5d9c185c4ccfbf0fc399608,0
567f510f8e5fd4017358510578024802a7a519be,0
2e341569145fa1e871dbabfb4355af4454f4ebe3,0
52a4352e02fc2719c98a01197a66ef8e74716bb1,0
c18573af7e206b098930fa4b9722f21556e73e55,0
e5138486b700aa657c06760d60a7bcd6f1b05a62,0
65b33e9427a28e892d437f12d9a22a271fb082e8,0
67ace732f08e5ac19bdf011412379a8d43387541,0
b17feea4827863c85207c0aaa5c8c5b035d27df1,0
3661f45140430ba0ca99445ecec70d16610783e5,0
d916c50745b109551d81471f408250a2ec18ec84,0
753114980a2c19c86244e26198a712c77ed3b247,0
e2f293ce22aaeff7c467aecbf6a3299e71d37a07,0
762c634e296d2c32a5658170ab2b613d5b087f13,0
c06cba3eda67d5e2ba02f6efa7296c8927af13fd,0
77dc36f5644910cbffbedb9dbc7e0b118b14fa66,0
19bed73bb2fd71a1be7a7f26b132c47d5c81fa72,0
d27208b3bee1dd4d42c22e4963613a953186830d,0
1e48107fe0aba81492b3330505622fc7e91069ae,0
21b8fd06473bc5e6c35b80e4d1633da283236487,0
60de0da4acbaf41818ecee2e0930c8e9e9257395,0
1b43f08e9e06f604432e20d5d8feba05afdebd1f,0
316af191841ab980570d0c3c4f5f91bcef1d45de,0
64b682cb6a0ab5976596065291fd07eb662c5a73,0
f7c21753a9f0e43a08543d43af7e8564b6f33a2c,0
aff9ec4e0774f915b9816a177a55a81ba225583a,0
a8b7f6e98ae201787b6a77c00531f83026c6eb4b,0
a0ea8ae2761be32410e435c8e4b616711fa3e4f9,0
70f580a56ae8edea6178be6b2188472f87623542,0
f8b79d0c21165faf4dbd620cbc6eae9dcd3ebf42,0
81b311fd0d2a084a0c29740714076218fb6c2302,0
70bfd4a1afe3bbbe5144ac1cb30ed86ff6010b71,0
cbc4aff11a1a1cc5c18efa68877379b9b2bca30d,0
baa15ca841a15f9082a8c0af36c6157966ff9e0b,0
f9357b4147f0feb2e613d6a9fabc6d073eea7b4c,0
b79ae69d4f9f1dc2690f497f8c8ea7874f82c956,0
fb2ae2e1c0c0e1e2d12ad3f990286489062dc4b4,0
d7acf223a350a17c5c19168852e4335c876b002c,0
bc23962a710001d27329adf01cff3b01807a5266,0
6eeeeeaaa3d3f53c6a72337294318e56e8e4a892,0
791131bb59f405a0bc6c8a880976c92524ca1dac,0
64d3e108a7dcab6d0f366e1deaff097d91c785cb,0
28201fb86b03f1bb2432e59e84e4809b7b1d8583,0
0ff739124c4baa1c42be70aefc0bda29c9eaadf5,0
7995248df1b2b6dd6b20b579b3e4ec7813a95b5e,0
5c83e0659cdb4cb0651c31c59f37a5f053eae155,0
c6b64614418099ab954d1a4ce308300e3adab9a2,0
b4cf67dbb09d795b677ccc8bd15d31f8a18f0746,0
f02c7cd2cf5532e3ad24807ebe9f9ea62ca9e98a,0
2f8f4b5e53091333b1a7008dfc9d133f1d7d53b5,0
a146f309305ec758f3f393256ce0450d2ac055ea,0
20f95a57cf99b773204cdf7f942883e1efe20d53,0
54dd7955fae3978fa07214ef826621ead91d4986,0
02f04258b04885a326297d15765c684f854596a5,0
6e679a3b317e5c4a240d69e3681c9ddada5818a5,0
2496a6cce0dc391efdb1d7fb5f22ece73876f059,0
db56e5dbcf8af7dbe021c243fa9768ed13671be2,0
87d7236ce1ba34d8087b8485d5e190788239e01c,0
de4356072f1dcbd81f721c17be39625d1f8cdbe5,0
7b1d766978c07daeaedd203934ddcf4388a0391e,0
5c7c7a419f7dbbe738dc40e4e00dff3637b38b13,0
76625dfdc180d49bdaf8cf3684422d4c0eef2b98,0
8d4b217045ac12013e9c1986dab89451fceb478e,0
7cbe0c21203504c37b6038c1939251e600054f45,0
f10224a3f1a58157172060f3211d66400eff8e98,0
1cb454d0221a6ea535f1c0ec5c5abcaa3212cf1d,0
4b6d66fbc021744136d02733ecd375cf1fde2bcf,0
3c86ded5f41daabe90cff33ebf57e1fb2bcc672c,0
e7a431fe539df61d38a602c4c44820f1ee0cc4a5,1
916cbea4a3628cd0b9cda5fffef0e35df969d056,0
eae26f2ed787c88c07ccb83f0e5550689ad47bca,0
956cc8029a2582b9d1ca55463074805cdac541cb,0
c60f5f338ce381b936e657742237ed9ce1cb2e90,0
1eed3c921c2f913fa2dc690c5429273f0934fee9,0
f376386b7fb1f2d102d55bb9524e573832b73456,0
5ba5a39d288d67a0dc8f7438726c3e36665b7a45,0
827a7d57bd5c2e889677064c26d18030b9be11a2,0
7fe80fef1aeaab9803925c0f0267b59844b65b1f,0
25a478317b8f2d24152ce42c6de7f1f0d0dcce44,0
088f64f4c6050dd94078d99ad951259b5aa94d1f,1
4716d27c10487bfafeb85a4d639c88bb529ed7c2,0
ab86ed0e68624a3d13e9eeb0351e9aac10ea3663,0
1e02c03b0a4acf71b79aa24a052af255920c4e5d,0
7a063f39d130561adfaae72802dcd9aadf8ffaf9,0
0cfcde45507e7337aa7ef69b2f4d20711f12b13e,0
6ffa45054b616364462c4883d2bfe39f55cf7a30,0
894169b56fd3506440c929647da075e3599260bb,0
dbce55f08db6bf16a693c9c78c1210cfc7d3886a,0
77123b397354d3464795acbbacce945d5bfc70d9,0
e1a94d72063c8dec9ed57aa192db994c9ea28161,0
c50042f46458c621b2499e064a717e9ea2d1b52b,0
03fdf435b5adad1ecd0d6bdf74c95bdb30e78d35,0
d862824c722452a6aa4ecdfc9140eaef10fee57f,1
efe231161ee2629311ea4e23790e4d5f122343c3,0
162724d1c554781cd7368052947d90cff4335f20,0
b0f779cf18f26a459d3856fcba2ac15a3ffb0965,0
0cb63fb0a8fbf2e577826e1effb1cac8636f0d23,0
2e3a4527295f2a9eba0c73e7cc7c41fb65a7df3c,0
f8af7fc52b88669a4cbb252088c86faf4e3b95c4,0
c2b0468cdccdbf25dc3f8f052d930f01148e0ebc,0
41a343a560b54f1aaa441ed6944e27220b3dbe52,0
ee509ecf9a8b793649de2ec60d41bc60a57b4805,0
6aa36d77b79482839e2cc1aa7e5aa8927bd04140,0
745885cc88a53a65378bfadf34cbab15a951c319,0
393f3179ce400f5d5221fe9c56c046299790b2c0,0
e65c1a25744e1406a6ae013bfa43c81003714218,0
1083ae807bb9456d8e9acf2bdb7d7d6dcbf15a16,0
140249fa27fe4aa53322304dffc30a653a27e57f,0
4df94c02a53b17f8b27d591ae9feb6fcc24fc5e7,0
02dcf895d1118678d426ecac747bb4ca34715d52,0
0f54e6e31e5eae048784998f50acce6de79cdd47,0
bb3b08fe2d0efd6a96a853ab4e593596a62675c3,0
f593a50b7e9d64c77e76540dea85b30e06786483,0
f3fdd18b764957fff611737fed0c8f55a97a5d37,0
e96c9c050d3b0e3b05988aca0bad429f0a77e144,0
98cad09572f7494607815031bd1ec210196168df,0
676c7570498c110b539479c7d9f75986c3866188,0
dd37ad7575b889c92eab736703f8ba409b2ec4ca,0
71a7396999626665e8ab9d6da2388fa5b03af2cc,0
347a7212b5c3c995a33ecbb2f55433d7e728b5aa,0
7b19201a29a66e64f42b04f7726c5e29319791b8,0
c5eaf7a7ef2608d08ab281d400f7a60d84059c7f,0
149c1043601503347bb0f540f7cecdf02e720500,0
530b2c4b66168d2c7c7495349faf386bb966524c,0
1108c44cc586e22d61f42ad7692ef7b1fc8dc599,0
cae16fb380104b33d730a654789e99e2c62c036a,0
ac0fddbd39f6d25ef383a4a79470d5646fcf9613,0
33f8dccf49918eef7048c9dec507283ec684d5ad,0
4f39cc48957fa1c0a4499ee2ad54431b7c7336dc,0
a12d39dc8fb43069d465d931ced7b20134536bd0,0
e39093fb931abb5750d0a6e1460b3906f630b613,0
66a43f02a7e896a73f942d88f5fde10cd9e1f5ab,0
cfb3050f4f4c07c1c00c9f66bcdf69315dfb1397,0
65c02b1a4beae94ed2a7bdd1b26445351bc2446f,0
39446d72aea72667b3a66b5852a5e4669a1c4627,0
1e760b2f82621cdccfb67787fc6947f7089a8a16,0
6443a42a501393de84cd93cb4db61af13771430b,0
e38163c0c6e938acd76638e3afcb46c08d281fd7,0
f4464006b0d04fe1247be4b13b5237eca4aa5d1f,0
912d92bfd3605a3453dd7801e541814961a782e0,0
2e4735c8b63fed1e34d1dfb11c665544494320d8,0
ac979de2d67c998203f016dd24c7f562b4372fce,0
16b27c2261959544250da8b0dbbeda91c6ceb284,0
6e980215d6bd8f84ef4f2bc3566d32c8f065bb4e,0
ab6633cf1f231981cb0c2c4faddbd05756f549f3,0
70468821dfe7c78e58bc1660e5ed26ff50bdcd61,0
09e2f66572f2eb55d402ffccc6ed659f2f1573e2,0
cd619f9ec30e4e7794b0d89b7bf459b400252097,0
8f6bd7a3967c05b15d4a0dc6f8787db5a5ade225,0
72aa0062d08926e8cc06926c9c23d36187abc1c1,0
4a8f0ca59d5ce9773428b8f9f2bc94f798c1eab2,0
1f96d8824cf5c2c18c6eeb20fd037666de55aad5,0
4e820572a0ab03e8b2fba2830ab677d441d56e94,0
2e05197e3c80cb0084cde55860e2ff7150418137,0
ca2e949832e98ef02dbb9b4cb4e8a739c6bace17,0
3a84b6aad92a6c397e9f4d0c361c43e2af7fab8f,0
7b7a6404008e8b8a96cb724f90d1d9d7ad100b3a,0
3fc5d9e6d6ac4f5cee0f1cbc38c5fb38f28de480,0
509b0eae79fa8fd973a67bf9a6f52817648a8b68,0
edf202d5cc358a712ad09f81a98ba861060ef664,0
418cd376f401210469c6efeadfdda333458d4240,0
e8abe355f428c2964e7b90b7149da7f7c005171b,0
e6a0355eddd5d3845b912188f26c5438370f40b8,0
6a3872e25fbd3bee929258ac4d53121f4f3ad73e,0
311e0d731f81ec6f5647ef3b27069d8e31da0f9f,0
96f95263cb14d952c39663651ef863c173a508e6,0
39235895fcb0102983c18547ad227818bb218dfa,0
f99510f111afb6e87157b2f1962e959f1125b48a,0
fc369a4f2e79363d8fbcb90b9bd71ac6b5a4f504,0
fafb971635347e80da19a0a06c49e37cbea92812,0
30a9f6265bc44c226a35a1d975962f1a5761486e,0
aa2df83c4292ae3dd19cc30fa490258d50287ae0,0
4d1fb6c46858d68d3e5a40163d0bc77ce2b484b2,0
2f30a85469f6f04549f9cab747275b46d8e808bd,0
015e365a83dc55d0d5af5b09709b750e75a6d9bf,0
a1b35a990448d88764b36cbfb2f2f91c3a3fe220,0
cd7cab4b92f8460ecef261df8710d90ebd2d0aab,0
708f5628cf07a97e8facc1c8c50da194e2f3b6ae,0
417718bc6c29455d47b9d94b9f567484bf7daf28,0
ca74312f2d464f79cb5387c14afb97c62b85f6b5,0
9d13bd587008fa12ef380f7341d62cfc7308e5f6,0
3ed58f5e2ba6addc8563d035ecd88724313a812a,0
11d03977d1edae21027dc31252335bfd267c1bdd,0
2dece5411c56eb6c9c37e72b9d3a1feef89b0f82,0
3169adf1e9b67758f8cf533e7e3dae1c3e9c7a65,0
d2da8172429606607bc254f3500b0d716c3ec9ec,0
0d56dc11db245ced8ee1bbc2eff8d10025dbed44,0
0bb34fb89e633ef8c5b601f018e4f3294bb953cc,0
6807f7aadc0a28fa35ce7754c184a8a18fa8bff1,0
a3cfd1aa60bf7be61f076e1704768ca0bd7fd59f,0
6abeb6ce59139296a8a9fdd41ac458e1d0b2e4d4,0
ab25d839731d49c5e086a5a4cdb372247f7d60ab,0
ac0a648bf880f2f5a4d3d8f24b855ac58a9f4d41,0
c3a8377859f7df3dbdc033742e05b95631f6d733,0
f2a1087279dc5b1464c0a71bd5899f7ab8f0f30c,1
10108579bebc9f95dd147fdf1d9fc1dc25d44257,0
1b7e7e7c81a9a2f049ca8b228b65ec2047b794f1,0
665526e562ebfb072289d8e715556eeaeffe7b7f,0
c140e8a4e37586c4e0c7e8b03180b1a29a426d4e,0
346519ee4deaa74f5753085522259e38dd2fc5d9,0
ee2bfe6977f069dba3fcc367c87894cddd8e89f1,0
98592925df9bd3fd734afa6c320e6278265538c5,0
80108b5f89ccdfc0994e694490441f650a86dc82,0
20f69663fe90f5c3b1b503d26e225bed86c900bd,0
d02f8a25bb036b2ecf46a8ba77501ac52b8ff121,0
e3ce940fbdfe65e98a9248025ca830f85749639f,0
c909c105a33c297803acedb016605f88e8d3182c,0
147cb104843e2441afb264c383fb295007321eef,0
f99d4435c56e92a835297281c303fd3dfc1baaed,0
51f0ba70030ed4f978ba6907430471558e9f18b1,0
b47814f4a9ca50cb9395b53d786bfcae38f3251b,0
d922db32efd47918fc1782c53f81120d898805a3,0
b51b902bf9b2c5a5af2e40d094151b6f1ca95c36,0
64ba765bac6b6e18966f86d5fc14e5d38d114654,0
7502407d21c11aebffefcc57a2eef1856d22d027,0
e31dd5fd9028edd350bcc7ecfcddff91539744a2,0
d21cba8636fd7e6dd0e31ab51a093570a815bec8,0
db3d099187ddafefa3360103cba1ffb337f12120,0
eb024a18b76075a27d3e8376d19da975027ce82d,0
83c5f834abca80e9a6110b9c0789656b02c1d557,0
f840eed2c1af74ff4d06f977add11c3d0c8fd271,0
a3743580ebd8afba4bd3fe3cf242ae25eba8357e,0
c14fce3f38e0bd9ae478fb480217181b09431d3b,0
f88e8a517a1f8007adfa6a889f44b6e5db518ff7,0
2f614b3a316b82dff3bfe482398947d1df7df55f,0
b3dc8c47dec30f962090736b7e3f566f5fd9f4b8,0
5933901d3e004a238960bd67f738ab4583497747,0
294f63d28ebf199cd063ad8aa3c9a820877f15d1,0
4418ecceb7abef9e7a1a9bb480486b7e6c1c6b17,0
533c4d66c7cc34189ba1d24558c8b748fd194448,0
32cf5b53b75e37d2c34a61cd0f9b3dd576e38706,0
f12d2e224b29380b880888451c803f90f2a99b68,0
630109f9d148e4520e53b03543be31b62b52af9b,0
e85b52eef599bdbcc4a9be24f20af1dee98d4089,0
31d5780ba7f58702efb1dc7e6300378bd6b2f163,0
0961bf9557225cc0a9e714a1f47b7bd21f44c69c,0
5d28e8fd0c41481e09a8f9291054bc6de1abd784,0
a8f8d1215ab9247bbb7a8dfb4b275a39a49363d2,0
99d0b0605f3ee4348c9e4d5b1332494d88e8170f,0
d890b1b38d57e9ed4c5be74fcc5c5ad6580f8278,0
c21d61f3dcd78b5dca65b17773dca9f1144ce0f6,0
9a96964e2c153114efe3e4606f5a454660dceecc,0
a603c75ade84a5c9ee1477562fa76853d247d093,0
d9cc9d87cd661ae47d9292401e34d77f6fdb3275,0
3c7d73b03060b9e6b1729f03243e634a45c8dce6,0
338c512bc18d44582aa8c5d21cd0f0ea9d3dbff6,0
8524d4876f3fe2b69fc2d787a0929db8082cbd84,1
cc886dc325696d52252deb4cbe702f019f922ecf,1
cd03bbfb19ec39293dd6ba17515286dd2a48b807,0
170b0440b756077a9c1cbd91acca6fcb26999732,0
e6c9ebb1532098299480da0caf6422158a44bd41,0
45ede23a2e21af691b92c69a80259747da78e0a0,0
422b3d27aab7b850678be4d2a04567e6d62a7bda,0
489016099ed8a5352617047b2aff3333dbe8c8f0,0
940516641fe5383d359955aea30298666e0a951c,0
5f6c5491ebe18d746d2cd6fa17a9da4953b5eb93,0
e8453569c8f0600728438bff497bab8dbbc4055a,0
13986a24f91b2e96a46c69727291295b79b882c4,0
8b966ffc8b8d992421017774e9e999e8a398e111,0
f3bc26ae934860603540fa4121be08ab79515e5e,0
939518de3d0b84bc48dfeee1b70168064e6b446a,0
62b1328bf9969b6cc76fd5ec5f17c7881d827e6b,0
281db44ba8250a846b5b13b710dca8f2364a65e5,0
093688c8bcc4f8a8320cd7a045da9df6b30875f8,0
a41d141547f432470da682aadeeef689ed7c2b9f,0
8b44ca5be644156e8fbaa966cb00eae9e873b48e,0
af3c79f776bdb7d97ca6991c5d8b0ecf9538b59c,0
e4f068168702de3c48107c1cdab925ee2beee898,0
812339a6d60aaddfb5e0e1fd2236ad1dee032dac,0
38a7746aa01862d2978bf7118c41873fb0d38956,0
164f103699408cfcf4c554d9dfce2ddeae178b9a,0
51f0688e4af07a55f1dcff6ee28b3caa2b429660,0
e45a7c504d3231e12c57d4967cbcf5d73d95bc84,0
a96f153b8d9ae61361e90abe6eb8d3daba25aaeb,0
20226191a49d518a43e5695dcd7a27ec2b9a1f3f,0
c5c63d2552ae4a2d5fec1fa1e5f2fc10edd17fc1,0
dba6fcea5945d728acca502c05c186b7482c2954,0
620b1d20258138d7697efa2266007fbea7142814,0
654e20ee1c99e8fe4292331bdaf0d73c7babcf2a,0
a7ccf6e17ddbdeeb2f5831b4b22139bcdc961b9d,0
b7a1baa272f576e33435bf54d6686016fad2eac0,0
73859843eba963eef819120f6d7496a301580bae,0
ce4d045dee16b1cd46b9691d64fe4e28e08103dd,0
eb5b0b2060f84468f56dc877395604fcac06d1cb,0
b10455c7be82cf9a7732ec4607e6aa6063a51835,0
91c0ccd8b04b7fe04326766e5a3712b0eb5c92d4,0
80139cd9f38de79eb14e627fe443f9da95ed0f9e,0
540885433d69606e9e0a88627fc5f6027b72d680,0
a443f789c841931936709ead27e9e3c4aa64b3d1,0
e5d6a7d57d6c912e06775b8845d398cfdffb9853,0
4c4a17cef54f8d207a115004a768d71b59819af5,0
39eec9114df9aef126fc2940f4d24dfd11a74de1,0
1a786419d6bc64742c7c93330a6ff6f9feef38a4,0
614b5ae32874b21a7900cca711494a359fc85724,0
ce31780c3699edadea11741cb29ee8b469800a90,0
758e1368d8789e245f46850d6e0fe6b3e86bc865,0
ecf48151ab617ee217b13affcbb1e9f4e679360b,0
973c9f6d9c3e0b724af09f1a1431ca6c36447c19,0
374ea447b8edf36e71b997b0243efc850fc045a2,0
7b47d811bc98c6a0e70e2f32153d9d30e1586e60,0
ef46e4041585442cf369437c7714119b0a205bb9,0
ccdc7c2992663a6a5980723b75f374f05b24ad3e,0
fcee79701c58edc2d6c0421de0217d19547126c6,0
76836852cd65a68b19d977ad3b531166053c8553,0
2902b9cf5d7bddd2c960ea0fc429daed5e064e4b,0
8d0ab32ab68def49cf979164d6f71c29386d9480,0
fe7729237664549e4d818052d80b514083cd6d63,0
feb134b2aa721c558dd93b1f833c860e2661203b,0
eaa92c2c2eaf6559bf94fafdcea81b95664db5b8,0
36e17e3d6cdb77b5670398398700895d97e2d2f7,0
999d7e065d2adbca021a714ba5ef1f2199dc9471,0
280751a4e1ea5384ae908c58715aab8223d8c3a3,0
e42a22ed0ddc2475d41b0805ebce8248ead2fd5a,0
4a759eadd1825dd7345df06500251c7f5c17623f,0
422ed9703704c9bb4f1c44ee799d1bc0fd5b344b,0
f821370ff09465fbbb5eeb1554dd6d9f453c022f,0
c82797194895e8aa6e94fbaceed79b8c6b4e569b,0
aa2813579c03488e81db336475aedca1c5538a2a,0
1ba7b4d1aa4371ce3f263fe1a880305fdbca290a,0
ea20ccf1ba15cfe6c2e57013279d3dba5d7d2b4e,0
c11f829b8e5468221983ae63b7090e50d6120339,0
48451f0276e34826ac6b9acaf8a2efd41134b76d,0
2e97e2c78d4c7fc905141cf849b0845cafdfa1ee,0
b99de86a664d42e8e093567b65d1dc5d126c3640,0
ed72ca041b4bdfdd12391d0206f7512ee5be0178,0
8975dca82978ee4aaa69d784aa4402274bb4f32f,0
2834270e6589169f1ad7657d0ff60b09afccf240,0
a7d32d988930f62a461bc0c5f53467fab9617673,0
3cafe820ce22f6607e64fddf046d2712766e1530,1
1a3c14c57dff0c6f5a926d53ae428e76147c2f23,0
51f590b5f7bb15439d2baf70a4c3778f063966f6,0
ad649b041ec958ebc835dbf944ad2e0c78c9114c,0
04958fbd867b019cb4c3d375523b9af2c6a1b586,0
310b5416fc73b127d5989a56e46e02befe3c07b9,0
11d0f48bf838cd5dbdf347d4545c72e10d10b361,0
a7c8c7c134a3014c248971808a63f8864b2d275b,0
199037a5bab0c834bdc8e5fcb3d3b0e1380f23e5,0
f41ce9ebc60f0e7ca2f1287f234b5ef6a2ac80aa,0
376add7c89e080f4b6a329d3a8df9825dc564cea,0
e3817f4a77ed234bc5d832cb1958d315678de818,0
ed62c0bce4e7a1971ab629499068fb7dfac170c1,0
1cde23c985b1c26bab4de9684bf23b0bbefeb33b,0
d0b43da8a4f5921f4d73c97b237071416630a00a,0
6f27a15527618772236e0d86dd56101802e4ab02,0
1c2e62d6e2b3157baab95be2ba98347dfc615af6,0
5ff0ff5930d35e268034ab18b60f0b49f253ec68,0
74adf008d8a2e72e06ec33b62e25e92734b4111d,0
f3512bd08b32eee3ca068b89ff243535caffba7a,0
a775b04593ec12136e710d52edfecb3c2dd24701,0
cb83899d77d88e4eb5cad6157bd15d2c45fafdd0,0
f633058cb8a1a754cb477c9ff4f96ef803bb9854,0
83d6c1013fc9c74379336c884c145a871747d117,0
1b0d6b19fa9e16c7ae534310519644c5927a578a,0
e918a8f426bd8b140b3dfe6b40af473ff98261c8,0
b03e5147fce59114b647408a7c973f95125f864a,0
e60d4d9445a96b7190213a3114c4bd6e08f95f07,0
404f96088937ffec69a1206f48347016f4294995,0
11993580fee5048cfafffbc610bdd42c3c26d321,0
76b2f8b961ad7b16af02a90221a28054d27ff48b,0
ec055ffbeb1ac1abe4b864981768e5365c1ff810,0
cc63af0c9cdf093b6014051a8b404c05a8eac365,0
736519013e5f4cfa108424092ee447d9548e77a7,0
29d467e8b4e9192383dba2a2ffb2fbb032b0f8d6,0
a6d3fa93eef58cbfb3baed61034768de4d129d1e,0
fe01bd09b31b2ca81525977b0bf7406b8ee21fe0,0
a6a63e30d6d72b1f454b966fa2b566888cf1f385,0
d312080a31fae5f7bc4b82be902fcc6918e257e9,0
ceddda71ba034a259cb04476eb7eb634b519f0e7,1
48efa63d7e952dd0db73748bcff04f093df8d2b9,0
1abc013edc6c8709fc4a9c60630cff5c9cfbec4d,0
6fba415ee2020d93a006065139b73b59bcdc2ca9,0
766ef0e45ad054eb36f3eb851bbb2376ada7a37a,0
a04858084bd28c05f3dfbd6866b646d8eee80b93,0
91faa78e7294084918d9d3ac1fbaf4789f48145b,0
113f0dd74fe0e0cd59fe747698dc4a00e34ef7bb,0
1117b0f34c57ab8e444582234e5521ef46044bbd,0
5379724f058717d8e89e1cfefc2402221d0653c0,0
9f241c995833817e933bb3a44b0aee3f029fcc4b,0
e7cba524cca75e7e3222decc567d0f022f2d6d18,0
e065fb22419979348e43b858899396e84826b3d2,0
bf663b5679be7acc4cfcfaa8bb7fa595fe7510a7,0
479d532cfcb80d71ce1e40584f6fa23d4aefdfb2,0
f52b3a4009da04ef6fd8859882b389536acf9bad,0
53d802c1b7200555cf31fafdd62252178f8556d9,0
302e88b610ae930fe648c699c6de6badd03475e3,0
c6fbc3d71aec5253f2e55483641c81c7b2424edc,0
e9aea8e54f7ddfd146021e00f6986f59f5a37f59,0
cee6a740d999b1edf8faf50b0e9de1f610590021,0
c5140488f2c84ba12bd32982ddeca0f866655b4f,0
d26befb253c6e405999c0637d664aed03615c9fb,0
578353aa9c684d839eefab22a40c0866876c01bc,0
c2fdafa9eb365dad8b012162da97f2b4eacddfea,0
1f75b21de341b3ea04480413ee1fc963cc435813,0
6847fb68850d408aecf32edaffa33e0c920a7e0a,0
c660717d8961f2b1dbe28e0768b8e412a51ffda9,0
294fab257e32088663682832919b638344d485ed,0
adeb85b67e7e1601b053b095cee0ca887b405e0e,0
f5bef320eb6477d44ad1026cd68305578e5413e6,0
c5c52dc74c0a37903822979c3c89f724696b2253,0
ffee14c3439800f208c8f7c93737468c94791960,0
167abc186b7d762baca7d4f0dff9b09e68454ede,0
862095d97334afa9bde7bff20fadface0327d29f,0
dc74b1cd8920a4482d2860c5fbde439a7f2d49bf,0
af473a3e53aa7d0e763bb15732015d96de42ed32,0
f15623077c0e901eb133a959520fec8d3873683c,0
929a230639d7dcba28fdeca18e79260b7bfc7ccb,0
161e8be6b0789d431184f68417de63141c85efe0,0
ee163e6c98001b54ea87e524d453aaa0d21809f1,0
1c71968a6bf307a7b731da9857e41c71247d3753,0
4903c0f8c0d39253bdb16a1bdf5a098b43d7e468,0
509ac321d78408a2c2c08caabba574ac088b2017,0
ef853dd5672506fffdad46e01fe2e8f83e780a04,0
d1c73ab4344bf8e01131d52f6e89948d529e57ce,0
5fcd964fe7d912da8af0ae6606a96735792f657b,0
de2408b23b2aebafd1ed2bed612cb2f1c8227a8c,0
989ed52d31d889dddf61e458f0475b0e9341afac,0
9f0d8d3ee39227e8f784e8a11d762db7395b3095,0
900cbc151478e1a8524f94c4375fbad2dfda50af,0
290c0977192ec9377c9ce29b7c601b58d6f6abaa,0
5b3bfd7222a0fbc29c21e83c3558b18cb0f4bb28,0
0d7f3337882aae3edf7335cafc1c434fd3d8a889,0
fae6aac44a09e261e9890032e91b3cea88ffd3d7,0
4047eb59dae851c4735f1acd0724315bccad5218,0
f9b215081b35a35893ba624e346af2efba229456,0
57edf2c5804a7638715f1b59e573fd075563740e,0
625f80a512dc2ee4df65ef0632784352d4f1ea98,0
15bcec8391a42b8b14905cb5be7cf037f5caecb0,0
8a2a80defd14b4d945ac57ce5ea99dc91cd89c14,0
759a383c425beffe8bad161de4d9dfb96c068653,0
a036960df7ebfc1553516c48cc66faf41736a633,0
19ba744eee18868e8e0260b39703f16b55bb2142,0
16297a3f709e7b5a53a226f15e44662283c88686,0
b9dfb71e45f9510b82b67e51d804b42d8a841278,0
f205550947cadc3085444bf55198e2afad599866,0
03335e9896d06c6479988bae6449582ee31dae2c,0
ba4fc27e7ead4ff6bc187a251fca6b9fc8317835,0
5198ce393c6187aa6f7de80f125a3eff33c9c4e1,0
a45beb72d85468b065f418c96dac8ca573857dc7,0
6987f8e2a013d8c0cd3caa6da96038ef3eacdf67,0
21eaf903e28233ae64005dbad0e9e236eae99600,0
b172e36c19099051412902286ce22d7eee43c9e6,0
923fafbbd9e04961bb156e9e9391a850b016a767,1
57fd048ddfb84bd60b813c5f46a900c763785f53,0
9f435afc3cd947de29e2f1a772de867e36ca1a4d,0
c2e034d32feb4955b620ecba9ffebc66e956c81b,0
4a73eed6a4a59e5851ceccabe548500c3dcf70d0,0
975b31608f2ae77fbdebabe268a649c5342a7fe0,0
57e881a3e64c101e01eaee7d38b3f6fd862ce102,0
a43820299a268af955f2d9b10c866ed94a2b25aa,0
a793d6aa13719a7230469df71c66f90a6d152275,0
a2e802eea2021a54e8b449ac6d1899f29c82571f,0
bd9ed392663e19f25520223bf71bd490b8b6577f,0
d509232ffde40f2a93b7d165bd3a614e39c4c59d,0
fc3e62112e3b98f779f3544e029d72312b6f5c2a,0
06ffd43ccec27eb29a02184b3cd14d6de822ffdf,0
c5de8db05cc398b41d7148ddcb160d8ffcc864a2,1
a1e8c5ef07f45fd56d4e6867cfbd2d7696221562,0
16efea77e84ab357baa620916be4886545f44bf9,0
091c497e4ca6feb3b04d2d3f9dc6fa0ae9f2e24e,0
4a19a10a6e4aef06fea227645f66b95d95eee33b,0
c0ca3472d6e48aec156570a69c6d51ff619cfe1d,0
a50934eac3e3c6ce74f476d668e6c9ed00b10485,0
f230048c444053f5bb0ce5bbfea21ea747326795,0
1c239cf9ba7766b02afebce07193591da127be5d,0
39ed0ebba422265328289727023253ff5e73dbb1,0
d4695503c0fd4593542abddee57450389949588b,0
3a57cb85a3d1d66861a491210b681d6b8c6d2119,0
28358578663501531df91b10727a84eb7bd92eb3,0
5727890c95cac9b3feaea50cf89bc326a9777e91,0
07d9f2b55c86f0605d25839de05c22ad00bd74a3,0
9176ef6a2e2669ca1e9c44716deed215fce5ecc6,0
d943eecab381754d1c09f2fae4291f3e538bd142,0
75921fda6cc9f8061a931913f8bd4b892b53fc49,0
7971812213a1090f4ffbc75051d79342d69136be,0
c88d42c5729d1fbabdaf4dd17a88ebdfdd3fe35b,0
709a7626dc49c27938a6bc8a6a2a2599710f43c4,0
791dfbfdd3b7b4808e987cd7ffa009590cd8e2a0,0
947b18df9d2b9bf1514bb4d5d0d2c71bd076e225,0
ea5599588ab27ffa3662a06299cfe1fc77b13f37,0
eff3618330c5678da3d4b2e36b2d96ccdb7c1c5e,0
03f5b54aa66af4378616a2b8bc392e2035692947,0
42e2a10ab781aaa68d0cf9a98eed6e994d154511,0
ba762f01bf5c40f30c517d40ef0a0c9d93843e35,0
970e7cba830465ea5dab7ebc878a545eb9d6f4e6,0
407fbf79010d90c44b616514f35dbdbd74d2d839,0
45cf5eb6e22f0014bf6937886f7f1239d626088b,0
5edf61dc6cacf1fc6cab63b333b593d37d0b1fdb,0
1c3484d0cbfc364748245950a47e02a8a6de9281,0
7d09aba561d93e0ecf27e31724983d127c59725d,0
76b096650cb92b711271f986a238fcee455f3bdf,0
2b6c8cc6ef0a4a802fdcb18a8250567c61ad89b0,0
dee11921dbcb3235596895d38b37ec8aea0999e6,0
c862d0170a2865f94d5601f0c0a2556a24dff3e9,0
68d14fcd5f6b708c688bdd224284fccef8a7d423,0
fa65473937042b54da83aa9ff242f2669ca5b5a8,1
48f60b10d66b7f77befa8c6aadedee3b6b762591,0
257409a9b85a07caa6ba06d6b017216ccfa4c217,0
7c238ecb2693024ef1a66077ac9d687ea0343f4c,0
1b32987f3fb8a8e7f9619a4a6d9c347c33e1d6d1,0
cfedbcf010c923cf7f3d089500c6ac31eeda1f31,0
0b9581d33c0866aa43a7c2da3d745e8be1fb9b31,0
ee871ad1bc5f988bf8cc48f1fc8b3aa92a7cd544,0
d31fd2869c5ab700e7f8fad838f004425595ba4c,0
344e0a84fc59473ac5d0163354b373178a56f254,0
2665b573c2559d2a443ed0d8775af1df9fc1e9db,0
55b7a90e776f4d17c8d74ff3c5165fa8cd4e7110,0
30421b988500204c9dcc83a2c5a31e9ae51060d4,0
524f72576fce27b11c50fd0742f45ac404300e49,0
a3d90205adf45dfb4b061be5c65ac9296583992b,0
7525cb09a13f92b20aa87c55be7c7452abd860b8,0
a812d3fab4f3a8c41be6f894e0127fca04d112a3,0
894248422471fdd58bc007e7ef21cb5760aca2d0,0
ab276f0500f039e0f719fe281964115bd0497ac1,0
44117f26f40ac43cf1058f450907d93dfeb6f5cb,0
560411ca16d0ecae3f995d221173e42359c481d8,0
616566f7a500a525044304b83033c6b1e33338d6,0
77221f821296f209097c83ab0da1e5c0d5148f33,0
81fa7e4074ea62e977835a25110d1bee74d4565f,0
9e846e25ce1e0bc0fb331b0350807b4c33e83c5f,0
cc62ed1c35664909b6d34f1820a4a5bfcf0507b8,0
aaf78c266b779b9bc6862bfbe28d23cce6f7bb3f,0
9ff80501b88abdb37e59ed063c2d09c232ef8601,0
9bc786e1ea71317e10d08729484ec0b73a2f91e2,0
8557cb9dcc4934a4376833a987a10bc0e64d4963,0
ffa8e426c21aa59ff2c09de120d5ddae5d5c03d1,0
ad0091301aa74832e596fd0ccad885ec2ae1d4bf,0
094fefe2a8ace08900a122b81e231ce752cf9c51,0
2c5f7e8f639c0535c1d7445e9ec82f2a55c3280d,0
fe3b32f6c39f5ec607d6e3c255c62493210d754e,0
42de55f554a217e4390ffc2741ac9829106db9c3,0
0716fbf843afc156491084deed0d6d44ea6ae5fa,0
c8336324032a3c78fd16a782b143d97464db3358,0
1b508700f3e08ffd3885d1947f58f6c96465b2c2,0
913b7e065e75521fcdb43d5be78878e41a4b0672,0
dfd1694cc6dbc232e1b1bacd48bf1ec9a994a940,0
2099f33997ab46f79603085ec70202f8b471169e,0
c7e405cabfd056ebf4a4cdcb0a598797c1c2663f,0
8604e34be2e827cbe201ce2302bbe230ad91ff9f,0
f8afac0430f4c0c3959fb19bed7c6ea7db3a33b5,0
e9bfc80c95f14951f1b683587575b5f2b7f28002,0
9cf3f4897baa2a7dee5c82b519a991cb7b5503d2,0
71d6ebefe2dde74c4d2c24a787f0afc764501b12,0
2a09b2087eb3bebaf01e6883f49d5e1ba85ae8c5,0
d5e824b336d34edc9b7811cf3be8b9ca8b5b39dc,0
b8a16a07b24709f16c43107cf8139b37566debd5,0
d403a43dddbc2a3b952ba54d01e6a69669586300,0
5ea5c1a3866a03ac7ef259d866b12e37edd53397,0
f586294bfa9b6955922085e8694a5a7490aa06e9,0
5b70b75851c65261cfd520bdea63ac60a858e2b0,0
c0a723b837217724fc803955c1cb3cf1802b9d97,0
3bef81169d15329b37bbe4f47639c28f5b52a8cf,0
a3326eea99da8a4f839e325db99eb4f6be11a76c,0
1f28ff898b7086c36548064011adb743d1a7ed17,0
d1a6e3c5e2685cf3ab936a51317257cc4305b5ad,0
f65733972114d3055953e9f3c89aea4aa8c387b3,0
865a847d56439770bd0bfe30965521e0439eecfb,0
0ff2f77ea8f015a94ac83d0ad2c8b69dc8e66111,0
f7cc1a1f696c1265d6d792b42004ee93706dae9c,0
4f17a182a76595a3829eabb93b120e35d934f52b,0
4540d2863d20671c89bbbf32eb7416afbefd1c6b,0
97622a37c2fe0db6cf8f23e4a489def4e60ab825,0
acf594e61a89f396d3668f2db1279abb1f8f3c7d,0
14d2529e38e552ddde80e5e0e113774a4f11dfbd,0
6919326fe47d5566ff19568dd909cbe68c179e0c,0
8ff5cd3a852e32036c5fd7b415ed07d706920aec,0
0432904cba763a0d2ae21779bd6b3b484a91060e,0
58aa56df1f6ed19f93f29365babfbf08b204a320,0
5a48d42f990fe01933cec8a6969c3338011daf6d,0
bb28b959e5a1280780bad2f456e544885eaae09f,0
361285c63487fc44c434780a4ca15c5673cc87a9,0
36e6c11079a1f867dffbd92d9db93c602fc1c4fa,0
373fcaad704a6aa5c975f4f771b6b593a046ac72,0
818909b28660fe4ef829d8e5949fea904d77cba7,0
1156adaa32c595551891fa4c52e2021ce79b226f,0
0284a32253725e8e49e5065ef826a3827e6d7264,0
b2d07792a05b3598ac9b5abb8857ff6b6b119e3c,0
46ba4bc6b0dfb54a2a8db67e2f46cbeb207ec705,0
e12af161b2dabbdcc31f26a3fb113e8da9a8bc38,0
431235c38865a235ae387f1ef4868922d8efe52d,0
408184cefcb6d2b95bce5ae483bc47446d73fb8c,0
2b53f309ce437efb02d8fd8c6fd8a7983535af96,0
97a8669b27a3254eeb17972a4dc6c8bd6feef8cb,0
9abec11e1aa4079f7e4591620cc19ff2059f9b2b,0
2a04452b468bbe3bede751b7db7224454c9ef17a,0
e0c2409b59b7a3fd87fa2cc754c9cb642f2a3984,0
7e0c5e4c94a114c9fb39a861a735cdae51afaf57,0
f64ac4cf3fda13a6b7b2712b3f7275b3902eec60,0
6af87de2d085a1224feec4ccaa88a0fbc6595006,0
17c80b889dd561a0a1f704c3d93ba2fdcc07cd47,0
9587a274d51357cc87ea8a64f9c4e80bb1765dff,0
0357049cf99150b83c958eec31c8a23d33018064,0
8817b2cced29228125275c6871c93daf4c09fb1f,0
edb267f595013f336c90017918bc74c0239cd914,0
2566731f5d824de5348a55456cda5ef6ef7fc209,0
e30c764a67ae95ef803dbe6bff93b61c9dbff6b0,0
3cbe39198d04115923456c3e62bccb6795f50323,0
7a40cd30e35e0117c21800914d27307cb24a5241,0
faacf9da6d41b346c73a71393ac4a7c7eacf22fd,0
f9641fae3def8457ac754e657045fe8cd1456d62,0
d963bcb79495a35227a4d34f1b4b2b7665bfdd28,1
28c76c3823c596400d281840ed943cb24de75f78,0
92d8176168551c5da5f7ecdbb5607a6f01f90a11,0
4768d0f67c1edeb4c608f4cb7a5624180aca93d5,0
b74de711935d0c67d2520d0c434a9727a4a4b52c,0
23ececc92478f08e312e2b164c2854fb9b68e353,0
4efb79fa4b2af252f4f000f48921f3cea00dce1e,0
2de5a552e25ada83184c0172ace05157ff18ffb6,0
1f60f4c336288f45a56ae5de1f0f6b423236fb12,0
c4c04fddbb59fd31906b02ee5d81b89c8ba92fcb,0
ab6ee1cbcf1111dac9c1a429576b0c0a2a26fb48,0
f3c9fb96c4f0759013bfc97872f2c111d120b7a9,0
5b1aaeff19ba38e6f80ebef41fb86f00843fab31,0
224c4cec16766e783542f98293e133c6302f5cc3,0
dc08785c4b8a274dac90a935b674a2c53b8c242a,0
00853f75a02c1d2abc58621290d59227db0fdc52,0
05b9c0d9eff379fe347ba29db2bc8e7c262bb483,0
d9c20f5f50d3a6cdf9433f241dd75813405e0eef,0
dd30302165b071feab0046ed86376114cff6e490,0
9ff49f4732b1b1206de5a9a3ade451b7bac162a0,0
e51f7e18c957d7f27728b31297751e9d898f49da,0
abc1e787fbbbb63796b232bf76139d8b402e7b20,0
216890bca72a709de8d84504579f2086d1631743,0
b6f079375e97299adb9554884190a2dceb2e7d34,0
19d5fd2c519d03d1450e0f4dd1867c2195815ded,0
3f5a8ae512fe9e94d5d6dc38a8d90f484c604a0b,0
a4a7e5eade3fbe27c3852feaf9f51193196b187c,0
347560292188be15df12469722e1ef05b9372343,0
b52a9369a305d8563b40f46915650f30ec8a557a,0
d62cd6d15ed547393bfc1d60bda14c9d113c5133,0
aeebe99c7bd82064184db562bb149b421a5efb1e,0
213e42f629c14a2b8f8304bd7a7cb3c8a5cdc7a7,0
7c408ee819ebfda4fb524c273ef4dd8da727f1cd,0
5d0d0774e79ab9afbcc708d2c452a243ecafeea6,0
c5961af4d7a14d09e1ebf9c0e5f39d2603168e7f,0
9bf6210bc6c2e1968d74d6c1b6d8e76936b18d5d,0
0bea61856040da5f82b48d1279daeaf48a197e0a,0
9fa0f41329a348ec7739a35f4bde25e4c53a0386,0
15819741d9e439214ab09dd7b5bdb33d8c987925,0
2e97e0574b2eec6150ee848e9903cfc090fae721,0
8396ad1eee28d27b207f6d66be891f400afdff5a,0
57e0065efc2eb713aaa57a9ddca7a483437168fc,0
c0e477e8b35d366e48daf8628818fdacbb653014,0
b88a42e310ddf4d545bd9d6e22fc3e4d6406589d,0
3e1723c151253ff713c460f1291cdf5fcb176890,0
d359fd1cf2b5bd936738eee5889c9891c0ed6aec,0
29d74f130c48ca73e4b971bffb766546da3d1f0d,0
51db3a56a4a5a2db5a8e95fdf680501472325487,0
a7b95a248e0b0ecf7e015274253db7c1be10a98b,0
114faaa15015c71e1a4b069d854934de7a20caf9,0
19db46f3139ad21a1167619bd8f606715110ed55,1
2ce440d67ea39a04f7469dc6597cdc39c7ad3b29,0
87282cf054d3b8c9e603edf003236fe63ce1c666,0
0387bba4f6118052eb9f4812e29ed5abceefbbf9,0
482460ed509cd84dcecbd1b4a35d9f4cb5bbae24,0
b12ae2e461aa90290db90adc62c3df413b8fb24b,0
a8e7df311a770240c5c88a451d6d4895dafb53e2,0
89810085dd466db71b20d97712f33cd3204892d2,0
584d0344d8939355ff8d9e332187d6d112af37e2,0
86cbc45a86dacaeec74f05c85e89c3c9316c1905,0
a8fabd30780b73dacbe5fd072154cc2c6967a080,0
1555257b81029aa40daca478d34dbe3c5f641bea,0
0e56b09c2d7b06ba1c4992ec9dfdaf240edcf8de,0
5a20a626ec33ed2d31b534b70c3dd0c711caec65,0
c5b152cb5cddb5fd2f8caff2c0986ac325c21b9a,0
5e8fcb058c8d2ea6134314cfb7f644f1a04cb669,0
4e4c7cd2981c2218709d4d18b20aaefe7798c938,0
3129d7714abdb869f6f2b33207620dfacd0bba86,0
78d3e76dddc3dd56598242972f463c006a11f76f,0
abf37ce27808a282f89e56db1fbdcbeaa3b30b2f,0
19acc41e131ae2a0019d31a4ea8960b45652c5a6,0
669b13f4623f2e82de966250492d56a2d7e56e65,0
44f6ab29bbed40df6b4d874dce9eb2eb68ff77e5,0
a19182fabfb150b7c7e0a9f8b6f6779120e6fcee,1
3ccfb2d22f1e2f9e9e3afc298e715d7a02e89c3a,0
fce1781851482aeb222055b88d3d211711332661,0
7cfd3fadc54993eedf39900e16f03bfe653a9b2f,0
4111b0bf1f2c573391d954b1cfbd079ad6781c24,0
a0364c6cd25e04c5a9d8e765cdb4dd7d08547d05,0
c50babfe70a7941fa5627b1f34b6b2c12f5b2066,0
2f058925abffac5713315fddffbfce5a8e84f25d,0
78487c4c5ba3a898cd2d3012193be16bab1d760c,0
c5087114f256a1ad830bca776dbeb0e62c870203,0
615d52f70d0bedf48c23d0e7e2bd9366caa34867,0
f48c2ac23ae9c45ac4882d6caba96893a8264dac,0
6e1f91c944d12b610ccaa33714959d59b5e8583d,0
c20568ee390804d176e245a711b0e529ba8a0eb9,0
5b07114f5fa98f3d677c43a633e14306ce3781a1,0
f0af9e781427873c9a28e3c9920330eef2a27b4f,0
208597e472efc1cb233a7da13bf1c35b851af17b,0
aea4cad3e9d0055218714aa4578b138b5910ad18,0
288d378f4090affc4dd5039bfa4855fbbbed20b2,0
daa737738b72536dfec8f16e1ef895afd8f1d664,0
96b13bc4fc268356778dc37524a0d995c175462b,0
60dc776256c217d2d1608f61990caca443fc41bf,0
0927876383123c08d57e750e1bb86e2937dc3839,0
bea2b4e9ea94d1103385e7759c4ab528e9e17420,0
481dd2c294db220ab9176ec36251e071b6a30373,0
877f6ea535780f6e2bdf11a2aba5f0a3a2c4864c,0
bd196a15d4fd9509771c22fb58b8c45e84736095,0
a97b2ff454e3fade51b1e05e8b097d549656e01a,0
4dbe35d359b84867928c7d7a50b79fc552490cbb,0
090b2db50c827e86e6525598470c7963c35f59cf,1
aab5f2b44cc5a6864630ee23bf5a79d71fdae9a9,0
c4a2dd84df6ddcaffeb6f2d788aa2fe2fd2a8272,0
16c83fd896420b21e0d56fa0c05842cbf347a0c6,0
d229702cace2cecd87f91487e1ae0e57a7a7ba43,0
db1e09c815847d5d11d063bb925af61e1784ac40,1
18382e40fce72c3012467787ef8ea92a5873a9bf,0
edfe1b948e3f97c217149a83a7d3db223166b7a1,0
bbc08389fc465524fd448b7fa2f5c175ae3045c7,0
735fc9ef2399ba079d3a4ca07b345c3d47082126,0
cb548a6c2874dd68dc038160fa67149898ee90f0,0
eab12369005726463da774af5b16c0334c704751,0
5d1165f6a12428c96de15f4a99757e97869c8256,0
bbcba2e101e67cfaf12e3ac194fe0afd73924413,0
9243bf12d6f098f20a12e7f4e14bebee76c907df,0
71e6f40506bb3987f86610384da6e364ded77561,0
6502e1f3e08c06da154ee054fc003d07d6956ecf,0
078463c1fb28d81ccaf77235e702377797220ad7,0
bbd89f2cc41d4dc0f8a84b10af2ff0db2de3c744,0
3d53870978244e4bf39ba77d3d3a972c878988a9,0
2e76c094566304449cfb9b201766c53222e19a37,0
f36668262181e6f225c7a7cac0af2e28ac3786f9,0
7f184283346c15b4e5701f996200b3ec99439aa2,0
79be709f43b6bbe417ec057c636695c08b4af4f5,0
76b9a7fcc1b6d6cfcd9447f2fb8f48b78b0646d0,0
e40bec14897c1462ab43a5ff567cd9f80193ca23,0
2bff4be4f58a70359154b9b5752074586ff3c852,1
83b431e47c3b9fb9ddd723ba7afd2736ff3aaa47,0
63f6b648d56ef3aae2eae3cc50c4a4427a59f66b,0
d11ba03910935e72cc392354a4494f21ad4b7d0a,0
7091ff80cb0555dd76a11f2125345968a38cef5e,0
5aefe0fd83ff51b17aa9480c1ee5770212e78f72,0
fd37ee0c6b5d3339b95829e8fdab1ba938fd04db,0
f12513ebe96919f9bfab5f5c1aeaf4a9564fcf25,0
37ff513f3b72e5c0f9609d94667f306d0f2632f1,0
c08d5f949384dcf16fd45c6c2caef73ef71ffd44,0
9fc10fc37ed58612267c3fb01f2cf39915c313ef,0
b38b0604f33c5912c08b7bf582404f499176eefa,0
b0f75b4131d7c45acfe6ba92a00fe1b30f577e9a,0
ecc63d8884322809c9d9324e4f05d77bca7b1f11,0
743ac5b96366b7df7d5622a672e2bceb64e9cbde,0
5df1d68555ef0d08ff2420e67565c1eae86a33cb,0
3588c4dd6e0e39a9570f7a08b2ad732703bee615,0
8a848285e925e3f98e5a4e67ee3e7f295f616d95,0
703d0e1491849c06d817960551e647b1aab5840c,0
faf666d58946bfa1c082a1428e2c189bb972aecc,0
e0d5da9c87a724eb32efa202e4b5c745ed70ce5c,0
b845aab6c49882fab471a27b075fc4a3e19caa57,0
42d8f8e67387b343009dfccd9fe31f60a1ac2e32,0
ffb34d1db3678fd62cd727c8b23193446075f573,0
81849ea1c08f413f21e88911354f35e8d1928f79,0
ee5a905e46ec5d3f389b2cd886b3a5971ac1c4bc,0
69618ed5396fbad7dd776e08525597121d100fbf,0
26282156cfd802ac257340a78f29f05bf0ce77f7,0
43adbcaf104dedb3f831412c2aa7b264961214b9,0
2bfa2a34f58d94eaf2195983e6c80e1f347d6718,0
4b24c5cbc1ff4bb195df68390e9e620c55eb863b,0
951c4fd99c8b8afeed0264959b2b4d3d3ec9373a,0
6754c8186d809ab2c6ffa5b3b72234060b44d37c,0
8b9f39fb98d63d38b2348d3da43cddb065938b5a,0
54f0937f6605251c36372bf4c9e16518c2ec83d8,0
2fd84fe4582045b7a86fef62288836a8dce98baf,0
83ce2804e9245c99f58de83068efa9683d3ec5d3,0
bd1f5640ff8eef140eb7f8c78f23eeae6333f1c4,0
4bdcf5423dccd43930109eb9fd23c13307daa176,0
8f49be2bef350f3f97851283d0f84ca5e59d833f,0
d615d66d5f87994a8d03eae0235ed530099b42cb,0
a55ed3b8a6fc5b78070f77704f6bce7ce7862c75,0
8bd64da66462f050fa77dd01e3181cdbaf9b3e81,0
f1fe42e6a9ed49d2d887e733f6ed8bac99e09614,0
0b98716eabf78c2957bde2f3cfb0f28e7c6fd333,0
395dd07e5ffb26f06e13e687eb98cb91c3154caa,0
d0ff161c3c7055f72580290feafe366563fe25d5,0
b6a622d0026eb152cfea104b443ef3bfbfddbf5c,0
bc28fc5a67a1ff31ac3c7f061cc093cd3d0f97a5,0
d3650a4222b5e43683eb4fb0e8962f0094e683c3,0
91fdd98e952529de95085cd6c33326c16c6edf4e,0
2dc8212bbb51b1867de1876f410df3b0e7d79cb1,0
47559832648ca508b9909c624e256d0880d0da49,0
d179d982b970a41e9e515e98d928596793649f22,0
bc2f23ff5ac1a12db0517d8c1de2e0c79c16b670,0
3dbfc0fe793151816d2fadcc00850a0b35ba38c0,0
560c856c4c7f899505c293798e4c058a3f25334f,0
2d871ab4e1bb4d45945eb2d99ac4cf1810f624c2,0
8c2547ec585213078c73c495ecefe80c6bda66d2,0
ae320f3d468fac2e4af6163799454ff4a33df548,0
49cd26402a25548694656fac1e56d602bc2d5782,0
be64b948c7593f28727491e458be8064911e0260,0
26b0cd91ab30182060b796a448b0fb644d7ef743,0
975dddf92571c339ed9405d16e9bb058a12489a7,0
997bd7ea004a9e44d60b56d88569740154a30788,0
1f7c2833d2d06c8b442c6fad2335a153fe89a944,0
1e2b0517fd89e12f1246924a4ca979fbe85b27e0,0
d83481ed05bf4ae2e446f9a712562795ad5a6918,0
831918874d19b069ccac7f4cc8dc049d25058f03,0
dff4fe0cb3b347b69aec4345e5f53b920446d612,0
db2e9e0dc357cf04c32ef726dd8732798a121d51,0
6e44a4b9b86d6323390e6091156d7d54fea2dc36,1
f5f29dad96ea039059177b930fe75d1d732a7342,0
6ad368bac42a50e7d6faae093340d501d55157d0,0
f0b326ebd2aa5c94259d51cb45217e949663a842,0
d863e9699396a66a84f02d1379e611999c009972,0
70e56f715d379ddc862c0858448210583e762274,0
7310823e4fb6d6cd28df444cb5a253c9dddc1be9,1
4303e6904546af77df1ce75a271f160be011c6b0,0
9fc0cadf64b4cff2afd9789f5108ed67450bf4e7,0
a0133fa301fddf8d03c1f8ec80432db69022f986,0
d950257d0e494c28e14fc72600f2b28adf2bbfcb,0
af902ee734622708410abdb416036aea0dfa3446,0
5b35d47dbffd20789c49aebf124321d4fbe1fac1,0
55e7b9fd5ab8f3bac8b7319c072e397c15e56e69,0
0f8aaf0900f31a0fa87d86f1bad5ba9040890c09,0
7e8c9ce4255bf797c0dc68ba57d8c92b79e62256,0
376a507cb1ec8de0b102b9a58d68f454540da50e,0
30d760187f345d877d442b9e1cbac852d6f10efe,0
2cb5b697b69bbaf74cb97a1048e6ddc671c3eeed,0
ac94bf95da859bbf98e8e8b272f788bec7e434f2,0
54247bbde634f003d9480fe142c509261630f3e8,0
308f7fa43815596f8d487277e443d0f6da040ad0,0
9a1a3b675d1ae496bf7cfdf6b032cc46318437dd,0
7fc0dd31ee40966bb3b4e1f1a512dca0ddbd271d,0
8d90b213a31c386613a72b351a347072aba31567,0
1adc8a168b95ade1b8c27587bbcac2fd08257ce2,0
23ba895cba2b0128a4ebcd33d2d488644168f225,0
955896d31f13033cdea55c217a929971bb0c4bc9,0
d17aaadc5912529c4fe4699d6dd9c51ec0006c53,0
4aff07891f7dddd45d815beed5d1759385fafc60,0
fac5b460b15f0401942ff845ea615bdb507fcde7,0
da0d083b882ab9621ec047c1529fbf8bccd4cef5,0
cd47069d8f6f1f020351b74fe7d55c545925acac,0
e9dac6b50b4104fbf188690c780e18ea9eef595c,0
1c0f2a8b2a36df2c1d33ad9e747451ce96cfad4a,0
cfb3c54ba426cb316fbad6504824643622d29ea6,0
c88cf000c9947baa796b828b4530c08ee6bc9739,0
d335c7a9279373e50d5b109a6b69573ebaf8e2b8,0
251b2ef2c3d12ac3315e52c5c7cfd64d5deb2991,0
1ae26447879ea604175512eaf023216e5fbc8e9f,0
b04bd9d164005e54927e0dda37098ce7ff84b6c9,0
9699ded76cf053be07f57ca0f81676e4e1000260,1
47c9c36049f3aad1d8275abefc78f928a29a8200,0
307d7cab71eea0b8df2ab3be3e2ef5dc42db1c15,0
db711dc78e24df2920a9b96441ff678f21873dee,0
cde8bafd419ca8fbd591978b8274cd65fb26fafb,0
449db06a30dfa78de9cc87a626075274fc137f36,0
3126fb452a98dfc02136f7398312958d3c304540,0
12fe38cbdcc7269f513e6e9933d0f86563793c88,0
b8ae8d3986bbbe3f6fbc43b485a4f6a1f8d1eb80,0
644bef96a806ffc1426c1a8338331995f96422da,0
615d2958e7da5dccec5fc5b16b8354fe2288a672,0
447982f9093380cea909323f504c14f7199a644d,0
c18a349735ccfe80f778b18c54abfcb100fc3553,0
276e23b1d1340edda66a1082b1c70afb2728c826,0
89c836bb7ac4ed098665ca7593ba1e96650f7e77,0
56c03277acde0af69a56ebcaca82e9d3ae1aeb8f,0
ff0c376c0f97a09c0d05a05b25a96ab9d8bf8a1c,0
b1d3ec1c2ed98c9b3745d8fd6f7823e20820848c,0
91cd807de3e6097049bde4210e3eb25a72a0b885,0
f173bd9212ed6299e59fc4dd16abda9a04eb77e3,0
178dbeb14de9e42ab08d6a324d0300bcbd8df356,0
dc87a406548745642b7e9666ce546d105e87219f,0
5f3877f31110ea0ada338255604e74a7ff2c0ed4,0
da89427b841cc7969051c56f773572d71d7b2c5f,0
81a2f32ed034f36e86a7bcef743629bef9f0d2f6,0
029bbce6900e98c91a667a9d6d6be33906b262d3,0
59d2500e6295906511dc69cb0d3753e4a5680dc1,0
4c428838af348e05cf46a198b08e31c7cdfc19fb,0
c51189140bd8deef22aa6800db3e60dc47551cd1,0
6d5494b75e0f526441a1bda3cd70ca529cd7f7ed,0
81daa24d032042361bf8997172b94bb20e3654c8,0
1aded7cf60772246c81607a67b28e3c0b04a879a,0
f26e85a91d3018269166fa8ec41b959390736bf4,0
dfee08fb90552abbe3af9a60f967f270e3b74262,0
cc08f441285683a24495d08c0e3ab8a2c985ef80,1
23e2a3b65be06d18c02f6281b9077ab68faaf329,0
5380f68189b7ba8c1c60c623533b7c280db0f177,0
84f097a410612cb06617e098076f0afdf6b859f6,0
3c9285c1ed3359b5a1551cb8047db3fa68781f9a,0
c41d2cc2775c6f8c4d66a596e3c5a4ab609f595e,0
d101980dd242eb3e09f73fd915320a5ede246027,0
4508b4d54c9d1c0b078264603fb2d02f304e31f5,0
4cb4c78b6e4cb8614d55686a705c36613ff7a8c8,0
649bd706e22afe67666cb3b4271931e6c41e4304,0
e805a9127511189cff4cd54731f96c3f10e8fac3,0
eb3b75d93138b6712bc86470bbe392e992657104,0
4e1fa812a01e39632888d9d0aa1ad3bd4035e622,0
5ee209a9252464d7054beab735ec679ae3d67aba,0
373adec431d6de4dfb2c6b109268eb033ef636e0,0
0be88eceaf07cc554d2c5e48ac4bb4c72a013387,0
f255a1462cee1378834e9984b745d707b1240de0,0
78d4e3408b7d001e347ac070ed41df1e6cc83be1,0
7f667ec5e250e31b26e4ee3c1d468d3c5f5aa361,0
7ca208349b3a9c9f0d788b645f1cb74b1ef40dd7,0
ffb2f1856567f86b8f0351c969c909aefeaf1ad7,0
344e2bb06cad0cba15ce335ba6bd181b3ed245c0,1
d1da6795bc731ebf258dee2c61478bad16686fa9,0
4fc796f4b406e8fcff1a89cb8044a1da54657a51,0
341f0e3ed262625e8c412d60effdbb1cb8516154,0
edd4e720a6426324347d09a6b08f72f327a3387c,0
78ebfda6efe9a49734d3f29c6d45ce87b298f8c1,0
72740bcc865b56b748988865ba67b21b624a56aa,0
15646a285fc3317a14f02ff6c75a2d9489cc8f36,0
308e2f4421f0ce31b80ffe6094b8aab2cbfb6048,0
1ee556d70b16d2bf8baa5ca404e4ae8a41c27bec,0
715a473376fba72268c43c17034e2caeb02e9b8f,0
6a12c38cf6f4ec305331daae02aa202b3d28cd83,0
e1a9864a88bed064ef223fabc9e5e53bf86266fb,0
cb3295c2f8340faade037d32d45ae655d2eb70f1,0
9d9496426d2acc763b1d4944578120d03e8b3108,0
92ef670d02180e1fae47e75bd694d4dc00e89ef4,0
8dcae2d24881bce1682c79460c31fc6e25b4e70a,0
f8b4ff9f20384f91487839bb61888b5016b411bf,0
8e4b4508d7deb1758f91117c6eeea9b7e75805a8,0
dcc30381f5433c8635299cbdc5daf439b4bfe1c6,0
aa6f0ab01faea69814565c936a3633fd53af5e31,1
e343288c0d436da631aef2c132784f024df8260a,0
0a5d3599129368ba3c689f5ee6d7adad5cccd138,0
8c3458dec22a0fbf0ccaffc1536dac25f38e65c1,0
301f07cdfad621365462ea8f754b216534828f8b,0
749a8c6afb1fcb81d36b0ef554a6230e9ab13f49,0
5ee7d9a5446e937c008480f057326138f343510b,0
851be16ce2d61e1d0e8122e87cd3d9b987e546f7,0
e099ceb27ffde9c7747b1e612e71f73c623f627e,0
87467803bcfe76dcded6a6c763f029b46957bd07,0
f82cb198e4f33e8112006d8bbbf93382a54dc22d,0
1864fba7941d449b7695c86d19e1dbf267a5c802,0
839cbd1e87fa88e8a3cf3427384459ebe81df897,0
7472ee0d8db0e898b3033f4d31f9065df1285f13,0
9b9c8094fb39eebb5d852fa06319e6c6d5f7eca3,0
6d53d4bc5265e2d377b0ee52ab2610442998a43b,0
9943306bb035f1a271338305cee95cd843e962c5,0
035aa2351286256b665410d0280f0df02ec719cf,0
68673104e7638a4db5036da8589341391aaa5675,0
fbb5ab8ed97c746a754aa6313e6189979c21df06,0
a23a885fedaee38874b438c57c1c404c85accb51,0
5f03907ab4613b3b9d293661bc48d3a0e302dc1a,0
10bab725ea272d4b39ec7e3dee4cfd22830c1f77,0
f2b1da920d423e38b5092cf0277f194ed1d90eb1,0
114ac7de781a87d0a61306c54b101153da5f106a,0
9482f81619068f55c1930c6f75d78300a48e0bbb,0
9b4a84a7bb303edbfa11cb5f6834eb4ccae0315f,0
a371e81604f34fbdf7c61b8bf4f38d81cd0b7c5b,0
42f7ad9fb1e3ad45a4bc2950b79afe2d38584d42,0
fd7dd4380783444a70d1bac6fb8b183cafc895a7,0
9496f6293c90bdc389b33db31afb6d0f1d7c3f15,0
ae04f09233d699e4ab85fb3d93ee47444abf2dc1,0
33e5c03827dfdd7f54dc05780dde14de5af827fa,0
83aa2187e75b841ff5baaf5d79eaf3f5e6fb4346,0
b20b13c95cb8801a44973bab8eafc748c55032e0,0
50148f445ac766e1c374c3f0970f2f3421f9e049,0
06b129a2ae5e906678f45f2686826d1aeefa80d4,0
670fad84ea5cd6fddd7b10a94a977c01684a1666,0
609f2268908c25128dddad228d94553910ab9e8c,0
1283dfcdb66d145d6406c3d241e80a2f58623a9c,0
b30564a2190caf9671529256907528337218432f,0
42ae02edb99c160a7fa6637dedc3e2a4de15b261,0
dabf75e73ba6c8ddce59fc668f82289eabd4a647,0
c6283080d4360a9f94828df0515cdca9f0ccddae,0
d90f4c1bb2bd9d810dbeef41bbfe2bc8ce60c9ae,0
7e42c20acda827b1fa2b5e9c9e15f4736b0d5f89,0
aa44172d2b2c66153bdbaf8eeac14603063b86d1,0
0542af36266c8fca75468ff089b1c6b1bd5fbbb0,0
1d9878fd007957e9de30db829b3300d63e698621,0
a09d03036fd62c98b31588138f3acd911cd9567b,0
e1d023de55e147fd8176363ca5505405fb4e8cdf,0
35c2a9a2571d3d6ff1bebf1868dc54ad1d9847af,0
aa3b03b6afa7be668fc25a57857f3096c7e91c51,0
ec6f23f4913581de299dbf8d7a901a32cc117592,0
b53ab9fedf06801bc8bb3200d57c6ae89c5ea03e,0
4222fc43d7c6d372af7f280602a29498295b2385,0
ae967782feba75c198a1ce10e6c4832b477a725b,0
9ce1fe3c5eb711eb5eca2d1e4a02141394a2c260,0
4ac134c6f67de557960f837b83461e6b288d8df0,0
42b1f91cd5be027329f27c77060de23f14df6920,0
67841ad5f4ac50abe7fad841f39413fa33546bcc,0
ab323e248fe0b93253b74b1bcd4abb0fcd962baf,0
1d378b37764a4989035b39d453453d7467397af4,0
837ba7194ab8fd531318edc8baa1d340d5783b7f,0
a261e5ff796876004fca8a463510e8f1adcc9886,1
dc92e09cd26a6d98e85b9a79b95bfd8016061923,0
908dc923b6359c10fe402819a7e83daed0b01f85,0
c7b49d0d9f497e6543e1646eef5ef90bfbb538ac,0
b03cad9692b54d555e67090f4b4b5198a9233139,0
72a2a1999d830cba08b9a7d65c8c2a01e6a60f40,0
60bd52cadd9aecaae5c42ce417382cd8ccbc29ff,1
19d749a0aeb3801f4466ec6386f11991fbd8c657,0
463d0c68dde8e961d200f269d9f4a6baba2a5eb1,0
5311f794e7ec26780bcfb536d4b173fdba4855f7,0
b2382d71077779aa7876619cb020f7745d8145d7,0
b1b5f55badf175529d84da23e7fa7293dfe0125c,0
042c13867528e8e0feddae5dd661a8b39a58d10f,0
65973504905444e4e7948c7377e21cc057f51ea8,0
5818b8ec76ba0196d43c6a173d760343eb6d4a1b,0
3b48a2bbc405ccc3b221ba29b18bf0fb1ecb444e,0
53d4f55d59f1d6c351590c2c407edabd81146024,0
82f26fe03c6ab56e585438e106258e642c0a316c,0
8938f8ceb42217e6d96101583bec013314c5e712,0
af28a8b4066704ff996b8ba8f2f5b8b3e3c0d938,0
87d0a4e0a0c461303cfdbe1ed1ff75b8076a5223,0
ed3000adfd77aa6a5d141114c08526bc0f607e96,0
