variant,project,TP,FP,FN,TN,N,precision,recall,f1,gmean,fp_rate,fn_rate,mcc,kappa
BSZZ,ant-ivy,284,451,48,988,1771,0.38639455782312926,0.8554216867469879,0.5323336457357077,0.7663694843821057,0.3134120917303683,0.14457831325301204,0.42932172567157184,0.3694932353132132
BSZZ,commons-bcel,29,86,31,679,825,0.25217391304347825,0.48333333333333334,0.3314285714285714,0.6549792526109224,0.11241830065359477,0.5166666666666667,0.27810108501936365,0.26076967260195294
BSZZ,commons-beanutils,34,195,3,379,611,0.14847161572052403,0.918918918918919,0.2556390977443609,0.7789368595289833,0.3397212543554007,0.08108108108108109,0.2853870009670157,0.16899299354306907
BSZZ,commons-codec,29,241,7,484,761,0.10740740740740741,0.8055555555555556,0.1895424836601307,0.7333333333333334,0.33241379310344826,0.19444444444444445,0.20993696228264908,0.11572160842633972
BSZZ,commons-collections,35,589,15,1184,1823,0.05608974358974359,0.7,0.10385756676557864,0.6837077509989818,0.332205301748449,0.3,0.12660269428552337,0.05591176213364979
BSZZ,commons-compress,74,209,104,1243,1630,0.26148409893992935,0.4157303370786517,0.3210412147505423,0.5965654736215721,0.14393939393939395,0.5842696629213483,0.2237954612280943,0.21591499380649837
BSZZ,commons-configuration,106,491,49,1192,1838,0.17755443886097153,0.6838709677419355,0.28191489361702127,0.6959581952926491,0.2917409387997623,0.3161290322580645,0.23268315946381146,0.17090048834439053
BSZZ,commons-dbcp,53,458,5,521,1037,0.10371819960861056,0.9137931034482759,0.18629173989455183,0.6973510413477537,0.46782431052093976,0.08620689655172414,0.20497764073915534,0.0954186032929083
BSZZ,commons-digester,14,217,5,843,1079,0.06060606060606061,0.7368421052631579,0.112,0.7655050711149346,0.20471698113207548,0.2631578947368421,0.1706237888163865,0.08213141639716148
BSZZ,commons-io,59,305,14,764,1142,0.1620879120879121,0.8082191780821918,0.2700228832951945,0.7600154176312648,0.2853133769878391,0.1917808219178082,0.27449425050453174,0.18302348007445457
BSZZ,commons-jcs,77,310,11,433,831,0.19896640826873385,0.875,0.32421052631578945,0.7140910136487433,0.41722745625841184,0.125,0.2823829795916037,0.1832811308796649
BSZZ,commons-lang,0,0,146,2823,2969,0.0,0.0,0.0,0.0,0.0,1.0,0.0,0.0
BSZZ,commons-math,242,956,93,2735,4026,0.2020033388981636,0.7223880597014926,0.3157208088714938,0.7316307026364156,0.25900839880791116,0.27761194029850744,0.27993891945815613,0.2134255432561809
BSZZ,commons-net,49,139,68,865,1121,0.26063829787234044,0.4188034188034188,0.32131147540983607,0.6006843352232741,0.13844621513944222,0.5811965811965812,0.2294308216122902,0.22109139245350162
BSZZ,commons-scxml,34,143,13,354,544,0.192090395480226,0.723404255319149,0.3035714285714286,0.7178173747317336,0.28772635814889336,0.2765957446808511,0.2612600381173425,0.19344598832899318
BSZZ,commons-validator,17,229,19,333,598,0.06910569105691057,0.4722222222222222,0.12056737588652483,0.5289652828519406,0.40747330960854095,0.5277777777777778,0.03129774171420256,0.017359730725398204
BSZZ,commons-vfs,94,358,20,638,1110,0.2079646017699115,0.8245614035087719,0.33215547703180204,0.7267619328685728,0.35943775100401604,0.17543859649122806,0.28738781834012994,0.20111042566317083
BSZZ,giraph,68,130,95,551,844,0.3434343434343434,0.4171779141104294,0.3767313019390581,0.5809822947692216,0.19089574155653452,0.5828220858895705,0.21079914440169956,0.20919812106473
BSZZ,gora,27,102,12,412,553,0.20930232558139536,0.6923076923076923,0.32142857142857145,0.7449319939069899,0.19844357976653695,0.3076923076923077,0.29898097108689176,0.23900919823278055
BSZZ,opennlp,20,55,71,940,1086,0.26666666666666666,0.21978021978021978,0.24096385542168675,0.45566606678079946,0.05527638190954774,0.7802197802197802,0.17976372612840508,0.17878362320406183
BSZZ,parquet-mr,65,244,93,718,1120,0.21035598705501618,0.41139240506329117,0.278372591006424,0.5541187182211019,0.25363825363825365,0.5886075949367089,0.12285906604161513,0.11273260679461028
AGSZZ,ant-ivy,273,538,59,901,1771,0.3366214549938348,0.822289156626506,0.4776902887139108,0.7175369664396554,0.37387074357192496,0.17771084337349397,0.3512665801725901,0.2883811464789814
AGSZZ,commons-bcel,13,29,47,736,825,0.30952380952380953,0.21666666666666667,0.2549019607843137,0.456566708205268,0.03790849673202614,0.7833333333333333,0.21118677412244338,0.20743268866135756
AGSZZ,commons-beanutils,28,139,9,435,611,0.16766467065868262,0.7567567567567568,0.27450980392156865,0.7572980454206194,0.2421602787456446,0.24324324324324326,0.2754063167729395,0.19466362681011007
AGSZZ,commons-codec,14,89,22,636,761,0.13592233009708737,0.3888888888888889,0.2014388489208633,0.584079981926582,0.12275862068965518,0.6111111111111112,0.16515166868675335,0.14123196730477916
AGSZZ,commons-collections,20,302,30,1471,1823,0.062111801242236024,0.4,0.10752688172043011,0.5760788941394952,0.17033276931754088,0.6,0.09836036274826619,0.06303834936125674
AGSZZ,commons-compress,62,167,116,1285,1630,0.27074235807860264,0.34831460674157305,0.3046683046683047,0.5552059340861156,0.11501377410468319,0.651685393258427,0.20939812534044985,0.2072502173965347
AGSZZ,commons-configuration,73,250,82,1433,1838,0.2260061919504644,0.47096774193548385,0.3054393305439331,0.6332520701189157,0.14854426619132502,0.5290322580645161,0.23541112614048773,0.21609796077766397
AGSZZ,commons-dbcp,40,256,18,723,1037,0.13513513513513514,0.6896551724137931,0.22598870056497178,0.7136640194381566,0.26149131767109296,0.3103448275862069,0.21785141486775178,0.14612245388596046
AGSZZ,commons-digester,12,183,7,877,1079,0.06153846153846154,0.631578947368421,0.11214953271028039,0.7228708076606938,0.17264150943396225,0.3684210526315789,0.1568699585301337,0.0827128897161471
AGSZZ,commons-io,53,191,20,878,1142,0.21721311475409835,0.726027397260274,0.33438485804416407,0.7722090909007162,0.17867165575304023,0.273972602739726,0.32665317150692036,0.26173596004779565
AGSZZ,commons-jcs,13,38,75,705,831,0.2549019607843137,0.14772727272727273,0.18705035971223025,0.3743953892615478,0.05114401076716016,0.8522727272727273,0.12382411211483985,0.1185548140012953
AGSZZ,commons-lang,0,0,146,2823,2969,0.0,0.0,0.0,0.0,0.0,1.0,0.0,0.0
AGSZZ,commons-math,200,806,135,2885,4026,0.1988071570576541,0.5970149253731343,0.29828486204325133,0.6831144631301572,0.21836900568951503,0.40298507462686567,0.24156012489080594,0.1981821206447787
AGSZZ,commons-net,41,89,76,915,1121,0.3153846153846154,0.3504273504273504,0.33198380566801616,0.5651226162131571,0.08864541832669323,0.6495726495726496,0.24997176265318635,0.2495344204295099
AGSZZ,commons-scxml,9,21,38,476,544,0.3,0.19148936170212766,0.23376623376623376,0.4282502328217661,0.04225352112676056,0.8085106382978723,0.18367839362787147,0.17845807310330697
AGSZZ,commons-validator,12,122,24,440,598,0.08955223880597014,0.3333333333333333,0.1411764705882353,0.5108548878974642,0.21708185053380782,0.6666666666666666,0.06631419771211365,0.05112376646524375
AGSZZ,commons-vfs,33,79,81,917,1110,0.29464285714285715,0.2894736842105263,0.2920353982300885,0.5162493797666885,0.07931726907630522,0.7105263157894737,0.21181195294362135,0.21180167225861424
AGSZZ,giraph,12,32,151,649,844,0.2727272727272727,0.0736196319018405,0.11594202898550723,0.26487783210143956,0.04698972099853157,0.9263803680981595,0.04728961081072825,0.036866129555261806
AGSZZ,gora,6,33,33,481,553,0.15384615384615385,0.15384615384615385,0.15384615384615385,0.37943230172895237,0.06420233463035019,0.8461538461538461,0.08964381921580365,0.08964381921580367
AGSZZ,opennlp,13,35,78,960,1086,0.2708333333333333,0.14285714285714285,0.1870503597122302,0.3712573463636809,0.035175879396984924,0.8571428571428571,0.14516204698448223,0.13711344555541494
AGSZZ,parquet-mr,34,114,124,848,1120,0.22972972972972974,0.21518987341772153,0.2222222222222222,0.4355332390844931,0.11850311850311851,0.7848101265822784,0.0993845953126495,0.0993134021733254
MASZZ,ant-ivy,272,532,60,907,1771,0.3383084577114428,0.8192771084337349,0.47887323943661975,0.7186023890660997,0.36970118137595553,0.18072289156626506,0.3524205510338628,0.2906414073071719
MASZZ,commons-bcel,16,35,44,730,825,0.3137254901960784,0.26666666666666666,0.2882882882882883,0.5044464599309021,0.0457516339869281,0.7333333333333333,0.23821880616184435,0.23731788660698616
MASZZ,commons-beanutils,28,155,9,419,611,0.15300546448087432,0.7567567567567568,0.2545454545454546,0.7432402468927437,0.2700348432055749,0.24324324324324326,0.2534488229654116,0.17103194956898682
MASZZ,commons-codec,15,88,21,637,761,0.14563106796116504,0.4166666666666667,0.2158273381294964,0.6050553313730807,0.12137931034482759,0.5833333333333334,0.1832455961083801,0.15670526519117955
MASZZ,commons-collections,26,380,24,1393,1823,0.06403940886699508,0.52,0.11403508771929825,0.6391795361347418,0.21432600112803157,0.48,0.1199913464171238,0.06854283864179045
MASZZ,commons-compress,61,178,117,1274,1630,0.25523012552301255,0.34269662921348315,0.29256594724220625,0.5483480736993033,0.12258953168044077,0.6573033707865169,0.1940728755672834,0.19134043920043864
MASZZ,commons-configuration,75,269,80,1414,1838,0.2180232558139535,0.4838709677419355,0.30060120240480964,0.6375987094654446,0.1598336304218657,0.5161290322580645,0.2308598674010347,0.20858163010997854
MASZZ,commons-dbcp,43,289,15,690,1037,0.12951807228915663,0.7413793103448276,0.2205128205128205,0.7228587301519048,0.29519918283963226,0.25862068965517243,0.21976167956667242,0.1384736471012631
MASZZ,commons-digester,11,186,8,874,1079,0.05583756345177665,0.5789473684210527,0.10185185185185183,0.6909113478341761,0.17547169811320754,0.42105263157894735,0.1373661351060153,0.07204603285781408
MASZZ,commons-io,51,211,22,858,1142,0.1946564885496183,0.6986301369863014,0.3044776119402985,0.7488217483418558,0.19738072965388212,0.3013698630136986,0.29161655360352157,0.22720856882300666
MASZZ,commons-jcs,13,59,75,684,831,0.18055555555555555,0.14772727272727273,0.1625,0.36877713335482604,0.07940780619111709,0.8522727272727273,0.07472967153160043,0.07427174780526746
MASZZ,commons-lang,71,495,75,2328,2969,0.1254416961130742,0.4863013698630137,0.19943820224719103,0.6332698261430009,0.17534537725823593,0.5136986301369864,0.17117711270490335,0.13153989211025452
MASZZ,commons-math,203,818,132,2873,4026,0.19882468168462292,0.6059701492537314,0.2994100294985251,0.6867859561425118,0.22162015713898672,0.3940298507462687,0.24399795891112322,0.1990469062356942
MASZZ,commons-net,45,97,72,907,1121,0.31690140845070425,0.38461538461538464,0.3474903474903476,0.5894542633080413,0.09661354581673307,0.6153846153846154,0.2647399788224711,0.2631626029224732
MASZZ,commons-scxml,10,21,37,476,544,0.3225806451612903,0.2127659574468085,0.2564102564102564,0.4514153814047261,0.04225352112676056,0.7872340425531915,0.20665392276563646,0.20157902727870836
MASZZ,commons-validator,12,139,24,423,598,0.07947019867549669,0.3333333333333333,0.12834224598930483,0.5008888895905982,0.24733096085409254,0.6666666666666666,0.04708554535761541,0.034471145274085235
MASZZ,commons-vfs,44,109,70,887,1110,0.2875816993464052,0.38596491228070173,0.3295880149812734,0.5862813149966827,0.10943775100401607,0.6140350877192983,0.24351078793363481,0.240150524311053
MASZZ,giraph,16,43,147,638,844,0.2711864406779661,0.09815950920245399,0.14414414414414414,0.3032515103319332,0.0631424375917768,0.901840490797546,0.054210866404149155,0.046236930067684034
MASZZ,gora,9,44,30,470,553,0.16981132075471697,0.23076923076923078,0.19565217391304346,0.45936332708171707,0.08560311284046693,0.7692307692307693,0.12625721024397996,0.124513285695948
MASZZ,opennlp,12,37,79,958,1086,0.24489795918367346,0.13186813186813187,0.1714285714285714,0.3563207723297065,0.0371859296482412,0.8681318681318682,0.1263901324560386,0.1197998910020821
MASZZ,parquet-mr,38,138,120,824,1120,0.2159090909090909,0.24050632911392406,0.22754491017964074,0.4538782008372892,0.14345114345114346,0.759493670886076,0.09283088550295678,0.09264469453376212
LSZZ,ant-ivy,138,142,194,1297,1771,0.4928571428571429,0.41566265060240964,0.4509803921568627,0.6120826826872937,0.09867963863794302,0.5843373493975904,0.33909203538976923,0.3373039383828619
LSZZ,commons-bcel,13,22,47,743,825,0.37142857142857144,0.21666666666666667,0.2736842105263158,0.4587327433784235,0.02875816993464052,0.7833333333333333,0.242105799681037,0.2325581395348837
LSZZ,commons-beanutils,16,64,21,510,611,0.2,0.43243243243243246,0.27350427350427353,0.6198523772502799,0.11149825783972125,0.5675675675675675,0.22692404660811066,0.20790946665243182
LSZZ,commons-codec,8,34,28,691,761,0.19047619047619047,0.2222222222222222,0.20512820512820512,0.4602181724829267,0.04689655172413793,0.7777777777777778,0.16299589678376383,0.1624596158625342
LSZZ,commons-collections,18,137,32,1636,1823,0.11612903225806452,0.36,0.17560975609756097,0.5763529657395294,0.0772701635645798,0.64,0.16555684430142625,0.1399383052077663
LSZZ,commons-compress,35,56,143,1396,1630,0.38461538461538464,0.19662921348314608,0.26022304832713755,0.4347938794950207,0.03856749311294766,0.8033707865168539,0.21472371272996588,0.20120470653132194
LSZZ,commons-configuration,38,87,117,1596,1838,0.304,0.24516129032258063,0.2714285714285714,0.48217016554448855,0.05169340463458111,0.7548387096774194,0.21354190099514309,0.21210363739519633
LSZZ,commons-dbcp,24,107,34,872,1037,0.183206106870229,0.41379310344827586,0.25396825396825395,0.6070976064739599,0.10929519918283963,0.5862068965517241,0.21061529365316503,0.1912642355791302
LSZZ,commons-digester,7,89,12,971,1079,0.07291666666666667,0.3684210526315789,0.12173913043478261,0.5809368183303221,0.08396226415094339,0.631578947368421,0.13141251097885612,0.09513687654126235
LSZZ,commons-io,27,68,46,1001,1142,0.28421052631578947,0.3698630136986301,0.32142857142857145,0.5885029418334393,0.06361085126286249,0.6301369863013698,0.2712653376803933,0.2685492117357545
LSZZ,commons-jcs,11,39,77,704,831,0.22,0.125,0.15942028985507248,0.34414933063509134,0.052489905787348586,0.875,0.09382610616867475,0.08955590396494084
LSZZ,commons-lang,46,180,100,2643,2969,0.20353982300884957,0.3150684931506849,0.24731182795698922,0.5431197933724927,0.06376195536663125,0.684931506849315,0.20491253712775268,0.199480777601023
LSZZ,commons-math,90,223,245,3468,4026,0.28753993610223644,0.26865671641791045,0.27777777777777773,0.5024193681525443,0.0604172311026822,0.7313432835820896,0.21479435545736653,0.2146479277140373
LSZZ,commons-net,31,47,86,957,1121,0.3974358974358974,0.26495726495726496,0.31794871794871793,0.5025473977805859,0.046812749003984064,0.7350427350427351,0.26212873473927134,0.2558112836485428
LSZZ,commons-scxml,5,12,42,485,544,0.29411764705882354,0.10638297872340426,0.15625,0.3222023830070077,0.02414486921529175,0.8936170212765957,0.13279156009863088,0.1156601842374616
LSZZ,commons-validator,9,38,27,524,598,0.19148936170212766,0.25,0.21686746987951808,0.4828002541520175,0.06761565836298933,0.75,0.1612063814439607,0.15956756756756763
LSZZ,commons-vfs,26,51,88,945,1110,0.33766233766233766,0.22807017543859648,0.2722513089005236,0.465179409822452,0.05120481927710843,0.7719298245614035,0.2113145223711421,0.206547563948286
LSZZ,giraph,12,18,151,663,844,0.4,0.0736196319018405,0.12435233160621761,0.2677195146932827,0.02643171806167401,0.9263803680981595,0.10060632985794353,0.06842050263859123
LSZZ,gora,8,29,31,485,553,0.21621621621621623,0.20512820512820512,0.21052631578947367,0.43994866053327,0.05642023346303502,0.7948717948717948,0.15237804600722402,0.1523172040263655
LSZZ,opennlp,11,28,80,967,1086,0.28205128205128205,0.12087912087912088,0.16923076923076924,0.34274990499924995,0.02814070351758794,0.8791208791208791,0.13809764491966703,0.12525171163914617
LSZZ,parquet-mr,25,61,133,901,1120,0.29069767441860467,0.15822784810126583,0.20491803278688525,0.38496063348598364,0.06340956340956341,0.8417721518987342,0.12396488417269033,0.11712121704645184
RSZZ,ant-ivy,178,219,154,1220,1771,0.44836272040302266,0.536144578313253,0.48834019204389567,0.674202684865225,0.15218902015288394,0.463855421686747,0.35932859386536936,0.3570661763918668
RSZZ,commons-bcel,13,23,47,742,825,0.3611111111111111,0.21666666666666667,0.2708333333333333,0.45842393638053314,0.030065359477124184,0.7833333333333333,0.2372090600131405,0.22876602564102566
RSZZ,commons-beanutils,20,91,17,483,611,0.18018018018018017,0.5405405405405406,0.2702702702702703,0.6744220407070267,0.15853658536585366,0.4594594594594595,0.23630786486483515,0.19736297954119741
RSZZ,commons-codec,10,45,26,680,761,0.18181818181818182,0.2777777777777778,0.2197802197802198,0.510427662325851,0.06206896551724138,0.7222222222222222,0.1768497482446781,0.172458684964237
RSZZ,commons-collections,20,170,30,1603,1823,0.10526315789473684,0.4,0.16666666666666666,0.6013708723524371,0.09588268471517203,0.6,0.16255885254203964,0.1288349421771957
RSZZ,commons-compress,29,80,149,1372,1630,0.26605504587155965,0.16292134831460675,0.20209059233449478,0.3923582106791646,0.05509641873278237,0.8370786516853933,0.13462776516840766,0.12991892887278955
RSZZ,commons-configuration,37,126,118,1557,1838,0.22699386503067484,0.23870967741935484,0.23270440251572327,0.46993442592704543,0.0748663101604278,0.7612903225806451,0.16015317912505375,0.16009244242013354
RSZZ,commons-dbcp,33,151,25,828,1037,0.1793478260869565,0.5689655172413793,0.2727272727272727,0.69369217509307,0.15423901940755874,0.43103448275862066,0.24945011007838655,0.2051217281477289
RSZZ,commons-digester,7,114,12,946,1079,0.05785123966942149,0.3684210526315789,0.10000000000000002,0.5734094620096053,0.10754716981132076,0.631578947368421,0.10873889005187647,0.07174557223033962
RSZZ,commons-io,31,115,42,954,1142,0.21232876712328766,0.4246575342465753,0.28310502283105016,0.6156087039667784,0.10757717492984098,0.5753424657534246,0.2322809145137129,0.2163107237457491
RSZZ,commons-jcs,11,43,77,700,831,0.2037037037037037,0.125,0.15492957746478872,0.34317024093951853,0.05787348586810229,0.875,0.08379583801867825,0.08090471713764313
RSZZ,commons-lang,50,229,96,2594,2969,0.17921146953405018,0.3424657534246575,0.23529411764705882,0.5609680427771284,0.08111937654976975,0.6575342465753424,0.19367345897330368,0.18251427322411773
RSZZ,commons-math,89,269,246,3422,4026,0.24860335195530725,0.2656716417910448,0.2568542568542569,0.4962957770277436,0.072879978325657,0.7343283582089553,0.18707962895253946,0.1869562591808036
RSZZ,commons-net,36,69,81,935,1121,0.34285714285714286,0.3076923076923077,0.3243243243243243,0.5353000310101893,0.06872509960159362,0.6923076923076923,0.25075903704525854,0.2503076346904928
RSZZ,commons-scxml,6,14,41,483,544,0.3,0.1276595744680851,0.17910447761194026,0.35222653238629176,0.028169014084507043,0.8723404255319149,0.14853484900017025,0.13445961582966914
RSZZ,commons-validator,9,60,27,502,598,0.13043478260869565,0.25,0.1714285714285714,0.47255646069112767,0.10676156583629894,0.75,0.10664158506497817,0.10023866348448673
RSZZ,commons-vfs,23,62,91,934,1110,0.27058823529411763,0.20175438596491227,0.2311557788944723,0.4349659503952476,0.06224899598393574,0.7982456140350878,0.1592581574521358,0.15721304153640026
RSZZ,giraph,10,25,153,656,844,0.2857142857142857,0.06134969325153374,0.10101010101010102,0.24309977760030727,0.03671071953010279,0.9386503067484663,0.04878448105360155,0.035131212187383576
RSZZ,gora,7,29,32,485,553,0.19444444444444445,0.1794871794871795,0.18666666666666665,0.41153428887140275,0.05642023346303502,0.8205128205128205,0.12771995726364824,0.12760234825561845
RSZZ,opennlp,11,30,80,965,1086,0.2682926829268293,0.12087912087912088,0.16666666666666666,0.34239527489394495,0.03015075376884422,0.8791208791208791,0.13189406626123895,0.12090661564500704
RSZZ,parquet-mr,24,81,134,881,1120,0.22857142857142856,0.1518987341772152,0.18250950570342206,0.37297308739244245,0.0841995841995842,0.8481012658227848,0.08084843630530307,0.07873594001071238
RASZZ,ant-ivy,255,498,77,941,1771,0.3386454183266932,0.7680722891566265,0.47004608294930883,0.7087049450678158,0.3460736622654621,0.2319277108433735,0.3331494491890726,0.2836481203874943
RASZZ,commons-bcel,13,25,47,740,825,0.34210526315789475,0.21666666666666667,0.2653061224489796,0.45780569747970606,0.032679738562091505,0.7833333333333333,0.22793664240020098,0.22139205662603223
RASZZ,commons-beanutils,25,141,12,433,611,0.15060240963855423,0.6756756756756757,0.24630541871921185,0.7139324863496889,0.2456445993031359,0.32432432432432434,0.2305805123783181,0.16345560139240634
RASZZ,commons-codec,14,68,22,657,761,0.17073170731707318,0.3888888888888889,0.23728813559322035,0.5936445006091173,0.09379310344827586,0.6111111111111112,0.202041901546851,0.18361265406346106
RASZZ,commons-collections,22,320,28,1453,1823,0.06432748538011696,0.44,0.11224489795918366,0.6004886147331521,0.18048505358150027,0.56,0.10857033133203792,0.06762333631190331
RASZZ,commons-compress,49,127,129,1325,1630,0.2784090909090909,0.2752808988764045,0.27683615819209034,0.5012018551387406,0.087465564738292,0.7247191011235955,0.18874950415666367,0.1887457131525534
RASZZ,commons-configuration,58,224,97,1459,1838,0.20567375886524822,0.3741935483870968,0.26544622425629294,0.5695524647989078,0.13309566250742721,0.6258064516129033,0.1858968191839608,0.17573408812130986
RASZZ,commons-dbcp,38,223,20,756,1037,0.14559386973180077,0.6551724137931034,0.23824451410658307,0.7112910651729563,0.22778345250255363,0.3448275862068966,0.22629633965276827,0.1615029598006169
RASZZ,commons-digester,7,160,12,900,1079,0.041916167664670656,0.3684210526315789,0.07526881720430106,0.5592944910385383,0.1509433962264151,0.631578947368421,0.0790840173398154,0.04507378516887228
RASZZ,commons-io,44,164,29,905,1142,0.21153846153846154,0.6027397260273972,0.31316725978647686,0.7143323939135022,0.15341440598690365,0.3972602739726027,0.2847777598371007,0.2413762244694253
RASZZ,commons-jcs,15,58,73,685,831,0.2054794520547945,0.17045454545454544,0.18633540372670804,0.39641964869137314,0.07806191117092867,0.8295454545454546,0.10043314438420028,0.09989829919879611
RASZZ,commons-lang,62,389,84,2434,2969,0.13747228381374724,0.4246575342465753,0.20770519262981574,0.6050959758982322,0.13779667020899752,0.5753424657534246,0.1728172282363691,0.14411497798940887
RASZZ,commons-math,114,338,221,3353,4026,0.252212389380531,0.3402985074626866,0.28970775095298607,0.555999980392318,0.09157409916011922,0.6597014925373135,0.2176037327903543,0.21464380159002128
RASZZ,commons-net,41,86,76,918,1121,0.3228346456692913,0.3504273504273504,0.3360655737704918,0.5660482886045844,0.08565737051792828,0.6495726495726496,0.2554074005987369,0.25513728128101854
RASZZ,commons-scxml,10,23,37,474,544,0.30303030303030304,0.2127659574468085,0.25,0.45046603149712755,0.04627766599597585,0.7872340425531915,0.19594915717262126,0.19243901232124305
RASZZ,commons-validator,10,99,26,463,598,0.09174311926605505,0.2777777777777778,0.13793103448275862,0.4783778772436501,0.17615658362989323,0.7222222222222222,0.06260889280034163,0.05214171590880279
RASZZ,commons-vfs,33,100,81,896,1110,0.24812030075187969,0.2894736842105263,0.2672064777327935,0.5103038911254968,0.10040160642570281,0.7105263157894737,0.17674062620280329,0.176078344528924
RASZZ,giraph,21,43,142,638,844,0.328125,0.12883435582822086,0.18502202643171806,0.34741825017644173,0.0631424375917768,0.8711656441717791,0.09795847454906886,0.0854244277313091
RASZZ,gora,11,38,28,476,553,0.22448979591836735,0.28205128205128205,0.25,0.5110765517454199,0.07392996108949416,0.717948717948718,0.18750684590164854,0.1860755541679675
RASZZ,opennlp,10,34,81,961,1086,0.22727272727272727,0.10989010989010989,0.14814814814814814,0.3257837794599227,0.034170854271356785,0.8901098901098901,0.10640900314010501,0.09893075136000917
RASZZ,parquet-mr,30,113,128,849,1120,0.2097902097902098,0.189873417721519,0.1993355481727575,0.4093533916016439,0.11746361746361747,0.810126582278481,0.07552628592462804,0.07540112080895545
