project,seed,n_commits,defect_ratio,gmean,mcc
brackets,7,21347,0.37860120860074015,0.7019719476003615,0.3919697039276259
brackets,13,21347,0.37860120860074015,0.641011912149369,0.2846230866286139
brackets,21,21347,0.37860120860074015,0.7120448064577455,0.40991390938586786
brackets,42,21347,0.37860120860074015,0.7339505734572606,0.4527246105335897
brackets,77,21347,0.37860120860074015,0.7353610465876061,0.45608082885944135
brackets,101,21347,0.37860120860074015,0.7421607449429685,0.47103495260955713
brackets,123,21347,0.37860120860074015,0.6796235958425993,0.34698495665641166
brackets,202,21347,0.37860120860074015,0.7237015337668946,0.43367796527254693
brackets,314,21347,0.37860120860074015,0.7243741469539496,0.43468001277049234
brackets,999,21347,0.37860120860074015,0.7281856552414714,0.4414639128478137
broadleaf,7,17429,0.2895174708818636,0.621743299274718,0.15817012528364383
broadleaf,13,17429,0.2895174708818636,0.6511453269319372,0.19530253146897594
broadleaf,21,17429,0.2895174708818636,0.64169916396791,0.18520145618006234
broadleaf,42,17429,0.2895174708818636,0.6265058182212282,0.16701230358620817
broadleaf,77,17429,0.2895174708818636,0.5932553950836317,0.12953031745181828
broadleaf,101,17429,0.2895174708818636,0.6342222806521752,0.17444331685496883
broadleaf,123,17429,0.2895174708818636,0.650416599533508,0.1939865742733198
broadleaf,202,17429,0.2895174708818636,0.665671320197397,0.2137622561123835
broadleaf,314,17429,0.2895174708818636,0.6491341886951932,0.19394863272030496
broadleaf,999,17429,0.2895174708818636,0.6192927573682092,0.15726179767705933
camel,7,36753,0.33978178652082824,0.7081652267950511,0.2781914367077322
camel,13,36753,0.33978178652082824,0.7452028994452436,0.32895379970638805
camel,21,36753,0.33978178652082824,0.7099917510623045,0.2919815358447719
camel,42,36753,0.33978178652082824,0.6652402706040366,0.21429143655149138
camel,77,36753,0.33978178652082824,0.7209668297019872,0.2969991768217089
camel,101,36753,0.33978178652082824,0.7244193151083121,0.29840715962939696
camel,123,36753,0.33978178652082824,0.781233698935743,0.40345933755295904
camel,202,36753,0.33978178652082824,0.6847456881290951,0.24466000332619042
camel,314,36753,0.33978178652082824,0.6622821958911811,0.21095623446558015
camel,999,36753,0.33978178652082824,0.8069669845378346,0.477734811478256
fabric,7,15591,0.3320505419793471,0.7550224783867479,0.46551646490800563
fabric,13,15591,0.3320505419793471,0.7545821618776521,0.46447911307894013
fabric,21,15591,0.3320505419793471,0.760350183967113,0.4768802389094661
fabric,42,15591,0.3320505419793471,0.7479296505190774,0.450520569861421
fabric,77,15591,0.3320505419793471,0.7518215257461063,0.4586612653286986
fabric,101,15591,0.3320505419793471,0.7485575710711269,0.4518967143565724
fabric,123,15591,0.3320505419793471,0.7532469442819386,0.4616218431827435
fabric,202,15591,0.3320505419793471,0.7481562588961279,0.45137388363901304
fabric,314,15591,0.3320505419793471,0.7543460796013091,0.46428189472099973
fabric,999,15591,0.3320505419793471,0.7664056320705306,0.489765190118462
jgroups,7,21468,0.293692938326812,0.70912004355017,0.3868666055889042
jgroups,13,21468,0.293692938326812,0.722431558862383,0.4147286998079093
jgroups,21,21468,0.293692938326812,0.7101194590580003,0.3932165114685278
jgroups,42,21468,0.293692938326812,0.7023202353236627,0.3911493827599309
jgroups,77,21468,0.293692938326812,0.7216014713378005,0.41203242167376003
jgroups,101,21468,0.293692938326812,0.6991752659483788,0.38481859055389145
jgroups,123,21468,0.293692938326812,0.7293876980284363,0.43866683583983157
jgroups,202,21468,0.293692938326812,0.6548916349910181,0.28796613939358257
jgroups,314,21468,0.293692938326812,0.7221385512229263,0.41193869219210555
jgroups,999,21468,0.293692938326812,0.711593192060637,0.3930458356003739
matplotlib,7,22095,0.27617107942973523,0.802503115872251,0.46573801737293935
matplotlib,13,22095,0.27617107942973523,0.744525366183121,0.4299818694111522
matplotlib,21,22095,0.27617107942973523,0.7363305071451205,0.36833209636109615
matplotlib,42,22095,0.27617107942973523,0.7361759332757521,0.34377957184944813
matplotlib,77,22095,0.27617107942973523,0.6673901085714211,0.2722130029719893
matplotlib,101,22095,0.27617107942973523,0.7153951730663121,0.4049732605352418
matplotlib,123,22095,0.27617107942973523,0.7167061833069094,0.32811746866097335
matplotlib,202,22095,0.27617107942973523,0.7757503367833144,0.433628873572531
matplotlib,314,22095,0.27617107942973523,0.6934240331574426,0.3517944500883535
matplotlib,999,22095,0.27617107942973523,0.8062084863861014,0.46923189706906165
neutron,7,24057,0.38300702498233363,0.8066859143059575,0.6404479654480594
neutron,13,24057,0.38300702498233363,0.8579549217688844,0.7481781743033733
neutron,21,24057,0.38300702498233363,0.871174469950425,0.771431171317255
neutron,42,24057,0.38300702498233363,0.8771486959020022,0.780234107223011
neutron,77,24057,0.38300702498233363,0.9300583107833079,0.8625659899405257
neutron,101,24057,0.38300702498233363,0.9263861061050038,0.8423012440574961
neutron,123,24057,0.38300702498233363,0.9261005072241157,0.8427643687173442
neutron,202,24057,0.38300702498233363,0.9279586270489818,0.8449605586605864
neutron,314,24057,0.38300702498233363,0.9193428927936866,0.8481054560740967
neutron,999,24057,0.38300702498233363,0.9209442924801751,0.8483371554162404
nova,7,61364,0.40507463659474613,0.8831636215173524,0.6475915070963192
nova,13,61364,0.40507463659474613,0.8545418988091278,0.6092980047503438
nova,21,61364,0.40507463659474613,0.8871550447871563,0.6543061415345103
nova,42,61364,0.40507463659474613,0.887949121202116,0.639053211923223
nova,77,61364,0.40507463659474613,0.8828048586508859,0.6476514137792025
nova,101,61364,0.40507463659474613,0.8939717806211852,0.6511080499902414
nova,123,61364,0.40507463659474613,0.8643849643377208,0.5840124576730844
nova,202,61364,0.40507463659474613,0.8910803710484126,0.647342199934181
nova,314,61364,0.40507463659474613,0.8900031217147982,0.6381457232931721
nova,999,61364,0.40507463659474613,0.8868195093777219,0.6540080990287249
npm,7,9258,0.29952473536400953,0.7386165971190204,0.2316675285471505
npm,13,9258,0.29952473536400953,0.7494164352210044,0.2418620329438847
npm,21,9258,0.29952473536400953,0.662455415435819,0.158987840731543
npm,42,9258,0.29952473536400953,0.6567246905554126,0.1475412619578666
npm,77,9258,0.29952473536400953,0.7142322609415611,0.2055934960406601
npm,101,9258,0.29952473536400953,0.6339800434466637,0.12556631982426839
npm,123,9258,0.29952473536400953,0.6401100170005682,0.13068654597827692
npm,202,9258,0.29952473536400953,0.6735522902117591,0.1689949012775749
npm,314,9258,0.29952473536400953,0.7552379550812854,0.2476563043193402
npm,999,9258,0.29952473536400953,0.7632316507556761,0.2586048398733717
sentry,7,26603,0.38615945570048493,0.6119816339864297,0.2288146882048242
sentry,13,26603,0.38615945570048493,0.5650012077245993,0.14180838279057686
sentry,21,26603,0.38615945570048493,0.5682747467623085,0.15731881187322644
sentry,42,26603,0.38615945570048493,0.4552079892854062,-0.06272981273318141
sentry,77,26603,0.38615945570048493,0.5597954594845417,0.17759739936191696
sentry,101,26603,0.38615945570048493,0.6006785325448838,0.21035153219400163
sentry,123,26603,0.38615945570048493,0.5412179796652349,0.10618464458951637
sentry,202,26603,0.38615945570048493,0.6067223102518016,0.22942083653532683
sentry,314,26603,0.38615945570048493,0.4944901972707812,0.02582517173937526
sentry,999,26603,0.38615945570048493,0.5041865790816135,0.025360502289830472
spring-integration,7,10999,0.42185653241203747,0.46150042010546277,-0.02791300982525451
spring-integration,13,10999,0.42185653241203747,0.54617763731829,0.12175554512419091
spring-integration,21,10999,0.42185653241203747,0.5929124166731632,0.21397062697341157
spring-integration,42,10999,0.42185653241203747,0.5255247022470586,0.09178420193449022
spring-integration,77,10999,0.42185653241203747,0.5820984429424101,0.18999981119813722
spring-integration,101,10999,0.42185653241203747,0.6004069456018856,0.20959862727931397
spring-integration,123,10999,0.42185653241203747,0.585962871793245,0.18949416200633357
spring-integration,202,10999,0.42185653241203747,0.4943894704444548,0.0432977638343987
spring-integration,314,10999,0.42185653241203747,0.5109246143305142,0.06613522959296224
spring-integration,999,10999,0.42185653241203747,0.5890382786720753,0.1913873426878646
tomcat,7,24043,0.43139375285946013,0.5471686272285928,0.10985158066940907
tomcat,13,24043,0.43139375285946013,0.5240211433702193,0.07032990347111603
tomcat,21,24043,0.43139375285946013,0.5483375780588426,0.11396418107095757
tomcat,42,24043,0.43139375285946013,0.5974507145685254,0.19774822743821888
tomcat,77,24043,0.43139375285946013,0.5148064875448435,0.08307860929892522
tomcat,101,24043,0.43139375285946013,0.5745628104937192,0.15467733406805598
tomcat,123,24043,0.43139375285946013,0.585833008708635,0.17430524460798089
tomcat,202,24043,0.43139375285946013,0.5247673630288541,0.07756288795687244
tomcat,314,24043,0.43139375285946013,0.4753091136092707,-0.0016918221261872399
tomcat,999,24043,0.43139375285946013,0.5913561278361468,0.1988190429890741
wagtail,7,9095,0.2182517866959868,0.5313668930853764,0.13936071866086983
wagtail,13,9095,0.2182517866959868,0.525311848532727,0.1126514960922409
wagtail,21,9095,0.2182517866959868,0.5278050851571833,0.1474649494713752
wagtail,42,9095,0.2182517866959868,0.5231888096355902,0.11585260336955125
wagtail,77,9095,0.2182517866959868,0.6163826509098457,0.22514357698241683
wagtail,101,9095,0.2182517866959868,0.5811106440340544,0.19939529000381187
wagtail,123,9095,0.2182517866959868,0.597471649628852,0.20342831701893552
wagtail,202,9095,0.2182517866959868,0.5621093794288279,0.21327118600614656
wagtail,314,9095,0.2182517866959868,0.5432243569269923,0.10496379282444684
wagtail,999,9095,0.2182517866959868,0.5828484503174168,0.1763216972325128
zulip,7,22964,0.3923097021424839,0.4849144044984826,0.0074746058696155285
zulip,13,22964,0.3923097021424839,0.5963849577313582,0.2139082141085485
zulip,21,22964,0.3923097021424839,0.6216075781049479,0.26560096275894096
zulip,42,22964,0.3923097021424839,0.5943423988114502,0.20469582199837577
zulip,77,22964,0.3923097021424839,0.6129491098714172,0.24862316033378626
zulip,101,22964,0.3923097021424839,0.5159447976167537,0.06454939815630573
zulip,123,22964,0.3923097021424839,0.5049921793923379,0.036694770456769846
zulip,202,22964,0.3923097021424839,0.6124101321925165,0.2512826570589138
zulip,314,22964,0.3923097021424839,0.6125074812155459,0.2566450017319676
zulip,999,22964,0.3923097021424839,0.662721273082256,0.3391071916069517
