project,seed,condition,mcc_avg,gmean_avg,mcc,gmean
ant-ivy,7,BSZZ,0.15261081444690988,0.577088136745475,0.004349781924136379,0.5054240128883946
ant-ivy,7,BSZZ_fp_repaired,0.17582357002657137,0.5942161297364927,-0.015693541893873137,0.4468249266166787
ant-ivy,7,BSZZ_fn_repaired,0.11765044969545677,0.5567698910177701,-0.00990557047860894,0.48654381975198335
ant-ivy,7,oracle,0.19285313417003003,0.605813394658054,-0.06502021996779872,0.38198950176061414
ant-ivy,13,BSZZ,0.1623206166077603,0.5834613296696375,-0.0024288606600655132,0.49658803114936306
ant-ivy,13,BSZZ_fp_repaired,0.17899553299582577,0.5989234849674244,-0.01779941542372963,0.44654344350461406
ant-ivy,13,BSZZ_fn_repaired,0.1391414719286157,0.5688261195308699,0.005435231524669976,0.5063537965918986
ant-ivy,13,oracle,0.18331209803895696,0.5912842167382075,-0.06734085597736737,0.3327205539131562
ant-ivy,21,BSZZ,0.12978377885440562,0.5646988059055583,-0.0045388178085104414,0.49423180928677385
ant-ivy,21,BSZZ_fp_repaired,0.1944277262943179,0.6048948590061911,0.03746479366523359,0.523583374955365
ant-ivy,21,BSZZ_fn_repaired,0.16354706267602637,0.5861656254822891,-0.004189966563242578,0.4947694546178455
ant-ivy,21,oracle,0.20481808187500955,0.6166551593030241,0.022079526361570918,0.5254934826687181
ant-ivy,42,BSZZ,0.1507683063186034,0.5767410763621454,-0.0047865700252412635,0.4938476003961262
ant-ivy,42,BSZZ_fp_repaired,0.18571911655132126,0.5995402981130786,-0.026161592886452062,0.4258452772642785
ant-ivy,42,BSZZ_fn_repaired,0.1404893468164393,0.5720024139355704,0.02239535577445835,0.5274888801256652
ant-ivy,42,oracle,0.20297178041434466,0.6140950348418901,-0.00717871938801851,0.4866993145249657
ant-ivy,77,BSZZ,0.15676102994231786,0.5796825526226526,-0.0033220959610051853,0.495608497228713
ant-ivy,77,BSZZ_fp_repaired,0.19276919559987193,0.6062937906042342,-0.024608871940371285,0.4340960747854076
ant-ivy,77,BSZZ_fn_repaired,0.14294687999722172,0.5762415727243029,0.019349144870535448,0.5241073829843876
ant-ivy,77,oracle,0.17246676876752073,0.5930581515879392,-0.05030827599508025,0.4182918983945728
ant-ivy,101,BSZZ,0.154558523739131,0.5821646731807758,-0.011072141317866243,0.48557589796631817
ant-ivy,101,BSZZ_fp_repaired,0.16349614239724086,0.5869235657680184,-0.035787287011953495,0.4121471634097887
ant-ivy,101,BSZZ_fn_repaired,0.11847933961055071,0.5555262614564629,-0.032189970805187894,0.4597859147966061
ant-ivy,101,oracle,0.19237071023413035,0.6013970385752055,-0.09999607532359803,0.359154806856573
ant-ivy,123,BSZZ,0.15162274079823987,0.5734779736333284,-0.005915107629340646,0.4917557755067823
ant-ivy,123,BSZZ_fp_repaired,0.17980865018471215,0.5960403611091776,-0.032167897198883764,0.418588867463195
ant-ivy,123,BSZZ_fn_repaired,0.15773911110670868,0.5755181665848872,-0.010172287627979398,0.48497594312473186
ant-ivy,123,oracle,0.17623549467221242,0.5924985095925273,-0.0806385159741901,0.3584928232192135
ant-ivy,202,BSZZ,0.16911124349893575,0.5863518793422662,-0.004435842765415123,0.49427238354067293
ant-ivy,202,BSZZ_fp_repaired,0.18462467421976303,0.5991899928719274,-0.016379889860978585,0.44691828427655633
ant-ivy,202,BSZZ_fn_repaired,0.14534837211229643,0.5755185007578563,0.033223803184244394,0.538825394336314
ant-ivy,202,oracle,0.1650823581473263,0.5953626219141643,0.036878279651714536,0.5441886990503303
ant-ivy,314,BSZZ,0.1612195665372854,0.5853944176196879,-0.004120169478692969,0.4946204911278951
ant-ivy,314,BSZZ_fp_repaired,0.17725796083130776,0.5982022691964484,-0.014117847089054569,0.4521214133562196
ant-ivy,314,BSZZ_fn_repaired,0.13968394908281465,0.568384797961855,0.023246666274305185,0.5205637090427262
ant-ivy,314,oracle,0.14853682450279745,0.5721815609006924,-0.05447269798427667,0.3966504903970509
ant-ivy,999,BSZZ,0.1510225947405722,0.5771181716084526,-0.0009105392406168583,0.4985805139614829
ant-ivy,999,BSZZ_fp_repaired,0.17283165998745095,0.5924603733326841,0.02757215649221482,0.5202910498024688
ant-ivy,999,BSZZ_fn_repaired,0.1367270105332211,0.5675419640353061,-0.016069243714191626,0.47828083705678487
ant-ivy,999,oracle,0.16380102369636246,0.5815161179897159,-0.02957507456650412,0.4167007980931273
commons-bcel,7,BSZZ,0.17936243539566982,0.6180924976336486,-0.03742985500588571,0.45996798413356343
commons-bcel,7,BSZZ_fp_repaired,0.172971112263283,0.5985972228347316,0.1969732546062865,0.7009077489985657
commons-bcel,7,BSZZ_fn_repaired,0.08108551022888559,0.5558948125891237,-0.04816580703214068,0.4482669828822243
commons-bcel,7,oracle,0.08791735289392415,0.5524590134594181,0.15477889120664487,0.6581675974895866
commons-bcel,13,BSZZ,0.140563033369301,0.5873213013009715,-0.016831085897104955,0.481849127299748
commons-bcel,13,BSZZ_fp_repaired,0.17119520295071006,0.5971188166084739,0.19350022527088126,0.6977755329943146
commons-bcel,13,BSZZ_fn_repaired,0.13758100879383536,0.5888065960569921,-0.0650658192482057,0.4298128030020001
commons-bcel,13,oracle,0.08715605076032527,0.5262454452305445,-0.00027058483154010986,0.4997040366815891
commons-bcel,21,BSZZ,0.17742008846124538,0.6127348908256414,-0.048253870452761964,0.44760893324921336
commons-bcel,21,BSZZ_fp_repaired,0.17703550852609526,0.6041250956545956,0.15908463751617039,0.662872384525213
commons-bcel,21,BSZZ_fn_repaired,0.14039063530939885,0.585698972580343,0.036767400258512474,0.5203902558820596
commons-bcel,21,oracle,0.06368976148705122,0.4862709230885767,0.11980806471745166,0.6095084278235589
commons-bcel,42,BSZZ,0.1946686456856143,0.6322427688484238,-0.031055662325835003,0.46689583477220703
commons-bcel,42,BSZZ_fp_repaired,0.15527582931049572,0.5846898636625714,0.16035197031464776,0.6654738074548124
commons-bcel,42,BSZZ_fn_repaired,0.13527934237685013,0.6033496414620049,0.10240810898257946,0.5951030222735144
commons-bcel,42,oracle,0.006948570439206957,0.4742099709074244,0.041066382564098766,0.5368751036744949
commons-bcel,77,BSZZ,0.19836787697357247,0.6348229676729475,-0.017527603477402384,0.4812243709806035
commons-bcel,77,BSZZ_fp_repaired,0.17216196270166512,0.5984145747513603,0.2005649068532506,0.7040855478389947
commons-bcel,77,BSZZ_fn_repaired,0.1285580450981485,0.5387495633216949,-0.041890472470728864,0.4449852531084562
commons-bcel,77,oracle,0.03798832491474841,0.454132727371981,0.06834017791659511,0.5587150337762844
commons-bcel,101,BSZZ,0.17164113902476935,0.6093552831329633,0.03073379727560771,0.5317037987099615
commons-bcel,101,BSZZ_fp_repaired,0.17554808267493882,0.6028638340137652,0.18981587001781972,0.6925752625086737
commons-bcel,101,BSZZ_fn_repaired,0.08461470380494931,0.5338138904049359,0.0714739222611094,0.5624438401362274
commons-bcel,101,oracle,0.035263751295792276,0.47290700258033047,0.1301928509388421,0.6337853791876432
commons-bcel,123,BSZZ,0.18164664478442977,0.621868699596861,0.003504739602946771,0.4986089929986232
commons-bcel,123,BSZZ_fp_repaired,0.15669608253781825,0.5860623244265023,0.17690456224488205,0.6819895786754898
commons-bcel,123,BSZZ_fn_repaired,0.07474446993443826,0.5451875706704357,-0.13195905690601353,0.3164968601797363
commons-bcel,123,oracle,0.09069699995386268,0.5576147195107654,0.004174061047269986,0.48341580434570725
commons-bcel,202,BSZZ,0.1839195992371062,0.6206438053763225,-0.04790827811443622,0.44910958268609386
commons-bcel,202,BSZZ_fp_repaired,0.18154753199682808,0.6074933968276277,0.17449270546117537,0.6757109208833868
commons-bcel,202,BSZZ_fn_repaired,0.09483514320006609,0.573402891252239,-0.06435948221908754,0.43062759234477016
commons-bcel,202,oracle,0.04622907274089251,0.5076560085948473,0.10813422328197603,0.6096956293817142
commons-bcel,314,BSZZ,0.16151010113745046,0.5986869529524393,-0.06001865569214028,0.43571312541081275
commons-bcel,314,BSZZ_fp_repaired,0.15302909339852808,0.5841683934019638,0.20264182632006916,0.7067618876727622
commons-bcel,314,BSZZ_fn_repaired,0.10763881667591632,0.5576532296546539,-0.05684641816910336,0.43931581013931825
commons-bcel,314,oracle,0.07835133441096759,0.5123774566409757,0.11162961297886535,0.6040603547539437
commons-bcel,999,BSZZ,0.1884930743502481,0.6243392719443642,-0.04657797266611098,0.4502261791397655
commons-bcel,999,BSZZ_fp_repaired,0.1673726291658944,0.5916443969267426,0.2073898110323379,0.7111352238661378
commons-bcel,999,BSZZ_fn_repaired,0.05924532638306935,0.5337245449238883,0.01831692438894493,0.5136848920074346
commons-bcel,999,oracle,0.04334708994085991,0.506399708467369,0.038230633667631415,0.5218376006470518
commons-beanutils,7,BSZZ,0.08439550935120113,0.5215686451419651,0.08140917964871436,0.6432768481335281
commons-beanutils,7,BSZZ_fp_repaired,0.10285098692321637,0.5415200620756639,0.06850296488655294,0.6012901272805558
commons-beanutils,7,BSZZ_fn_repaired,0.09845115003577992,0.5230251326496753,0.08678295062929298,0.6369615954586245
commons-beanutils,7,oracle,0.13139871858526384,0.578037415510869,0.10665126249669168,0.6827809305497907
commons-beanutils,13,BSZZ,0.07537830171016371,0.5257804228235435,0.061606196328557614,0.60856549053526
commons-beanutils,13,BSZZ_fp_repaired,0.1152768571158658,0.5461370583629283,0.07189167600459141,0.6048418676645823
commons-beanutils,13,BSZZ_fn_repaired,0.07359405532172007,0.5328843356850101,0.06729041661324993,0.6239766472844125
commons-beanutils,13,oracle,0.11479983553010824,0.5458487108247758,0.0656650798631108,0.5982124473832242
commons-beanutils,21,BSZZ,0.01118491408309725,0.4169507212361472,0.03593013523430437,0.5650153087601132
commons-beanutils,21,BSZZ_fp_repaired,0.08995996182831495,0.527726200408941,0.05850565474799786,0.5841099424590726
commons-beanutils,21,BSZZ_fn_repaired,0.036600658744594054,0.4454136832118962,0.07374731428088689,0.6343556387550465
commons-beanutils,21,oracle,0.05338559911147312,0.470028529746925,-0.01764316883967975,0.3871712733802319
commons-beanutils,42,BSZZ,0.06513461131459053,0.4978046192697303,0.0345246971906069,0.55804706341448
commons-beanutils,42,BSZZ_fp_repaired,0.08945637024984225,0.5272949214589557,0.061474651686307905,0.5873444345500611
commons-beanutils,42,BSZZ_fn_repaired,0.07989801181978567,0.5201980593037941,0.07146427068534045,0.6292671632679158
commons-beanutils,42,oracle,0.08848992364072815,0.5329825414654581,0.06061327900580542,0.5990844850612459
commons-beanutils,77,BSZZ,0.0499345739999378,0.5110473572743973,0.02308439117701543,0.5379321926327523
commons-beanutils,77,BSZZ_fp_repaired,0.10823925176694878,0.5512497795876267,0.07948097604427294,0.6265826336750825
commons-beanutils,77,BSZZ_fn_repaired,0.1142116168432699,0.5723133873214538,0.08772324755849112,0.6480489278443711
commons-beanutils,77,oracle,0.08701816605492428,0.5311122508624161,0.07590916672312917,0.6008603682971696
commons-beanutils,101,BSZZ,0.08715092352478818,0.5209032436362608,0.04015267494610715,0.5703637008969873
commons-beanutils,101,BSZZ_fp_repaired,0.10078121140030563,0.5405004436872747,0.06827251477236547,0.6010437423503618
commons-beanutils,101,BSZZ_fn_repaired,0.0923566739588278,0.5252743163514225,0.03937223136784363,0.5686684703542344
commons-beanutils,101,oracle,0.12309807925621824,0.5683378880865183,0.10713521646458592,0.6688632691873427
commons-beanutils,123,BSZZ,0.06846965231569174,0.5217795095609501,0.04510048737235681,0.5749446201208492
commons-beanutils,123,BSZZ_fp_repaired,0.15506431535695991,0.591264045750685,0.08430618996568945,0.6457965514497455
commons-beanutils,123,BSZZ_fn_repaired,0.07175432049201713,0.516746611361347,0.03614686937688557,0.5555878333552484
commons-beanutils,123,oracle,0.15051647236287588,0.5774595849690138,0.06424897496304854,0.5760249655843708
commons-beanutils,202,BSZZ,0.051833124548487874,0.4526653264006636,0.04034877466934542,0.5674545424457642
commons-beanutils,202,BSZZ_fp_repaired,0.10910997961109131,0.5353010177185566,0.06630133209141963,0.5923832389293859
commons-beanutils,202,BSZZ_fn_repaired,0.04776246480218931,0.45164186490653246,0.03803930678072374,0.5648363916874736
commons-beanutils,202,oracle,0.09749298747486008,0.5189546363571172,0.010887766098170104,0.4768927181596397
commons-beanutils,314,BSZZ,0.08510791501996601,0.5158423372445808,0.03325461272496966,0.5526816136362501
commons-beanutils,314,BSZZ_fp_repaired,0.13157787878196547,0.5576188055173494,0.05506994194462298,0.5651500987531347
commons-beanutils,314,BSZZ_fn_repaired,0.10620614328191913,0.5326671166019574,0.06576293346257694,0.607400597740915
commons-beanutils,314,oracle,0.13337697027498255,0.5589829217507317,0.04526406362144917,0.5550158282928733
commons-beanutils,999,BSZZ,0.0379199197510845,0.44064179373572143,0.0862176278825993,0.6444422793418355
commons-beanutils,999,BSZZ_fp_repaired,0.11084035264591602,0.5422780136984603,0.06951020856179048,0.6023597352823716
commons-beanutils,999,BSZZ_fn_repaired,0.040175049549705785,0.43258569180049544,0.07411677311648454,0.6096170508279442
commons-beanutils,999,oracle,0.10704315268455682,0.5400378607600446,0.055138836726869984,0.5859492743556705
commons-codec,7,BSZZ,0.03764300217682465,0.523603397942868,0.11057808130896114,0.6609157136384032
commons-codec,7,BSZZ_fp_repaired,0.09449111880540274,0.5686007094701353,0.09412792169619941,0.6458853923718291
commons-codec,7,BSZZ_fn_repaired,0.00801634025465983,0.48338082963585555,-0.0880472408042824,0.28567937148961536
commons-codec,7,oracle,0.0885465271945051,0.5653869176420412,0.009966059015718983,0.44224051264325603
commons-codec,13,BSZZ,0.03769143998746257,0.5376111099271293,0.12712108917256618,0.6937633763299518
commons-codec,13,BSZZ_fp_repaired,0.0886661709345687,0.5606214223096068,0.11608962425108893,0.6781100324387618
commons-codec,13,BSZZ_fn_repaired,0.0022813191751804036,0.49010914539418854,0.0769727155221361,0.6186941228414033
commons-codec,13,oracle,0.0761072647266023,0.5519317861528596,0.012852868242884053,0.4895473791932471
commons-codec,21,BSZZ,0.034923486802884006,0.5242505847511595,0.07010640332244114,0.6083373781598977
commons-codec,21,BSZZ_fp_repaired,0.07837961089577838,0.5556517752210983,0.11492912148085874,0.6758853241336952
commons-codec,21,BSZZ_fn_repaired,0.04141660124021751,0.5313432731019763,0.08887660668957374,0.6372459892410539
commons-codec,21,oracle,0.09112756235309925,0.5736869121641418,0.03715066238954681,0.5259421453694709
commons-codec,42,BSZZ,-0.001131276411203856,0.48439821311420583,0.10919424912572451,0.6566252239520183
commons-codec,42,BSZZ_fp_repaired,0.07046931121194036,0.5381550935348536,0.09089445951839688,0.6412092447951794
commons-codec,42,BSZZ_fn_repaired,0.03587791318675581,0.5250344965741227,0.07440431932903743,0.6161021242112692
commons-codec,42,oracle,0.04178665000737001,0.47424041033857445,-0.07124918022122431,0.28997565585665014
commons-codec,77,BSZZ,0.02632107600224083,0.5173287585127634,0.0724396524803125,0.6129424457785555
commons-codec,77,BSZZ_fp_repaired,0.07581170876129213,0.5412289740308738,0.08655548710374515,0.6348635713842263
commons-codec,77,BSZZ_fn_repaired,0.0005046670179590261,0.48099875231278205,-0.08538289050390117,0.2918023178627947
commons-codec,77,oracle,0.11349515993736392,0.5982096620314185,0.037718682052306475,0.5190331876342241
commons-codec,101,BSZZ,0.046896313689199096,0.5370358689947153,0.09808766045747262,0.6469838627876638
commons-codec,101,BSZZ_fp_repaired,0.09939419964921038,0.5716498214552513,0.06349941652204374,0.5405017859485632
commons-codec,101,BSZZ_fn_repaired,0.018996577384464367,0.4994752414798021,-0.046691352485601696,0.347963272213089
commons-codec,101,oracle,0.059091101279997886,0.5242166946745064,0.007818258351716432,0.4386753772045806
commons-codec,123,BSZZ,0.04826805203441511,0.5392478964349452,0.07838171843106931,0.621672516551223
commons-codec,123,BSZZ_fp_repaired,0.08013209128234734,0.565386099071309,-0.044823166563326,0.3718689484009589
commons-codec,123,BSZZ_fn_repaired,0.04321105633766122,0.531934145019398,0.08124149361469013,0.6255807743142766
commons-codec,123,oracle,0.059498222914232304,0.5309051182654456,-0.0963354343488081,0.24642234701339713
commons-codec,202,BSZZ,-0.0015692681728696428,0.4847294711908647,0.06330047051632201,0.5979837188749292
commons-codec,202,BSZZ_fp_repaired,0.08795964778675203,0.559925567318721,0.10868680816593061,0.6668932569334417
commons-codec,202,BSZZ_fn_repaired,-0.0010479694293581954,0.48293148571027705,-0.06361867383967171,0.35146868471021203
commons-codec,202,oracle,0.02624507747005931,0.4737513996626476,-0.035077478640779446,0.3693297003526353
commons-codec,314,BSZZ,0.0013031933978553782,0.4814339830665917,-0.049706986198824576,0.35537056750175616
commons-codec,314,BSZZ_fp_repaired,0.07654725219876561,0.5425288567818553,0.09462428421802561,0.6464986365347343
commons-codec,314,BSZZ_fn_repaired,0.0035283018990447763,0.4812092754234748,-0.04870868355231773,0.34590012250637714
commons-codec,314,oracle,0.08524087512432933,0.5668545604349676,0.023829534764680346,0.5008506442177335
commons-codec,999,BSZZ,0.032763499597823535,0.5261050306536151,0.10740832480077724,0.656127679041674
commons-codec,999,BSZZ_fp_repaired,0.08468261198554183,0.5475823080740748,0.025629915659035937,0.46600694237382917
commons-codec,999,BSZZ_fn_repaired,0.0106751882764261,0.49961953988986846,0.06794982985757782,0.6062445440010684
commons-codec,999,oracle,0.07893902096886639,0.5381998068670325,-0.03854156014991399,0.35368151897790223
commons-collections,7,BSZZ,-0.019173549844865502,0.3422425832034969,-0.039154105735202935,0.4121571803950557
commons-collections,7,BSZZ_fp_repaired,0.04264158174804986,0.380964623559429,0.11306607560480979,0.6284266943698698
commons-collections,7,BSZZ_fn_repaired,0.01197672953973629,0.38085838048005927,0.12645419276082315,0.6691764251420763
commons-collections,7,oracle,0.05696643953263344,0.4091807143802576,0.13959689078537726,0.6978323027536363
commons-collections,13,BSZZ,0.027045534112815125,0.3947160299183673,0.012834275770590826,0.5108210292681427
commons-collections,13,BSZZ_fp_repaired,0.04870107425619774,0.39351747374632634,0.11599104494795553,0.6306633605454394
commons-collections,13,BSZZ_fn_repaired,0.006640357357389775,0.40164487453196834,0.054261847034516315,0.5803838212200304
commons-collections,13,oracle,0.059622306865029916,0.40579400346871924,0.029692363114553925,0.5428600296935664
commons-collections,21,BSZZ,-0.026518732150668703,0.32319620965928436,-0.040692237089105986,0.40984976555980146
commons-collections,21,BSZZ_fp_repaired,0.042511095911668795,0.38126633144468025,0.11269256744312271,0.6281578793999878
commons-collections,21,BSZZ_fn_repaired,-0.010400441291653614,0.3728859834743564,-0.010323794924658307,0.4809103462479819
commons-collections,21,oracle,0.05804754435008768,0.4067793446295689,0.0708488160826703,0.604421288541205
commons-collections,42,BSZZ,0.03187862336930731,0.3937040533829011,0.11011542896969755,0.6580959608802625
commons-collections,42,BSZZ_fp_repaired,0.04255822808575601,0.3815939072508052,0.11171441017947738,0.6274495822414873
commons-collections,42,BSZZ_fn_repaired,0.011640571248746845,0.4060090691145502,-0.03136492917435879,0.4215158172108424
commons-collections,42,oracle,0.05918742099306605,0.4098297413513826,0.16017743281681224,0.7252164718837376
commons-collections,77,BSZZ,0.0038941695180390373,0.3664844130215516,-0.038811955357061986,0.4125021105358763
commons-collections,77,BSZZ_fp_repaired,0.043533135186581806,0.3823600133120347,0.11658321539681936,0.630913853488096
commons-collections,77,BSZZ_fn_repaired,0.015254704942625328,0.4085365793968621,0.15669804302783802,0.7045422063551963
commons-collections,77,oracle,0.056132047465792034,0.40483762546845814,0.160697017336983,0.7199463271113551
commons-collections,101,BSZZ,0.03496401232385603,0.4041942275223527,0.1262443967830823,0.6814438954730748
commons-collections,101,BSZZ_fp_repaired,0.043794712355731215,0.3823852883487177,0.12000856784164968,0.6332607596896681
commons-collections,101,BSZZ_fn_repaired,-0.023883161249290775,0.3277994039682791,0.16903325413104134,0.7285230671748523
commons-collections,101,oracle,0.04805783748262107,0.388543622674623,0.1832584252776533,0.7493038213179143
commons-collections,123,BSZZ,0.010440719078451996,0.3756274390867336,0.010593383535845446,0.5071350490195518
commons-collections,123,BSZZ_fp_repaired,0.03589524258345137,0.36552323196859765,0.11910091018415239,0.6314426163484245
commons-collections,123,BSZZ_fn_repaired,0.005375092124826429,0.39229110343108864,0.09246794174973988,0.6293334881740561
commons-collections,123,oracle,0.06087678012327544,0.4110398868306025,0.14113821720173128,0.6812610778997316
commons-collections,202,BSZZ,-0.01235119861756993,0.34102251110572795,0.005838060923385871,0.5016581455339109
commons-collections,202,BSZZ_fp_repaired,0.04365508130792513,0.3823417833146019,0.11710979253420561,0.6312794297176219
commons-collections,202,BSZZ_fn_repaired,-0.020420275281465852,0.334974263985745,0.016734103582214322,0.513468363082044
commons-collections,202,oracle,0.06891456675751709,0.4221025807843112,0.13943623940468633,0.6939692989846341
commons-collections,314,BSZZ,0.01673304581335255,0.4052129854016475,0.057369356222928804,0.5847720174498635
commons-collections,314,BSZZ_fp_repaired,0.043021120631027886,0.38167243032041454,0.11308825487401335,0.628442628313172
commons-collections,314,BSZZ_fn_repaired,-0.008109177500073669,0.34921366963919515,-0.042075515871078197,0.40960727092770743
commons-collections,314,oracle,0.06014138273375773,0.40739568299464096,0.09181033503864283,0.5950842731155968
commons-collections,999,BSZZ,-0.011139649201311885,0.34464512191846536,-0.044313807380187184,0.4066763882439711
commons-collections,999,BSZZ_fp_repaired,0.041136457406662476,0.3803405273558311,0.11089847129783015,0.6268539483721312
commons-collections,999,BSZZ_fn_repaired,-0.0043351709632101325,0.380178302553911,0.11034111955838956,0.6586844728604494
commons-collections,999,oracle,0.05045185541313361,0.39722244665663037,-0.02127671997134657,0.4537204378429284
commons-compress,7,BSZZ,0.03598131940075435,0.5021614338568704,0.17818884834172877,0.7552306399470953
commons-compress,7,BSZZ_fp_repaired,0.14428877513696967,0.5649838870095298,-0.004639238218104905,0.3843852619147269
commons-compress,7,BSZZ_fn_repaired,0.0668034216389572,0.5095726882219456,0.17437762170848742,0.7498246663355647
commons-compress,7,oracle,0.08642472901999239,0.5080766424675378,0.047857573924367514,0.5602984302597478
commons-compress,13,BSZZ,0.04554399175723812,0.4995593093079396,0.18694121648918946,0.7667363855479887
commons-compress,13,BSZZ_fp_repaired,0.14785299193471013,0.5686037551775027,-0.0005787538868647931,0.4049070559038731
commons-compress,13,BSZZ_fn_repaired,0.01025669045562597,0.4675006334508055,0.01941236134026701,0.5285942176453687
commons-compress,13,oracle,0.03521300426138177,0.4918596665043687,0.09752748637274604,0.6402848687679381
commons-compress,21,BSZZ,0.06013465796910835,0.5133918542177048,0.18381273738506534,0.7626620002367084
commons-compress,21,BSZZ_fp_repaired,0.14799032546347027,0.5726309906524759,0.04884944594195614,0.4964663312695855
commons-compress,21,BSZZ_fn_repaired,0.08443991219327425,0.521255938741663,0.08993357065285763,0.6305814505904159
commons-compress,21,oracle,0.06720969954389124,0.5120858552768296,0.012182153524009564,0.4666304791347886
commons-compress,42,BSZZ,0.03430272037732283,0.49254384814601,0.17830879526534849,0.7554712761465271
commons-compress,42,BSZZ_fp_repaired,0.14281271671734622,0.5633812450366722,-0.012155491975654555,0.3795853286352439
commons-compress,42,BSZZ_fn_repaired,0.08070657608509942,0.5220941223142117,0.14341665775694934,0.7023859468829524
commons-compress,42,oracle,0.08758970360805922,0.5093984951615753,0.01762927210483089,0.5199587370975548
commons-compress,77,BSZZ,0.017600067176728282,0.4814278942691744,0.18695319689748036,0.7667408174166782
commons-compress,77,BSZZ_fp_repaired,0.11628214698808048,0.553098371006295,0.01734530122387858,0.41694443671103204
commons-compress,77,BSZZ_fn_repaired,0.07050831053369934,0.5135262734849291,0.14594697487169359,0.7090900197253539
commons-compress,77,oracle,0.10276133264230362,0.5346173934643484,0.15316985877503925,0.6873293123946773
commons-compress,101,BSZZ,0.0398867929221368,0.495101201356336,0.17653571989539102,0.7528202411670406
commons-compress,101,BSZZ_fp_repaired,0.14410944304177142,0.5652909150964991,0.005484351213072706,0.40199974216168033
commons-compress,101,BSZZ_fn_repaired,0.04124123241532054,0.4966461454501414,0.17008411154063163,0.7444719402733926
commons-compress,101,oracle,0.07136655323786653,0.5349116269228792,0.2384797320959734,0.8252302700569843
commons-compress,123,BSZZ,0.026413949443700846,0.4855063201130491,0.1735757338627665,0.7487886483672199
commons-compress,123,BSZZ_fp_repaired,0.11626846446306718,0.5530667889687045,0.019962627246371545,0.41831532256159737
commons-compress,123,BSZZ_fn_repaired,0.09571955705092346,0.5283605997347978,0.16884632755320358,0.7425440646307384
commons-compress,123,oracle,0.1401237389188412,0.5538399821869767,0.07772928377219752,0.6168139670112118
commons-compress,202,BSZZ,0.04121157430243265,0.5071241881077356,0.1865213768593135,0.7661763645435011
commons-compress,202,BSZZ_fp_repaired,0.14672120789570725,0.5688640010018116,0.005608180430099335,0.4087760266355377
commons-compress,202,BSZZ_fn_repaired,0.07960750462049548,0.5318604572135154,0.13650111672865664,0.6856217998145819
commons-compress,202,oracle,0.11136226127690803,0.536838657538797,0.24976803230217254,0.8226554816094878
commons-compress,314,BSZZ,0.0365834533052567,0.5031831673660443,0.1875549525700563,0.7675155247529905
commons-compress,314,BSZZ_fp_repaired,0.14904044113925646,0.5713429312385689,0.007541971717961562,0.41012595141522523
commons-compress,314,BSZZ_fn_repaired,0.026086235229651505,0.49233839184213457,0.062237402412252174,0.594396355401124
commons-compress,314,oracle,0.0627741575233419,0.5094793642795602,0.06534145519516864,0.599023239505884
commons-compress,999,BSZZ,0.037113589406392145,0.5065065626233455,0.18043476893701793,0.7582177751407445
commons-compress,999,BSZZ_fp_repaired,0.14637971677627357,0.5683111853325625,-0.004412235376883753,0.39849537203426566
commons-compress,999,BSZZ_fn_repaired,0.011952992606967331,0.46955215580992005,0.0452040289753122,0.5649202248887671
commons-compress,999,oracle,0.048414210418718975,0.48009211864877716,-0.007988355463536446,0.47575204803792914
commons-configuration,7,BSZZ,0.0668621473736658,0.523054834334534,-0.10421388910473955,0.1694807558687952
commons-configuration,7,BSZZ_fp_repaired,0.05757292644315465,0.5063488176205392,0.08780373437760003,0.6511555174759271
commons-configuration,7,BSZZ_fn_repaired,0.09017821125216748,0.548891220626663,-0.11576320452734605,0.16385345154540476
commons-configuration,7,oracle,0.05875178772543679,0.5296646761798363,0.14775471089273348,0.7909659518025116
commons-configuration,13,BSZZ,0.04708402253378542,0.5083802282321201,-0.0841456711488687,0.18523138892462657
commons-configuration,13,BSZZ_fp_repaired,0.1175000165914718,0.5839537908304557,0.0825452308164578,0.6507231164375055
commons-configuration,13,BSZZ_fn_repaired,0.06007552933785229,0.5211938459854101,-0.1311925916224316,0.15276892661674552
commons-configuration,13,oracle,0.09502332585489166,0.5736336539745466,0.05638475608931412,0.6114956682969768
commons-configuration,21,BSZZ,0.06008605536338844,0.5172416606646745,-0.09115945303594235,0.18194046193573177
commons-configuration,21,BSZZ_fp_repaired,0.06476927339231646,0.5172238915408988,0.09090020361931651,0.6543592973799723
commons-configuration,21,BSZZ_fn_repaired,0.06907727937597205,0.547400310712743,-0.012758495454908581,0.4668207463088266
commons-configuration,21,oracle,0.09172641831499624,0.5702463245527485,0.10557791572751558,0.6776005726693084
commons-configuration,42,BSZZ,0.051854653218422746,0.5152098433693697,-0.12012137802779811,0.1603090838863122
commons-configuration,42,BSZZ_fp_repaired,0.1263530307018481,0.6003246003964352,0.08472766461934349,0.6536822799267438
commons-configuration,42,BSZZ_fn_repaired,0.044363735337627094,0.5076935026939923,-0.011527377553960941,0.47405118936096446
commons-configuration,42,oracle,0.054923454863904916,0.5421967387494825,0.10411359006594095,0.6994935623330883
commons-configuration,77,BSZZ,0.058247820361987585,0.5169704140319179,-0.07205592429815619,0.19422750742152906
commons-configuration,77,BSZZ_fp_repaired,0.12760509464320777,0.6016568872217324,0.074162690763271,0.6404913223168944
commons-configuration,77,BSZZ_fn_repaired,0.060728634983166836,0.5352183694585507,-0.12950446278670508,0.18781228005672496
commons-configuration,77,oracle,0.10524741121315673,0.5856311621045232,0.10329368745960557,0.6748279232289132
commons-configuration,101,BSZZ,0.061926191868884733,0.5217650784625341,-0.0967045467914036,0.1765160855590827
commons-configuration,101,BSZZ_fp_repaired,0.11124622603855573,0.5770609854954318,0.08026715466257908,0.6483154816134868
commons-configuration,101,BSZZ_fn_repaired,0.08383449153370184,0.5375904239033195,-0.137435981626543,0.14806671823213033
commons-configuration,101,oracle,0.11158906173265098,0.5817261219966646,0.06770930484168124,0.6252343023875561
commons-configuration,123,BSZZ,0.04490931909844862,0.5085500948590636,-0.08524486098095134,0.18639302086565432
commons-configuration,123,BSZZ_fp_repaired,0.06570538249282196,0.5165508153567879,0.09040982785345318,0.6538724314477202
commons-configuration,123,BSZZ_fn_repaired,0.07507507224921381,0.5437904452825477,-0.07886628420068377,0.2343742788887558
commons-configuration,123,oracle,0.12636266094198004,0.6167479957323458,0.13492383889322176,0.7660063505603075
commons-configuration,202,BSZZ,0.03356936423337808,0.5033935701420479,-0.08248458907849016,0.1884915425811192
commons-configuration,202,BSZZ_fp_repaired,0.07049233922032129,0.5240706073396418,0.09018500387748161,0.6536470947886214
commons-configuration,202,BSZZ_fn_repaired,0.058270378965260175,0.5249654400774958,-0.11744507392954112,0.1936932551757054
commons-configuration,202,oracle,0.08640566442126577,0.5627881349173374,0.09110013008606828,0.6523292117865425
commons-configuration,314,BSZZ,0.05223069214390299,0.5150886545985403,-0.08809733089331204,0.1846296364106211
commons-configuration,314,BSZZ_fp_repaired,0.12693674166969257,0.5940694370867319,0.0856995824063407,0.6548120165925279
commons-configuration,314,BSZZ_fn_repaired,0.06123212658612409,0.5404326040366685,-0.0578378606624561,0.3182891651141004
commons-configuration,314,oracle,0.10417042595619076,0.5868332996718483,0.1034843291762416,0.6927049151451544
commons-configuration,999,BSZZ,0.055946294073169416,0.5140419938218502,-0.07964863125326323,0.18815824262635086
commons-configuration,999,BSZZ_fp_repaired,0.12472016680996274,0.594419480271092,0.08509995476713927,0.6541149371215629
commons-configuration,999,BSZZ_fn_repaired,0.06273396542876057,0.51709474005621,-0.14013872864654736,0.1466670976235161
commons-configuration,999,oracle,0.09422754822244053,0.5836752954845525,0.07234691632996085,0.6390649464521899
commons-dbcp,7,BSZZ,0.061749900158532024,0.5097567250662909,0.024021671421213846,0.4573744784907222
commons-dbcp,7,BSZZ_fp_repaired,0.08596059109983195,0.5594121750386658,0.014209044793748694,0.5593496339445001
commons-dbcp,7,BSZZ_fn_repaired,0.03354306757042657,0.4865871464941889,0.015446340620628522,0.42687890864495137
commons-dbcp,7,oracle,0.038795974269938485,0.49323348573712866,-0.009873575510650951,0.45230189506688273
commons-dbcp,13,BSZZ,0.03311689481918883,0.4888014084734293,0.021512262041947772,0.4496411224819387
commons-dbcp,13,BSZZ_fp_repaired,0.09004598006312031,0.559801041958205,0.01476992684099129,0.5617887982264944
commons-dbcp,13,BSZZ_fn_repaired,0.052109534977974416,0.493105689461239,0.02477139089764805,0.4515175171332678
commons-dbcp,13,oracle,0.0838830351450465,0.541859825155033,0.009517367574456061,0.472009014009607
commons-dbcp,21,BSZZ,0.0336664994796164,0.4787364112419636,0.019401641976302446,0.4230750024122139
commons-dbcp,21,BSZZ_fp_repaired,0.05951334173321937,0.5331272430895706,0.011235052302852384,0.5471781056679178
commons-dbcp,21,BSZZ_fn_repaired,0.03228387011673168,0.49122012499581125,0.016820621517674758,0.44686952483960174
commons-dbcp,21,oracle,0.04831467134465619,0.5117128906420317,0.01032229749806253,0.5066399358348914
commons-dbcp,42,BSZZ,0.040123874766631464,0.4957431634272747,0.023454897974825466,0.4633492657439512
commons-dbcp,42,BSZZ_fp_repaired,0.06698629788057758,0.5427342317121824,0.01478830054854079,0.5618639144537048
commons-dbcp,42,BSZZ_fn_repaired,0.03630539941207537,0.4764779406686076,0.022086377125553946,0.4392832386884786
commons-dbcp,42,oracle,0.04759546941113757,0.5145718357692036,0.017732191487459626,0.5088165058582244
commons-dbcp,77,BSZZ,0.07714888915417001,0.5258930074459701,0.022626547883451545,0.4465473895756437
commons-dbcp,77,BSZZ_fp_repaired,0.0743861472328127,0.5491458932683252,0.011138888003496494,0.546775115146745
commons-dbcp,77,BSZZ_fn_repaired,0.019891371509682534,0.4651441836009831,0.020103585341617027,0.4343015405615481
commons-dbcp,77,oracle,0.021809299668334343,0.48527642459365256,-0.0028367215408871558,0.4306447249767216
commons-dbcp,101,BSZZ,0.011206193366761921,0.4670102124639649,0.01767907406732317,0.4451758014757439
commons-dbcp,101,BSZZ_fp_repaired,0.07835651453188289,0.5503383337332176,0.012089855203805636,0.5507372554846285
commons-dbcp,101,BSZZ_fn_repaired,0.0358806020670342,0.48382663408219706,0.01766612400265841,0.42680976869302
commons-dbcp,101,oracle,0.03652018586589337,0.5027420390864943,0.010959913881723713,0.48776349171329436
commons-dbcp,123,BSZZ,0.052127136556822294,0.49760740074612425,0.02441816810611023,0.4443583708918436
commons-dbcp,123,BSZZ_fp_repaired,0.0809443289644167,0.5519674467196933,0.012324889406004293,0.5517111587374381
commons-dbcp,123,BSZZ_fn_repaired,0.0242618125254353,0.4823592356025371,0.0161362649608352,0.4431897716364463
commons-dbcp,123,oracle,0.05299661760156559,0.5090540270563252,0.0002918299593980014,0.45363489996616574
commons-dbcp,202,BSZZ,0.06504386254754732,0.5117883954201218,0.022941987301258956,0.43658555282322276
commons-dbcp,202,BSZZ_fp_repaired,0.08060579730612226,0.5473029673683764,0.010861312842932055,0.5456142526417954
commons-dbcp,202,BSZZ_fn_repaired,0.05701617427207867,0.49767873456375344,0.020588249233680505,0.4227582525240151
commons-dbcp,202,oracle,0.06113864265322316,0.5206941886497766,-0.0014567054096100963,0.43870956367108105
commons-dbcp,314,BSZZ,0.03671545692017,0.48607309567591916,0.018729163218830596,0.42368933864042013
commons-dbcp,314,BSZZ_fp_repaired,0.08341800639162127,0.5570923553486212,0.014879178417339914,0.5622495632124671
commons-dbcp,314,BSZZ_fn_repaired,0.034550188643472125,0.4799756447503762,0.023365790920002266,0.4508599150398933
commons-dbcp,314,oracle,0.0666552849342688,0.5250532363567066,0.001939804196103032,0.4579814583652711
commons-dbcp,999,BSZZ,0.038778764652551576,0.48209225762530583,0.02056352096219268,0.4270402145970188
commons-dbcp,999,BSZZ_fp_repaired,0.09485881210488584,0.5658764788772859,0.014612037203004804,0.5611117526933767
commons-dbcp,999,BSZZ_fn_repaired,0.0425175677485028,0.5022270573812182,0.023957338547202625,0.45866863309032896
commons-dbcp,999,oracle,0.049074375130542934,0.5157941280727185,0.004156461087970429,0.4682793612394699
commons-digester,7,BSZZ,-0.018153676427472752,0.39588326772489146,0.03520244925625362,0.5155439917295163
commons-digester,7,BSZZ_fp_repaired,0.028240911795095854,0.41751878124789277,-0.08880380865727412,0.3800541317395631
commons-digester,7,BSZZ_fn_repaired,-0.01743848925257036,0.3982373186362436,0.03815618416061675,0.5217150804780715
commons-digester,7,oracle,0.04050427552349655,0.4378278363812765,-0.03727519591570149,0.4482017847619493
commons-digester,13,BSZZ,-0.030416086143423626,0.37684503422806287,0.025916416429268285,0.5032264938943852
commons-digester,13,BSZZ_fp_repaired,0.020465252318536034,0.4169101769969192,-0.09072992511273356,0.3779432325411791
commons-digester,13,BSZZ_fn_repaired,-0.03207746758384104,0.37430444249197553,0.030595165991156803,0.5118877951553088
commons-digester,13,oracle,0.03228227894045293,0.4364632549298404,-0.034075027602992004,0.45272213583756
commons-digester,21,BSZZ,-0.02489971415386053,0.38080787275977973,0.02836073706615999,0.5087645787981624
commons-digester,21,BSZZ_fp_repaired,0.02588339490172941,0.4187777129923719,-0.08844860173938512,0.3804435923016094
commons-digester,21,BSZZ_fn_repaired,-0.02489971415386053,0.38080787275977973,0.02836073706615999,0.5087645787981624
commons-digester,21,oracle,0.02745702855885748,0.41941129078730155,-0.03179034148522657,0.4576943494334531
commons-digester,42,BSZZ,-0.0324324908228544,0.36945414242889235,0.029846152232487183,0.5105052393380091
commons-digester,42,BSZZ_fp_repaired,0.029978132431859723,0.4173463060616639,-0.09071554726701742,0.3779589831509832
commons-digester,42,BSZZ_fn_repaired,-0.031587669293664945,0.37145551184494613,0.03417328982552396,0.5184686415323396
commons-digester,42,oracle,0.031121456275691142,0.41733865544222526,-0.06459880121772726,0.41313602346141676
commons-digester,77,BSZZ,-0.020455508610225617,0.37438647821819576,0.04113371113956498,0.5320211124819622
commons-digester,77,BSZZ_fp_repaired,0.02866289873765745,0.41662230629916946,-0.09093444359897054,0.3777191987018579
commons-digester,77,BSZZ_fn_repaired,-0.016639050798659877,0.37927149088835516,0.045369127949475674,0.5395917131195711
commons-digester,77,oracle,0.04723983898787986,0.455808774082561,-0.009872720930906496,0.4869129862673738
commons-digester,101,BSZZ,-0.0004481916967174386,0.43050592041675706,0.02722767999254001,0.5066704835793989
commons-digester,101,BSZZ_fp_repaired,0.02749544884658658,0.41949941632789794,-0.08745216319116982,0.3815363722265842
commons-digester,101,BSZZ_fn_repaired,-0.0008023542496020398,0.4296162537833081,0.027911007869449268,0.5079303571797897
commons-digester,101,oracle,0.02733830910877934,0.41932214542554264,-0.0821415888930483,0.38736450648227044
commons-digester,123,BSZZ,-0.04026753513119122,0.32694639490137584,0.03195421842495088,0.5101095773146995
commons-digester,123,BSZZ_fp_repaired,0.027085128589512123,0.41362563333598246,-0.09097562844898653,0.3776740866015996
commons-digester,123,BSZZ_fn_repaired,-0.04102232841218701,0.32499684311672516,0.030815315978991037,0.5079647543637564
commons-digester,123,oracle,0.025721531478879345,0.41202339371969393,-0.10378294692755466,0.36370777388606157
commons-digester,202,BSZZ,-0.03644129973863458,0.32828469094325546,-0.04134715719734437,0.4333138668518372
commons-digester,202,BSZZ_fp_repaired,0.02522767377362034,0.4184838168278118,-0.09060644815591086,0.37807850224958345
commons-digester,202,BSZZ_fn_repaired,-0.023813114818769524,0.38478779820017467,0.03190423875603181,0.5110657511837858
commons-digester,202,oracle,0.029868368590895433,0.4324118076135059,-0.1383605739623419,0.30316134323532007
commons-digester,314,BSZZ,0.008611339171628943,0.4549912539712294,0.0387733690904643,0.5182724912224855
commons-digester,314,BSZZ_fp_repaired,0.026273167691233675,0.41746474882084833,-0.09068456250085265,0.3779929266335037
commons-digester,314,BSZZ_fn_repaired,0.008570555889116031,0.45482061459458584,0.04332175514206587,0.5268986013326638
commons-digester,314,oracle,0.02741701515946342,0.41745858455020596,-0.06456573253133546,0.413180681968537
commons-digester,999,BSZZ,-0.03381650844515831,0.3336211604909118,0.02926573299728472,0.5054416299911282
commons-digester,999,BSZZ_fp_repaired,0.03264467534174973,0.42483948691307194,-0.09051328550278294,0.37818056759958196
commons-digester,999,BSZZ_fn_repaired,-0.02134235020419514,0.35399114754449845,0.04583798545539147,0.5320166096801919
commons-digester,999,oracle,0.051186039173246704,0.4645625164964005,6.596613958938581e-05,0.5000171764199722
commons-io,7,BSZZ,0.08809703017387333,0.588353078720438,0.11081040375638421,0.7976664787124903
commons-io,7,BSZZ_fp_repaired,0.043401677294537304,0.49568354488131616,-0.020447127412136046,0.3446829998203376
commons-io,7,BSZZ_fn_repaired,0.08529608800894567,0.5772767863306045,0.1018601517738606,0.7775766408116012
commons-io,7,oracle,0.059243822412781026,0.5200154552572789,-0.018193071346324724,0.3687211209202689
commons-io,13,BSZZ,0.06673201399828795,0.5613277505157692,0.013722956530554577,0.5370633900572863
commons-io,13,BSZZ_fp_repaired,0.06431229055777075,0.5189272083069512,-0.02455477500357485,0.33899646905227165
commons-io,13,BSZZ_fn_repaired,0.057062100936708327,0.5475621086716708,0.021015973062667375,0.553985409796638
commons-io,13,oracle,0.05366433840323269,0.5135681499189957,-0.020942794072571137,0.36374845496656866
commons-io,21,BSZZ,0.07624364725843519,0.5682295081171784,0.029852946426089145,0.5743139199814854
commons-io,21,BSZZ_fp_repaired,0.025930769580899928,0.48217034219383786,-0.012377319100966217,0.3680722326384727
commons-io,21,BSZZ_fn_repaired,0.0716035192797592,0.5693354456394247,0.08182672694753249,0.7225943400081279
commons-io,21,oracle,0.015036184839610398,0.4658233984816644,-0.01684938201329724,0.30851327328604583
commons-io,42,BSZZ,0.02988490501586241,0.5166916188534677,0.0006144178663768506,0.48690040539962565
commons-io,42,BSZZ_fp_repaired,0.028349444846198894,0.4842705556744216,-0.012048494870894612,0.36496181458888494
commons-io,42,BSZZ_fn_repaired,0.056190107037932646,0.5555056805365851,0.09434626835082278,0.7585649677801067
commons-io,42,oracle,0.04931360188430812,0.531271936604711,0.05626600902803045,0.6527281997910827
commons-io,77,BSZZ,0.06933196444086791,0.5722256726134731,0.08204401900937554,0.728667849494871
commons-io,77,BSZZ_fp_repaired,0.04321309657687318,0.49841615538557643,-0.01976545092965794,0.3469236843707577
commons-io,77,BSZZ_fn_repaired,0.04651460432950673,0.5382587995153653,0.01104493853946777,0.5297688447376313
commons-io,77,oracle,0.010313562229786346,0.4679945310192824,-0.018260593418791406,0.3545155506578814
commons-io,101,BSZZ,0.07566118714148272,0.566042391009166,0.01991689385536398,0.5540382362632356
commons-io,101,BSZZ_fp_repaired,0.049538320864262006,0.5010097968045769,-0.02686754849171347,0.33289594564278824
commons-io,101,BSZZ_fn_repaired,0.04839398636284031,0.53137040818123,0.014296714785321471,0.5286805431854905
commons-io,101,oracle,0.05437538254517021,0.5296622236438927,0.03232124488388241,0.5934547153805769
commons-io,123,BSZZ,0.06868011986903139,0.5629523391342633,0.031025221034383287,0.5759854914113979
commons-io,123,BSZZ_fp_repaired,0.05272501750420631,0.5108808149427209,-0.011105497001083653,0.3701690329082681
commons-io,123,BSZZ_fn_repaired,0.07388356411223744,0.5795509897751172,0.09492619166436513,0.7591695838850567
commons-io,123,oracle,0.05300937678537845,0.512867521122204,-0.010553551125622129,0.3763122203167713
commons-io,202,BSZZ,0.08243906945023767,0.5809276203960184,0.09467099159010897,0.7592351130039917
commons-io,202,BSZZ_fp_repaired,0.009936194089411345,0.4541876766586428,-0.03547768411491363,0.3060193365796667
commons-io,202,BSZZ_fn_repaired,0.10989838832141585,0.6092139844519616,0.11092308572287475,0.7987584695152283
commons-io,202,oracle,0.03534649430109992,0.49319353695886076,-0.02800449086630069,0.33747548054706256
commons-io,314,BSZZ,0.0852640961387632,0.5734222724965388,0.03185634496371848,0.5783711958615199
commons-io,314,BSZZ_fp_repaired,0.06130708686196857,0.5151583369663495,-0.0241197333377995,0.3396498694899082
commons-io,314,BSZZ_fn_repaired,0.05753233341360558,0.5510074062322458,0.08683806374966932,0.7406027603752385
commons-io,314,oracle,0.0643024166346076,0.5068782945394337,-0.023344969448782556,0.33470048190241997
commons-io,999,BSZZ,0.0767433183062603,0.5645006964316083,0.02057198286208318,0.5535126748044789
commons-io,999,BSZZ_fp_repaired,0.06609135201104689,0.5243346241932892,-0.019952208478750705,0.3497121686006319
commons-io,999,BSZZ_fn_repaired,0.041501220171229536,0.5391904715500425,0.07938827622594312,0.7193360748792855
commons-io,999,oracle,0.05376611715678758,0.5443476226241353,0.07528763724917953,0.7055823695008164
commons-jcs,7,BSZZ,0.03184051576007872,0.4783457838867477,0.13213583862701378,0.612132790800085
commons-jcs,7,BSZZ_fp_repaired,0.1869715520616263,0.6194131199527276,0.18866776419042955,0.6291933419306405
commons-jcs,7,BSZZ_fn_repaired,0.015809791885513506,0.4626117930641767,0.14893842529605228,0.6276870514555363
commons-jcs,7,oracle,0.16117259731678327,0.6047809540286827,0.10737998193047144,0.5812118954671978
commons-jcs,13,BSZZ,0.04347003664569742,0.492597981791507,0.13955360745100556,0.6187887184243521
commons-jcs,13,BSZZ_fp_repaired,0.15347766870269045,0.5991022511839612,0.10494738885823643,0.5753580870756341
commons-jcs,13,BSZZ_fn_repaired,0.01984988136631588,0.46893709215634216,0.20651956643850444,0.6753872077168093
commons-jcs,13,oracle,0.13427123667275914,0.5835783445977814,0.19566290376426196,0.665579021993644
commons-jcs,21,BSZZ,0.03169148872440275,0.48128867302047285,0.12089413232729,0.6030348323466815
commons-jcs,21,BSZZ_fp_repaired,0.1710881890264279,0.6143376108452347,0.14434552879262383,0.620825997025105
commons-jcs,21,BSZZ_fn_repaired,0.040310946977845284,0.4820695648480269,0.14228107632900228,0.6217929682606229
commons-jcs,21,oracle,0.11413550022541753,0.5680603937189189,0.07829414614511279,0.5632216517056148
commons-jcs,42,BSZZ,0.030812092882330097,0.4756096246789295,0.14379289017361013,0.622946846867643
commons-jcs,42,BSZZ_fp_repaired,0.1479383638343547,0.5853916228838881,0.15722756158641643,0.5996234883641399
commons-jcs,42,BSZZ_fn_repaired,0.030298423564191265,0.4744971360401691,0.1359777296041845,0.6167081974228585
commons-jcs,42,oracle,0.14700925139795112,0.5856137301187824,0.16950639732297715,0.6321191228525288
commons-jcs,77,BSZZ,0.02818056976855701,0.4767788921716468,0.1402040800243314,0.620269811205178
commons-jcs,77,BSZZ_fp_repaired,0.1683937533958074,0.6139446367745311,0.12622468307317872,0.6055491178950299
commons-jcs,77,BSZZ_fn_repaired,0.02705209921960332,0.479069225329484,0.1368871693530507,0.6169390572009678
commons-jcs,77,oracle,0.17339601574743282,0.6171532374960644,0.11442839136079413,0.5967281550630393
commons-jcs,101,BSZZ,0.03391610272379886,0.4877434077287036,0.14677202902453762,0.6259420621561191
commons-jcs,101,BSZZ_fp_repaired,0.16935418134571453,0.604825970278481,0.17334681594107662,0.6359254518494305
commons-jcs,101,BSZZ_fn_repaired,0.02195320996231524,0.47397947012172026,0.14016666673633665,0.620003201910764
commons-jcs,101,oracle,0.16423313148272484,0.6037893818925365,0.09442166716939018,0.569448814968277
commons-jcs,123,BSZZ,0.041984085481137655,0.48867576282617853,0.15668229253220725,0.6336871614753052
commons-jcs,123,BSZZ_fp_repaired,0.15853994498775356,0.5977382225398343,0.21807814996166072,0.6575087811528332
commons-jcs,123,BSZZ_fn_repaired,0.06152568511325075,0.4931109524305577,0.1506368556820726,0.6290816186594876
commons-jcs,123,oracle,0.157233245993031,0.5946458909600588,0.09523152641433738,0.5816589101062931
commons-jcs,202,BSZZ,0.057052676329597034,0.4944028070275661,0.14468741153945475,0.6236970719674176
commons-jcs,202,BSZZ_fp_repaired,0.17377069079554813,0.6070329148186986,0.237901843854946,0.6650255634053732
commons-jcs,202,BSZZ_fn_repaired,0.05104868177733918,0.4897860382389371,0.13771392483670147,0.6185734946049877
commons-jcs,202,oracle,0.1973406231754372,0.6284229899189355,0.33163437898832826,0.7516182735313245
commons-jcs,314,BSZZ,0.0383501820413457,0.487373522652922,0.14438495920793862,0.6234621170717918
commons-jcs,314,BSZZ_fp_repaired,0.16022939483247123,0.5935439543206723,0.05483328925541808,0.5406954072483571
commons-jcs,314,BSZZ_fn_repaired,0.023097408687016693,0.47917617643186433,0.18419019854360055,0.6570190101185738
commons-jcs,314,oracle,0.13160651051777936,0.5740867272946072,0.14081886357463783,0.6208587573955155
commons-jcs,999,BSZZ,-0.0011143583098493469,0.461661325228618,0.09809381146342289,0.5848235606103155
commons-jcs,999,BSZZ_fp_repaired,0.15742208657874654,0.597350080768768,0.19934513230614653,0.6486129910908125
commons-jcs,999,BSZZ_fn_repaired,0.0407391112625471,0.4916847229952054,0.1364003705676807,0.6155862713249635
commons-jcs,999,oracle,0.1275858421018062,0.5774330241488921,0.15713970048975548,0.6331130154081002
commons-lang,7,BSZZ,0.04900025822923489,0.5182766196907785,0.03728721226117762,0.6314000990141517
commons-lang,7,BSZZ_fp_repaired,0.046831199940473085,0.48220093546570936,3.7277032833552306e-05,0.41776610918810114
commons-lang,7,BSZZ_fn_repaired,0.062126070206125,0.5319351220801816,-0.010058001390024976,0.42608976180750757
commons-lang,7,oracle,0.0262256402400371,0.4719242907518169,-0.009444519164484777,0.30057560233356606
commons-lang,13,BSZZ,0.07870572083877475,0.5557919048012704,0.04313990218034036,0.6477147887518122
commons-lang,13,BSZZ_fp_repaired,0.08212037446897197,0.5215349046163827,0.004204358241986264,0.38361132447574564
commons-lang,13,BSZZ_fn_repaired,0.06914642059926543,0.5413518297346264,-0.00606179624140471,0.4469937180964266
commons-lang,13,oracle,0.030724116208069037,0.4822226903423191,-0.00403679641548726,0.4153206044525299
commons-lang,21,BSZZ,0.05211288795817415,0.5199895038067007,0.03214934604795601,0.6152582820978008
commons-lang,21,BSZZ_fp_repaired,0.050107228693846505,0.4860091291119707,0.01500362991885717,0.43947003030993487
commons-lang,21,BSZZ_fn_repaired,0.06132457529121763,0.5269136315721676,-0.0217685852244464,0.38116305222353547
commons-lang,21,oracle,0.048804228316059906,0.4977809755545355,-0.024205600950069604,0.2611245430355158
commons-lang,42,BSZZ,0.07994973371311899,0.5574101605150107,0.039629763659188286,0.6381934290013117
commons-lang,42,BSZZ_fp_repaired,0.049589798736714034,0.48581039975979085,0.015238191855667067,0.44001347032076765
commons-lang,42,BSZZ_fn_repaired,0.05948721457402874,0.5321914228936457,0.027555429078645926,0.5984782862370868
commons-lang,42,oracle,0.0173034297979533,0.47563054166194213,0.006345903758134789,0.5195163858922512
commons-lang,77,BSZZ,0.048559213009753174,0.5190127048359078,0.04150331971219157,0.6456030783435217
commons-lang,77,BSZZ_fp_repaired,0.06694288037075435,0.5049399038793371,0.019285428863412907,0.4358868091691167
commons-lang,77,BSZZ_fn_repaired,0.07086792607231485,0.5462917218964735,0.04301742849210036,0.6485373415073081
commons-lang,77,oracle,0.05907867331436388,0.51204045624587,0.03032472952197597,0.4650679727057325
commons-lang,101,BSZZ,0.0604335090627132,0.5382281579971292,0.036082464512905046,0.6275594293746044
commons-lang,101,BSZZ_fp_repaired,0.04992522818596746,0.48849761192814806,0.01849874314411974,0.45704088293039097
commons-lang,101,BSZZ_fn_repaired,0.07084216098646941,0.5532824967906866,0.03690155963491727,0.6312136320545382
commons-lang,101,oracle,0.057422254413770725,0.5216063514012987,0.0279851526906173,0.5994662824689619
commons-lang,123,BSZZ,0.048288390742745844,0.5159807265089605,0.03448317812269086,0.621213115855764
commons-lang,123,BSZZ_fp_repaired,0.05390017022583288,0.49121949657414826,0.010826760128264164,0.4205487308775689
commons-lang,123,BSZZ_fn_repaired,0.10022169593688063,0.5799110465832596,0.039936676900592355,0.6403537408483502
commons-lang,123,oracle,0.046926743468820704,0.5187666778430032,0.07992507322648246,0.5912380421041539
commons-lang,202,BSZZ,0.04909249315945539,0.5188286894251177,0.0350633620067589,0.6228430987860136
commons-lang,202,BSZZ_fp_repaired,0.06030767816524677,0.5018874028556404,0.013873218579562675,0.45167536672326897
commons-lang,202,BSZZ_fn_repaired,0.06536220395038922,0.5294776357503124,-0.020194594427002863,0.38768947711300866
commons-lang,202,oracle,0.057537449321351894,0.5123598700917252,0.048847570146986916,0.4793952100830447
commons-lang,314,BSZZ,0.07625157310750541,0.5527752570690668,0.034972771174184986,0.6242623654621837
commons-lang,314,BSZZ_fp_repaired,0.0813048284618385,0.5288945463127631,0.02255227253198819,0.4666671893607945
commons-lang,314,BSZZ_fn_repaired,0.08484129454987065,0.5627383411373984,0.03396405418581107,0.6205901736798516
commons-lang,314,oracle,0.033969507229604456,0.48465812758429083,0.011195708826591598,0.5283213600355399
commons-lang,999,BSZZ,0.06861863953920035,0.5440133823154535,0.042609697680743734,0.6488280094257571
commons-lang,999,BSZZ_fp_repaired,0.0491460504524912,0.48714315652350204,0.012701488461353256,0.43781214410243857
commons-lang,999,BSZZ_fn_repaired,0.0595984812929612,0.53772377012051,0.0396812003188292,0.639385172666411
commons-lang,999,oracle,0.04412486809366113,0.4923243076323649,0.0680184661825012,0.537314547185809
commons-math,7,BSZZ,0.0833475470110649,0.5409250428080622,0.062249890710079615,0.5964852998694428
commons-math,7,BSZZ_fp_repaired,0.16178092041603756,0.6006932810607863,0.10778313005749876,0.6455170806292575
commons-math,7,BSZZ_fn_repaired,0.07853708109646856,0.5415569262770518,-0.06290230008149147,0.33180808648672566
commons-math,7,oracle,0.11691543956263382,0.5638251743944078,-0.05518954890516769,0.3294689071267498
commons-math,13,BSZZ,0.09700600069850854,0.5562145233262735,0.04473629779705943,0.5710239732179369
commons-math,13,BSZZ_fp_repaired,0.13606514047410873,0.5714219362742912,0.09895272653398873,0.6373509870781615
commons-math,13,BSZZ_fn_repaired,0.05638517028622094,0.5184666277984955,0.020434558665638935,0.5329702564503317
commons-math,13,oracle,0.11107266986902752,0.5581030441306077,0.10476719387360926,0.6477705210208979
commons-math,21,BSZZ,0.0824447499211043,0.5432361980196286,0.04689555413227415,0.5742021144666276
commons-math,21,BSZZ_fp_repaired,0.1430175832253433,0.5842849837945755,0.11207468076840346,0.6459951430676534
commons-math,21,BSZZ_fn_repaired,0.0783726803597247,0.5365700613772383,-0.06558490407755826,0.30908304220992794
commons-math,21,oracle,0.10392894934305522,0.5421792329111038,-0.047044847720017754,0.32816578432573396
commons-math,42,BSZZ,0.07127450186770934,0.5342452889078683,0.049832500527948416,0.5782354470299684
commons-math,42,BSZZ_fp_repaired,0.15124305381013167,0.5894547189129686,0.10976187041977375,0.6472771749600127
commons-math,42,BSZZ_fn_repaired,0.09997052234925714,0.5622069344455269,0.07027662254012533,0.6082700348819975
commons-math,42,oracle,0.14474356004622685,0.5860355590589575,0.05941083202824547,0.5937879212363345
commons-math,77,BSZZ,0.07084019037003035,0.532829000003739,0.0505408265372603,0.5792044228287505
commons-math,77,BSZZ_fp_repaired,0.13825553827915826,0.5778352637772255,0.11002331903669105,0.6443003862131231
commons-math,77,BSZZ_fn_repaired,0.06587191294459946,0.5315741204643236,0.08955333739802455,0.6357792725177909
commons-math,77,oracle,0.10653912592168058,0.5561572815872288,0.052742610386357275,0.5831316305929602
commons-math,101,BSZZ,0.08359280964544577,0.5425913800095932,0.05951228128735703,0.5912353944475849
commons-math,101,BSZZ_fp_repaired,0.14801478013713537,0.5837247287000052,0.1171329056520614,0.6563444446982142
commons-math,101,BSZZ_fn_repaired,0.06903507835271692,0.5291060084553417,0.03246964869769072,0.5524510171556282
commons-math,101,oracle,0.13572896315156746,0.579751859780167,0.09790590582743339,0.6363651051082317
commons-math,123,BSZZ,0.07700895115943365,0.5395393769705997,0.05002514406809897,0.5785459424132455
commons-math,123,BSZZ_fp_repaired,0.15979039658163857,0.5996410242402155,0.11664330551018043,0.6535284712887899
commons-math,123,BSZZ_fn_repaired,0.0637321723269452,0.5277916548431802,0.06025703032621869,0.5921393497960253
commons-math,123,oracle,0.11476840212932271,0.5573777753413782,-0.020033084588219202,0.3451365357074775
commons-math,202,BSZZ,0.08898264292903685,0.5492778558201559,0.043684786166727226,0.5691065913402628
commons-math,202,BSZZ_fp_repaired,0.13701066820869728,0.5739191321217617,0.09274068674459525,0.6327341585083678
commons-math,202,BSZZ_fn_repaired,0.07222638846618616,0.5377984217913411,0.02821356334504531,0.5456268985579389
commons-math,202,oracle,0.14291382296869504,0.5776051366888064,0.003960306743135085,0.48357325099162174
commons-math,314,BSZZ,0.08979585109118954,0.5526826875779149,0.05805637711642234,0.5897212617502928
commons-math,314,BSZZ_fp_repaired,0.13677885028582223,0.5805612800957706,0.09723387845216297,0.6354440439091126
commons-math,314,BSZZ_fn_repaired,0.07160448193877199,0.5343079299249925,0.0926517496084124,0.6408581461437004
commons-math,314,oracle,0.12501181514555626,0.5695100786542416,0.0614789275764793,0.5936536479511434
commons-math,999,BSZZ,0.09015775961138588,0.5491191881922596,-0.07529377583280426,0.3125168647057647
commons-math,999,BSZZ_fp_repaired,0.14656314025953646,0.5897473271950848,0.04459813025298842,0.5268769201926948
commons-math,999,BSZZ_fn_repaired,0.07926541422212381,0.5464824883977597,0.058008328951433895,0.5908373762100698
commons-math,999,oracle,0.07474192674726741,0.5095985732236308,-0.08071142581552986,0.27020302580975797
commons-net,7,BSZZ,0.0418003391661799,0.5092141120511582,-0.00934295239598391,0.4871087374799244
commons-net,7,BSZZ_fp_repaired,0.11144867903490079,0.5429584025195926,0.048763624086838646,0.5493339018929265
commons-net,7,BSZZ_fn_repaired,0.04581142730043484,0.5251972106162128,-0.013765932470017,0.47544448167215114
commons-net,7,oracle,0.05442801335350253,0.5203599495661051,-0.07180792835959983,0.3467113514146875
commons-net,13,BSZZ,0.03159945586383544,0.5027831274639695,-0.004630532873593212,0.49282038756960644
commons-net,13,BSZZ_fp_repaired,0.11708939550670464,0.549313598270737,0.05411640377441716,0.5562728027677877
commons-net,13,BSZZ_fn_repaired,0.08419941097933305,0.5465832396014673,-0.0076081632831164385,0.48478702352415265
commons-net,13,oracle,0.06529270297325909,0.49944716280633633,-0.03614352952763668,0.4423103946704077
commons-net,21,BSZZ,0.04967516392859802,0.5093429641478925,-0.002632829177947688,0.49521855568406387
commons-net,21,BSZZ_fp_repaired,0.10246569092864911,0.530426774999429,0.04230928156785678,0.5425348524054123
commons-net,21,BSZZ_fn_repaired,-0.030485851808061303,0.45704176761410154,-0.07108084187201756,0.4093583436606317
commons-net,21,oracle,0.040619484699842605,0.48743341869498585,0.013731786077769028,0.44318436878269
commons-net,42,BSZZ,0.0411783859675239,0.5031020480810194,-0.010983452759019957,0.48491537024225395
commons-net,42,BSZZ_fp_repaired,0.11453151167496418,0.5433734829750411,0.050731009004242954,0.5525568160822967
commons-net,42,BSZZ_fn_repaired,0.0022804768219392628,0.4694556467584253,0.058505785737211026,0.5658341907398927
commons-net,42,oracle,0.036398800284724066,0.511228338094234,0.04005734252911261,0.5266842088546017
commons-net,77,BSZZ,0.013802202946149176,0.48570395275975553,-0.0032833870575247107,0.4944224370320544
commons-net,77,BSZZ_fp_repaired,0.10572126691812744,0.5392112758513012,0.049480245362560356,0.5505129037086199
commons-net,77,BSZZ_fn_repaired,0.03007696641550183,0.5008438756901977,0.027081318048477167,0.5348855584449705
commons-net,77,oracle,0.06779567692836458,0.4973822869116137,-0.0037439764503438126,0.49445284783860055
commons-net,101,BSZZ,0.029822726752145836,0.4949535806626875,-0.009445161626330571,0.48677794367669774
commons-net,101,BSZZ_fp_repaired,0.11265678716308539,0.5376929064691613,0.05452611998258735,0.5618378889248493
commons-net,101,BSZZ_fn_repaired,-0.0048330629920635615,0.4505640141599584,-0.07648624138239662,0.36744829286403885
commons-net,101,oracle,0.08170864008346654,0.5348709610415551,0.045111421276630634,0.5169989365941281
commons-net,123,BSZZ,0.048186256348232905,0.505946560220584,-0.013910872296884858,0.48135291269495856
commons-net,123,BSZZ_fp_repaired,0.11155524861681494,0.53978135630285,0.05233548056717729,0.5533357291276528
commons-net,123,BSZZ_fn_repaired,0.04796913151706925,0.5084082632258138,0.08791278429591491,0.600551018970944
commons-net,123,oracle,0.06617241055161432,0.5142050047672387,-0.0350728925782488,0.38333817070391424
commons-net,202,BSZZ,0.04330688990127668,0.5135812558814293,-0.01912964002004761,0.4749157195506682
commons-net,202,BSZZ_fp_repaired,0.09362461925937929,0.5388117832614409,0.05636324966091104,0.5575652481316068
commons-net,202,BSZZ_fn_repaired,0.06347264601142676,0.5277668939205807,-0.005367051054442572,0.4887830438773768
commons-net,202,oracle,0.05439250634196489,0.47739324178782333,-0.05383627055444185,0.3830984976429667
commons-net,314,BSZZ,0.014482267212834035,0.49238613612863186,-0.009670204855759859,0.4864920535519436
commons-net,314,BSZZ_fp_repaired,0.11816233433092675,0.5471503172682546,0.056791780117356645,0.5606499598671397
commons-net,314,BSZZ_fn_repaired,0.046007426148646925,0.5024580450199028,-0.06701485769098202,0.41465732551628
commons-net,314,oracle,0.07604886569141012,0.506353716759629,-0.014275311099494505,0.43072893187116623
commons-net,999,BSZZ,0.031989514474308915,0.4996090940470358,-0.0033127830985056213,0.49439980809710743
commons-net,999,BSZZ_fp_repaired,0.11971227141364675,0.5445555298561026,0.052646464621913275,0.5538495416791338
commons-net,999,BSZZ_fn_repaired,0.03779428939937047,0.48950745060921075,0.11729435710671633,0.6400630483062908
commons-net,999,oracle,0.09816510308302848,0.5400677860763761,0.029861776955980874,0.5153166276147042
commons-scxml,7,BSZZ,0.05459366360249417,0.5364507758900978,0.19896665491291818,0.6713777209598062
commons-scxml,7,BSZZ_fp_repaired,0.09337278821737616,0.5608043356864594,0.170996428170411,0.6553161251811381
commons-scxml,7,BSZZ_fn_repaired,0.01252997458611846,0.5060399538102249,0.2094357913420723,0.6839906111748602
commons-scxml,7,oracle,0.047630367359168556,0.5387636054810223,0.216551298483969,0.7011871751274557
commons-scxml,13,BSZZ,0.0842980141595735,0.5598550400734441,0.20738735304719086,0.6810988207145794
commons-scxml,13,BSZZ_fp_repaired,0.11726577104239001,0.578602700292189,0.17324259431578323,0.6572158624751062
commons-scxml,13,BSZZ_fn_repaired,0.03403495061135091,0.5183913956292837,0.004406194288490752,0.503330658739236
commons-scxml,13,oracle,0.08128773415023127,0.5562674636561279,0.11491444768847109,0.6095978589243534
commons-scxml,21,BSZZ,0.07628099244354072,0.5544498066037612,0.1914006628664955,0.6607689353780132
commons-scxml,21,BSZZ_fp_repaired,0.09854154750089958,0.5642265190499733,0.17281078820400608,0.6566059250986583
commons-scxml,21,BSZZ_fn_repaired,0.09282665429512924,0.5732881360868557,0.2211722835622412,0.695024814526901
commons-scxml,21,oracle,0.05607328453322061,0.5394379053046832,0.1596919456653032,0.6507330502531777
commons-scxml,42,BSZZ,0.0609505817631314,0.5440488445678637,0.2028105770441232,0.6755707709376809
commons-scxml,42,BSZZ_fp_repaired,0.08393064101654017,0.5533327819833779,0.13067592047275273,0.6236379876918473
commons-scxml,42,BSZZ_fn_repaired,0.06613917971973986,0.5475315650720621,0.009147395556912546,0.5082790913063463
commons-scxml,42,oracle,0.06735371993233652,0.540796962615804,0.12988718308425562,0.6229596828321663
commons-scxml,77,BSZZ,0.06522582571429936,0.5443907737957024,0.19447596418192406,0.6654305263126014
commons-scxml,77,BSZZ_fp_repaired,0.09643263075475955,0.562578546189788,0.17881378440192738,0.6607927541208839
commons-scxml,77,BSZZ_fn_repaired,0.020155764843866764,0.5063370726442864,-0.042123216803489794,0.4590929370034639
commons-scxml,77,oracle,0.04667641036215033,0.5282419740821909,0.11897482046624999,0.6133426728173975
commons-scxml,101,BSZZ,0.07139219742980503,0.549855258360771,0.19623360287489544,0.6676752312452652
commons-scxml,101,BSZZ_fp_repaired,0.09736984238030476,0.5633420829514709,0.17239362939850345,0.6563103801729953
commons-scxml,101,BSZZ_fn_repaired,0.04929253895754438,0.52803208858526,-0.09467576954572351,0.40648545213507453
commons-scxml,101,oracle,0.08615612551941589,0.5546781022533054,0.12321317268381016,0.6171931827389076
commons-scxml,123,BSZZ,0.04999001984510416,0.5345879079854587,0.21381737587684485,0.6893898780421768
commons-scxml,123,BSZZ_fp_repaired,0.10491596332535402,0.5668367279466684,0.17257835857013026,0.6564413294987733
commons-scxml,123,BSZZ_fn_repaired,0.061687975633519694,0.5449595057439813,0.22891858081520589,0.7063430618354787
commons-scxml,123,oracle,0.08325919104421056,0.5522804941225667,0.1489738762316917,0.6387382020629608
commons-scxml,202,BSZZ,0.0793254150037499,0.5578840210788865,0.1973952573652642,0.6685108949576458
commons-scxml,202,BSZZ_fp_repaired,0.08466935163549977,0.5544648617217331,0.13148646345777057,0.6243326815861042
commons-scxml,202,BSZZ_fn_repaired,0.06195581250753612,0.549761276090336,0.22813347876327392,0.7051000403697258
commons-scxml,202,oracle,0.024255283325600705,0.5142754342459694,0.1981038983156009,0.6834555122357522
commons-scxml,314,BSZZ,0.046846015682856894,0.5324303285760796,0.20227430729240622,0.6754939197946291
commons-scxml,314,BSZZ_fp_repaired,0.09593995334253157,0.5625796182327323,0.1717420470274835,0.6558475509387645
commons-scxml,314,BSZZ_fn_repaired,0.055001551118945044,0.5425232459750132,0.03178638288498583,0.5305812065073395
commons-scxml,314,oracle,0.13974934327930513,0.6097683776439927,0.24204629343303943,0.7220845368062169
commons-scxml,999,BSZZ,0.06672275015266937,0.547046038353171,0.2186257153468008,0.6947863967809196
commons-scxml,999,BSZZ_fp_repaired,0.09573165585794545,0.5619380755493871,0.1778068197044151,0.6600990295892062
commons-scxml,999,BSZZ_fn_repaired,0.05236887930231627,0.5384800710972086,0.2145363584006078,0.6940502181911654
commons-scxml,999,oracle,0.04001192053579661,0.5320337080650157,0.162292582788076,0.6494107342523665
commons-validator,7,BSZZ,0.005119775755876434,0.46134335396767334,0.09846286194167657,0.6052410068716346
commons-validator,7,BSZZ_fp_repaired,0.07284550267675044,0.4477360486986725,0.1373454211542363,0.5978893114053476
commons-validator,7,BSZZ_fn_repaired,0.02487412188711541,0.48081728133134166,0.08852707844424255,0.5911035689133068
commons-validator,7,oracle,0.0634764800822054,0.441580453108665,0.15537907892365374,0.6351104594454572
commons-validator,13,BSZZ,0.01146664523716644,0.4659431523566174,0.09968209843619542,0.6067105842039376
commons-validator,13,BSZZ_fp_repaired,0.025590124033618357,0.40920609970614696,0.06970044615160749,0.5271333828546909
commons-validator,13,BSZZ_fn_repaired,0.01777031702802537,0.47182241734486674,0.12144364919733826,0.6292464352502047
commons-validator,13,oracle,0.05775273814428665,0.4349966495737435,0.1450352024607788,0.595593276079326
commons-validator,21,BSZZ,-0.010873497284965799,0.44672439962170996,0.006841387206152271,0.48696114675376717
commons-validator,21,BSZZ_fp_repaired,0.012027485154532344,0.39772881037385344,0.054062488645355136,0.5075166484090785
commons-validator,21,BSZZ_fn_repaired,0.048141228533525246,0.49811106245335224,0.14907138130689931,0.6561249881177157
commons-validator,21,oracle,0.07676530749597346,0.45325466942949294,0.1339516877321187,0.6254989259876869
commons-validator,42,BSZZ,0.012712962055589451,0.46780307058002923,0.0874769627635194,0.5939086310870516
commons-validator,42,BSZZ_fp_repaired,0.027812616881036145,0.41614000224200187,0.13689906198729643,0.6274486590140322
commons-validator,42,BSZZ_fn_repaired,0.07448974463886798,0.5179219173470456,0.18136318618485314,0.6887152510155288
commons-validator,42,oracle,0.050524732191940806,0.4305950359913144,0.11739936962879315,0.5794462750931861
commons-validator,77,BSZZ,-0.04335452307480503,0.40434232599593617,0.0691099459677166,0.5743318865182043
commons-validator,77,BSZZ_fp_repaired,0.07040572523745534,0.4459315353793613,0.13363533088512167,0.5960750086954582
commons-validator,77,BSZZ_fn_repaired,0.019018594166299727,0.47693800845007256,0.07593007972596202,0.5810605912005289
commons-validator,77,oracle,0.07114739147732602,0.4458031560073775,0.10422034533302356,0.5800335585641321
commons-validator,101,BSZZ,-0.041621125490445596,0.4078228559016941,0.05926403589475616,0.5640417720879197
commons-validator,101,BSZZ_fp_repaired,0.011196245368460832,0.3967095385175916,0.05407742845787995,0.5075248127060233
commons-validator,101,BSZZ_fn_repaired,0.056283363023319516,0.5064332172396357,0.1295505136320464,0.6375110089639925
commons-validator,101,oracle,0.04322498822757633,0.426003627323717,0.08053942785680708,0.5606853997822296
commons-validator,123,BSZZ,-0.04854837410824402,0.3932635632097627,0.07757560453142634,0.5822067887978475
commons-validator,123,BSZZ_fp_repaired,0.01469541029417552,0.3993633586386907,0.05535334866174081,0.5082192007673603
commons-validator,123,BSZZ_fn_repaired,0.0019838145459883496,0.45841842873656435,0.04555196383621855,0.5402933476427279
commons-validator,123,oracle,0.03227379014709039,0.41677939428799243,0.06680660389245247,0.5409140479489074
commons-validator,202,BSZZ,-0.02647870847456594,0.4259106462439262,0.0690676423823403,0.574454665893463
commons-validator,202,BSZZ_fp_repaired,0.012956469522493085,0.39830764324917584,0.055104592580825486,0.5080842672783626
commons-validator,202,BSZZ_fn_repaired,-0.024775179476253635,0.429627366566601,0.05191974875611221,0.5538880020312617
commons-validator,202,oracle,0.039728045753534905,0.4231289032138256,0.12771640201797618,0.6171695699507612
commons-validator,314,BSZZ,-0.0044306344301439145,0.45141168055398834,0.09149293740664866,0.5981609622028229
commons-validator,314,BSZZ_fp_repaired,0.07794124479684507,0.45094978948887626,0.1387717648080635,0.5985750037972634
commons-validator,314,BSZZ_fn_repaired,0.060849520783594284,0.5021877378910894,0.15073765323179544,0.6530017134915683
commons-validator,314,oracle,0.07175733517171634,0.45479076009757086,0.1583147478278283,0.6618531465186009
commons-validator,999,BSZZ,0.011942343570035154,0.46908990316956517,0.08851884535583433,0.5950734377726179
commons-validator,999,BSZZ_fp_repaired,0.07882465778651754,0.451912405265764,0.1381621453248291,0.5982827357260273
commons-validator,999,BSZZ_fn_repaired,0.04404728435143249,0.49772832796203986,0.03463162907446221,0.5303006596700821
commons-validator,999,oracle,0.08423825466119081,0.4613995002012032,0.19416222021083887,0.6979812792128758
commons-vfs,7,BSZZ,0.0663415753419775,0.5323231378924702,-0.03249524312301243,0.43592934521984555
commons-vfs,7,BSZZ_fp_repaired,0.10765547241892771,0.5640244213481388,-0.0026568200249057847,0.4934756253529763
commons-vfs,7,BSZZ_fn_repaired,0.04855647623853053,0.5126710903809644,-0.06655659957348335,0.37276541489218984
commons-vfs,7,oracle,0.094552968761753,0.5708081926311404,0.050292355697216545,0.5730709468599975
commons-vfs,13,BSZZ,0.06685951208333785,0.5324679493237104,-0.04981713150876816,0.4035885144453574
commons-vfs,13,BSZZ_fp_repaired,0.10046290423322866,0.5687333724648952,0.020972447183238076,0.5327259819911818
commons-vfs,13,BSZZ_fn_repaired,0.08194790879500395,0.5450480127435169,-0.03339414339226341,0.43249378609669975
commons-vfs,13,oracle,0.09031647260525369,0.553633047696802,-0.0036634960614570747,0.49079711847321944
commons-vfs,21,BSZZ,0.07815028363452933,0.547526496585188,-0.017842867975073937,0.46260545131641373
commons-vfs,21,BSZZ_fp_repaired,0.1047243687929535,0.5629363175918023,-0.010719130328691491,0.47544293872534343
commons-vfs,21,BSZZ_fn_repaired,0.06908499060962607,0.5359039456258853,0.012939857707533232,0.5109510992489565
commons-vfs,21,oracle,0.08298294299671911,0.5399976808352225,-0.06931895981196029,0.32854962030995283
commons-vfs,42,BSZZ,0.06559595450004131,0.5338385396473647,-0.01809036732753229,0.464374060059358
commons-vfs,42,BSZZ_fp_repaired,0.14414265121184452,0.5905422107967596,-0.0012742548786717522,0.4896428592242887
commons-vfs,42,BSZZ_fn_repaired,0.024405482257715595,0.4957851021665664,-0.06451397937865495,0.3764526714208528
commons-vfs,42,oracle,0.0996644838066065,0.5618238822658299,-0.03613697569535706,0.4293213427285504
commons-vfs,77,BSZZ,0.07061875251413059,0.5432051189328962,0.011445506446568797,0.5193367573887036
commons-vfs,77,BSZZ_fp_repaired,0.13182864422415688,0.5858703055520413,0.004879485071475846,0.4971383469120552
commons-vfs,77,BSZZ_fn_repaired,0.04294910265892674,0.5168141360785973,0.0414495900487082,0.5785969404755695
commons-vfs,77,oracle,0.07715037216592802,0.5430073912064719,-0.025400042188797576,0.4468385950429134
commons-vfs,101,BSZZ,0.04903798154732419,0.5206406305022474,-0.025542782032239846,0.4497318291716275
commons-vfs,101,BSZZ_fp_repaired,0.07192036368744681,0.5527234135852971,0.009643376917509664,0.51101367255549
commons-vfs,101,BSZZ_fn_repaired,0.026494614479325412,0.49643206105333665,-0.020242072497540793,0.45182434200001387
commons-vfs,101,oracle,0.08327881099469003,0.5574007642945045,0.02750466853085165,0.5510982358325868
commons-vfs,123,BSZZ,0.08481876465708184,0.5511718377786063,-0.03125721778467559,0.43557951790039806
commons-vfs,123,BSZZ_fp_repaired,0.10679772614433393,0.5703233195433737,0.00904911602030919,0.5124505776662176
commons-vfs,123,BSZZ_fn_repaired,0.0545367589065206,0.5282314091911839,0.032640057279590656,0.5345561614379454
commons-vfs,123,oracle,0.11645396129503131,0.5864136753811857,0.03999593242144466,0.5757521122304016
commons-vfs,202,BSZZ,0.06506369087943126,0.5313637143200273,-0.032543643267667205,0.4358726597637942
commons-vfs,202,BSZZ_fp_repaired,0.11450165102318147,0.5683645270497082,0.0011227182627255882,0.4955779423959252
commons-vfs,202,BSZZ_fn_repaired,0.0699105348155596,0.529705536580724,-0.05089471008189707,0.39981849574065687
commons-vfs,202,oracle,0.08050439963705626,0.5588610023901185,0.0662425248352931,0.6244360439441943
commons-vfs,314,BSZZ,0.05010609814598249,0.5216528437589367,-0.03657474445186329,0.42789328748348443
commons-vfs,314,BSZZ_fp_repaired,0.13092473865498433,0.578920870085978,-0.011571820626073656,0.4734392354639791
commons-vfs,314,BSZZ_fn_repaired,0.029574432206480608,0.508489796604374,0.004506085934812612,0.498977443242551
commons-vfs,314,oracle,0.08220311273523392,0.5554216171680836,0.016208563886238713,0.530765412151308
commons-vfs,999,BSZZ,0.0508649324463072,0.5262744595777323,-0.0136494976388442,0.4730148771690026
commons-vfs,999,BSZZ_fp_repaired,0.0710088148217455,0.550293492892537,0.008301715994002508,0.5075365477494315
commons-vfs,999,BSZZ_fn_repaired,0.04265866098484255,0.5184858631124271,0.00032445112049492205,0.48455942299075
commons-vfs,999,oracle,0.11623874755582758,0.5814391618604561,-0.010642047125763067,0.4750584717257738
giraph,7,BSZZ,0.0879636428613672,0.49031362006267437,0.17890477231802682,0.6485434196840094
giraph,7,BSZZ_fp_repaired,0.12912642906025798,0.5301871276528192,0.13057375843447938,0.5885292854624967
giraph,7,BSZZ_fn_repaired,0.177703554898424,0.5802145499004447,0.17573707734981778,0.6542122480540586
giraph,7,oracle,0.24698921534863053,0.6356076860567058,0.07837734276152404,0.5634028156048277
giraph,13,BSZZ,0.08996572702957091,0.4875783348121568,0.07352181806823122,0.5521958520647827
giraph,13,BSZZ_fp_repaired,0.1531600440574437,0.5469753959820993,0.1933103585107011,0.6448644207185856
giraph,13,BSZZ_fn_repaired,0.1605751898571962,0.5624539361430193,0.08234095025268479,0.5626235017525308
giraph,13,oracle,0.2100878486287516,0.6083774055131688,0.07518915866647254,0.5630566723444933
giraph,21,BSZZ,0.12244537777041327,0.514648242511758,0.2393865112390034,0.6899051023686547
giraph,21,BSZZ_fp_repaired,0.14885900417205966,0.5326876889579146,0.11985591126922493,0.580224922429269
giraph,21,BSZZ_fn_repaired,0.16514038819422838,0.5733872622530283,0.2255920800798053,0.7058388589336936
giraph,21,oracle,0.2391584250418601,0.6328319753324013,0.20970482292690473,0.6885538375280172
giraph,42,BSZZ,0.110636983090222,0.5006318094968163,0.17573217779944386,0.64412825365554
giraph,42,BSZZ_fp_repaired,0.12130401617383874,0.5194411887124285,0.13274689270296716,0.5887576617622251
giraph,42,BSZZ_fn_repaired,0.23607579328518802,0.615697095366596,0.1671858588198536,0.6557714793072773
giraph,42,oracle,0.2567210477168721,0.6401327128398236,0.20227629101732642,0.6784378504027951
giraph,77,BSZZ,0.07993944998090911,0.4832272515006599,0.01044811057438249,0.48630703283635107
giraph,77,BSZZ_fp_repaired,0.1566798612278828,0.5383999416335183,0.1281801433300549,0.5860784161685815
giraph,77,BSZZ_fn_repaired,0.18833684750169621,0.5892470488625994,0.2521981903228182,0.7274166735642494
giraph,77,oracle,0.23475706535482385,0.6240462024806567,0.1093180080270932,0.5891455041574828
giraph,101,BSZZ,0.10254537039768229,0.49790338037849946,0.2034655993204025,0.6682254837245191
giraph,101,BSZZ_fp_repaired,0.13394004124249131,0.5289536317768511,0.1312224785185222,0.5886525735901531
giraph,101,BSZZ_fn_repaired,0.19439397744236755,0.5929654752617486,0.23892967823116593,0.7126630671923597
giraph,101,oracle,0.22649154497821838,0.6200287635628242,0.10639889223149152,0.5841558593802647
giraph,123,BSZZ,0.13456693672283476,0.5223266918013184,0.19022070686654452,0.6551006326832477
giraph,123,BSZZ_fp_repaired,0.12443899352087649,0.5286753173732138,0.11009415994169167,0.5904106184951883
giraph,123,BSZZ_fn_repaired,0.21760646561820338,0.6093640294836624,0.28537911234739594,0.7569721180075062
giraph,123,oracle,0.1624820241973029,0.5877839091274772,0.18065174012517968,0.6647641043416072
giraph,202,BSZZ,0.11284401980912091,0.5140483728225386,0.053939709332582096,0.5216211491471481
giraph,202,BSZZ_fp_repaired,0.15061580588938753,0.5377582898941883,0.12711623441127634,0.5851909192954519
giraph,202,BSZZ_fn_repaired,0.17361623352150096,0.579320003683528,0.16295462424677076,0.6512152346821006
giraph,202,oracle,0.2361221330988703,0.6293745996887764,0.17069368810500132,0.6498914745316724
giraph,314,BSZZ,0.07047971229089157,0.47946618106812317,0.03531701253984462,0.4998291497347771
giraph,314,BSZZ_fp_repaired,0.13518313157095285,0.5386737051456074,0.12661212885836942,0.6062283333523611
giraph,314,BSZZ_fn_repaired,0.1923007617643349,0.5904047449721674,0.2066092872168446,0.6869232418931756
giraph,314,oracle,0.17899928467522921,0.593974687286927,0.08945133651257355,0.5741097808880796
giraph,999,BSZZ,0.06847265058976229,0.4691226016086809,0.000945875568312852,0.4739477427111834
giraph,999,BSZZ_fp_repaired,0.15920368346489452,0.5422589275809273,0.13527349258159588,0.589664513246504
giraph,999,BSZZ_fn_repaired,0.20234993888769537,0.598083983069853,0.2640242807643549,0.7370856561819824
giraph,999,oracle,0.24441962527254044,0.6352958256696702,0.10112731878100573,0.5852877532217722
gora,7,BSZZ,0.013973161139430241,0.44573089660751014,-0.031261250239676554,0.4254007981793299
gora,7,BSZZ_fp_repaired,0.1119052036470191,0.5388342385384536,0.04767262423541669,0.6021831179453017
gora,7,BSZZ_fn_repaired,0.022070022063510993,0.46639275442822375,-0.0588817786239147,0.3629305722521417
gora,7,oracle,0.06395351775537801,0.5172601289407757,0.03856466913769176,0.5783445500691634
gora,13,BSZZ,0.04213751868275606,0.47156496846135837,-0.02857702256913014,0.4332521122882565
gora,13,BSZZ_fp_repaired,0.047036291929070426,0.49156763499434714,0.047670242182477174,0.60270106510294
gora,13,BSZZ_fn_repaired,-0.046091813299828276,0.4071443924293152,-0.06463667598981254,0.3458274051930702
gora,13,oracle,-0.04567101916130594,0.3847785156383785,-0.06894411025674084,0.2713934693983508
gora,21,BSZZ,0.03650622516306036,0.45749316503645837,-0.03053219348433896,0.42677853943400235
gora,21,BSZZ_fp_repaired,0.032180323908195176,0.3966593497236965,-0.07362229840222845,0.2464878124656286
gora,21,BSZZ_fn_repaired,0.0017740174708404438,0.451156148037936,-0.0755624785023222,0.32321222652124704
gora,21,oracle,0.07699280349466919,0.5531040856048958,0.05531223145493842,0.6195115516276316
gora,42,BSZZ,0.013373274530798555,0.4377706161176526,-0.039980829586019985,0.406871534329512
gora,42,BSZZ_fp_repaired,0.05825627569240091,0.49400855250675213,0.03321800428078219,0.5698982162961573
gora,42,BSZZ_fn_repaired,-0.007777238463488041,0.4306199775389831,-0.04282513874569872,0.39727284950396546
gora,42,oracle,-0.0081788724853051,0.39202782229647054,-0.07303930292189337,0.23877176944568
gora,77,BSZZ,0.030021850081675513,0.4212641772483002,-0.07787393251340091,0.26553645122491604
gora,77,BSZZ_fp_repaired,0.03046912643083831,0.43784649554111466,-0.03687106346324865,0.39276735403727064
gora,77,BSZZ_fn_repaired,0.011219238395795342,0.4569060119544064,-0.06949305387190399,0.33423774075091695
gora,77,oracle,-0.03576005628445332,0.41656459061390266,-0.03684965071742129,0.3952256229636008
gora,101,BSZZ,0.008405714843476653,0.4128528764052493,-0.07037815988651265,0.29096286118979836
gora,101,BSZZ_fp_repaired,0.06459440477867329,0.5050630058555009,0.05964571646630099,0.6288363159411591
gora,101,BSZZ_fn_repaired,0.049922748151188336,0.4649312798696965,-0.07342773800105162,0.32306135571099714
gora,101,oracle,0.04141301322791077,0.44524981027728855,-0.06499474140107439,0.2732661965253427
gora,123,BSZZ,0.03567627849082105,0.443918038770138,-0.06008411892062811,0.33764919161734536
gora,123,BSZZ_fp_repaired,0.04961230879088331,0.47783118080160264,0.004343050260286278,0.5047840415621077
gora,123,BSZZ_fn_repaired,-0.04219549585181179,0.3797223347673912,-0.06630504334768099,0.3054417460937798
gora,123,oracle,0.007929439223940564,0.4642857907285201,0.03544921676680774,0.5730405039358177
gora,202,BSZZ,0.009532956187141825,0.4366695499962845,-0.03675028023427211,0.4129039535425135
gora,202,BSZZ_fp_repaired,0.06670159513495523,0.4994873515405109,0.03580967282045613,0.5746772187096015
gora,202,BSZZ_fn_repaired,0.0354620330745625,0.4806434006238282,-0.04281732805461657,0.3988198581077737
gora,202,oracle,0.07107401823618253,0.5273688603702626,0.005134809759610686,0.5063966345258369
gora,314,BSZZ,0.043943794816888634,0.48272529205919656,-0.009561118262740531,0.47864893905846356
gora,314,BSZZ_fp_repaired,0.045178200792247096,0.4515108526897888,-0.031742419953724656,0.4046979912761737
gora,314,BSZZ_fn_repaired,0.021581067333760234,0.44310824049700165,-0.08770017699427905,0.27848230519892025
gora,314,oracle,0.01780253950985392,0.43107388909944283,-0.060462223078046176,0.31314697319324447
gora,999,BSZZ,0.03622709209168343,0.47483400552310717,-0.02077845330269338,0.4522173488326998
gora,999,BSZZ_fp_repaired,0.08769165116162898,0.5201334769220356,0.05225511059381332,0.6118957880144749
gora,999,BSZZ_fn_repaired,-0.04712399794549557,0.40743934658498543,-0.07162175242584279,0.31107483684210335
gora,999,oracle,-0.024717281653782577,0.40427517804353846,-0.06034433736207377,0.29131555406907833
opennlp,7,BSZZ,0.06560866164746156,0.5022600799196778,0.07413416905388417,0.45889983128457723
opennlp,7,BSZZ_fp_repaired,0.0384193751652503,0.41830831412877073,0.13835071203604732,0.5448188931827919
opennlp,7,BSZZ_fn_repaired,0.1071495288326821,0.5717922263167966,0.005928431933397506,0.5056299636201026
opennlp,7,oracle,0.078833448371135,0.5514622196645985,0.02227018207650189,0.5145473645204081
opennlp,13,BSZZ,0.08208445734902362,0.5076913481190063,-0.03087287729991851,0.26215582545246136
opennlp,13,BSZZ_fp_repaired,0.033234974915163217,0.40376033461296557,0.13577981478092402,0.5440430493480078
opennlp,13,BSZZ_fn_repaired,0.07237131481957856,0.5415066901853481,-0.0020623099494962364,0.4732222339365377
opennlp,13,oracle,0.05000145540591096,0.5188986659608726,-0.008970273085300873,0.4783312462052206
opennlp,21,BSZZ,0.07017429692247783,0.503493121381818,0.06787160384046327,0.4453405755503662
opennlp,21,BSZZ_fp_repaired,0.040075398189424696,0.42450049446004484,0.13552881969114766,0.5439730700823842
opennlp,21,BSZZ_fn_repaired,0.0863717738238605,0.5347488876471583,-0.02042514560100954,0.4657382531354685
opennlp,21,oracle,0.08779383359876718,0.5221806074397392,0.09736879661694461,0.6092701382975122
opennlp,42,BSZZ,0.06041567984628761,0.4967076741347029,0.06323149320132214,0.44325870893730257
opennlp,42,BSZZ_fp_repaired,0.057921423830884215,0.4441518662857267,0.14391371354630908,0.5464182569606179
opennlp,42,BSZZ_fn_repaired,0.11474617891032426,0.5790606288559078,0.013404888045644915,0.5059213885566212
opennlp,42,oracle,0.07711264377442492,0.542808457352264,0.030979871795850784,0.5244742450130814
opennlp,77,BSZZ,0.07602584676484407,0.5105351068353012,0.06530469606303665,0.44825899709033873
opennlp,77,BSZZ_fp_repaired,0.02620488131868233,0.38555235915709524,0.1485627956085735,0.5476754972304069
opennlp,77,BSZZ_fn_repaired,0.10731291957143599,0.5528410159117149,0.034987222424422655,0.5218553207503218
opennlp,77,oracle,0.04039035642340688,0.4927784750473155,0.0646605150434058,0.5594541789983746
opennlp,101,BSZZ,0.087350936673612,0.5214980360408721,0.07647126009700553,0.46105549578057275
opennlp,101,BSZZ_fp_repaired,0.038706399739367396,0.4242795261981064,0.13832919544403208,0.5448068676263574
opennlp,101,BSZZ_fn_repaired,0.0945661094451672,0.5632374951693948,-0.048624675237644056,0.4368393265663399
opennlp,101,oracle,0.05749532223377939,0.5302096146260766,-0.007272750325261433,0.48239203922638185
opennlp,123,BSZZ,0.07339781509832682,0.501365354135674,-0.03542939137424546,0.25726473466433364
opennlp,123,BSZZ_fp_repaired,0.04236133261694963,0.42480409792765683,0.1440754767470541,0.5464585236916413
opennlp,123,BSZZ_fn_repaired,0.08530146036268486,0.5529627411618514,0.030680868523491625,0.5301802524600921
opennlp,123,oracle,0.014559562654701758,0.488259971461628,0.011045191983278193,0.4919449592145762
opennlp,202,BSZZ,0.0643351215323971,0.5010380996412768,0.06923951054095256,0.4573921615787712
opennlp,202,BSZZ_fp_repaired,0.053380528568631874,0.4402495877806294,0.1434273425382142,0.5462812926901588
opennlp,202,BSZZ_fn_repaired,0.07426462518196573,0.5445041996306903,0.08052205643265124,0.5828169428600255
opennlp,202,oracle,0.008368780201805693,0.47712253538370913,0.04387535588167082,0.5336855427258688
opennlp,314,BSZZ,0.0708236943408094,0.5003999071036968,0.05032436282372555,0.42127098703117044
opennlp,314,BSZZ_fp_repaired,0.035108929060139855,0.4174731864917748,0.14097686455883976,0.5455833782247969
opennlp,314,BSZZ_fn_repaired,0.0888991080682546,0.5563674018925204,-0.0460241153068888,0.4317922288824518
opennlp,314,oracle,0.08618622324819103,0.5561584160942502,0.08783125506257813,0.5945078531720073
opennlp,999,BSZZ,0.08064720670015317,0.5071698043735565,-0.0322414740518567,0.26179096115230177
opennlp,999,BSZZ_fp_repaired,0.03744748600897152,0.42415552706497867,0.1388712515276788,0.5449660458017767
opennlp,999,BSZZ_fn_repaired,0.035227655016939245,0.5049527067458087,-0.05642692059275879,0.41364160720964505
opennlp,999,oracle,0.06442398009460348,0.5374304112850751,0.04709824029018933,0.5510938032361344
parquet-mr,7,BSZZ,0.06489761353451934,0.5064664640241969,0.34384519949109055,0.6898579441585877
parquet-mr,7,BSZZ_fp_repaired,0.08153224933847099,0.5289905012010093,0.09800989111675612,0.5671490016951095
parquet-mr,7,BSZZ_fn_repaired,0.07345972004831822,0.5165961292829456,0.3501819944068093,0.7328524283869504
parquet-mr,7,oracle,0.06737416641363514,0.5204758351213027,0.27231456604261184,0.6849337524804922
parquet-mr,13,BSZZ,0.08619423392236027,0.5175561043200573,0.34721354316654585,0.6973877315159037
parquet-mr,13,BSZZ_fp_repaired,0.052608013107999674,0.5154040419611419,0.0874899358013841,0.5607384983711231
parquet-mr,13,BSZZ_fn_repaired,0.06431825638746229,0.5122701868294322,0.2803117172989297,0.6921761441845284
parquet-mr,13,oracle,0.0823937215343708,0.5377668710935813,0.31294994446115226,0.7096639990926596
parquet-mr,21,BSZZ,0.08394619345817332,0.518545836125744,0.3643007841858898,0.697636692006129
parquet-mr,21,BSZZ_fp_repaired,0.0523856236842553,0.5145465423397935,0.09457062183032237,0.5662020009217565
parquet-mr,21,BSZZ_fn_repaired,0.08580651520418019,0.5188773120598968,0.37507493537004355,0.7436825517414118
parquet-mr,21,oracle,0.07555146356725581,0.5289786539620365,0.35737939396820273,0.7389772963071906
parquet-mr,42,BSZZ,0.07503187211685386,0.5153453211243072,0.27401867935142205,0.6852476797048815
parquet-mr,42,BSZZ_fp_repaired,0.07884989730429015,0.5336379764984406,0.08480470935768573,0.5588438646856577
parquet-mr,42,BSZZ_fn_repaired,0.07580846852986341,0.5129847670662915,0.27526437504267065,0.6864370941736642
parquet-mr,42,oracle,0.09914466810222218,0.5443695536461343,0.3613028809537199,0.72943784872551
parquet-mr,77,BSZZ,0.08550721910016584,0.5187720628979968,0.25371700273448566,0.6705655853538801
parquet-mr,77,BSZZ_fp_repaired,0.06543865055232777,0.5210620080644134,0.07946293264251271,0.5547767922540744
parquet-mr,77,BSZZ_fn_repaired,0.041813452298372564,0.49602489359323565,0.16594249485433182,0.6144348341073387
parquet-mr,77,oracle,0.06652929667387893,0.5225176766140639,0.23783523038147844,0.6618772636812974
parquet-mr,101,BSZZ,0.06417688816427192,0.5037070892648016,0.3606059223571119,0.7002747591324188
parquet-mr,101,BSZZ_fp_repaired,0.098250897379825,0.5485710034871464,0.14524169975917367,0.6011344259296167
parquet-mr,101,BSZZ_fn_repaired,0.07585615220107214,0.5202719724532668,0.2852245732291066,0.6888522434346522
parquet-mr,101,oracle,0.08359751119375229,0.5388757759696094,0.36369270440652024,0.7376817088747722
parquet-mr,123,BSZZ,0.07494937182546632,0.5103751810105561,0.3383666232358597,0.6869815180865743
parquet-mr,123,BSZZ_fp_repaired,0.10434967199562187,0.549117942573258,0.1539429193202289,0.6072905726797662
parquet-mr,123,BSZZ_fn_repaired,0.05018945199952816,0.4988236714413453,0.14963234534957304,0.599245873058274
parquet-mr,123,oracle,0.07200309771818003,0.5230181438820473,0.19205391790043896,0.6228298929760182
parquet-mr,202,BSZZ,0.060344248362221214,0.504490254298926,0.3438433473234467,0.6906313269372831
parquet-mr,202,BSZZ_fp_repaired,0.07201028713989238,0.5287086451697641,0.08047597008666664,0.5556870964593914
parquet-mr,202,BSZZ_fn_repaired,0.06199697249783161,0.5113697161720049,0.25392378767191365,0.6733245915224869
parquet-mr,202,oracle,0.07688155169488399,0.5360461991635646,0.2486530003816911,0.6687166846044257
parquet-mr,314,BSZZ,0.0864764544573955,0.5207433501968558,0.37488565250924444,0.7048402423233117
parquet-mr,314,BSZZ_fp_repaired,0.10053701854719672,0.5455275587120533,0.0915185730568196,0.5622298485633962
parquet-mr,314,BSZZ_fn_repaired,0.06125025903045986,0.51127733068464,0.25464401810335274,0.6746525622039838
parquet-mr,314,oracle,0.08869960279881563,0.5344743312414874,0.32834750420083236,0.7195568631867046
parquet-mr,999,BSZZ,0.07523081986072626,0.5123240250852729,0.2592697141203569,0.6755291075093077
parquet-mr,999,BSZZ_fp_repaired,0.06590778549460484,0.5275893025285298,0.09448971585529974,0.5652756397489392
parquet-mr,999,BSZZ_fn_repaired,0.07917417804948206,0.5204451179336932,0.19856928108039903,0.6251414409930718
parquet-mr,999,oracle,0.12889471453510937,0.5638645650685811,0.3665834609936628,0.7332415233411954
