project,seed,profile,dose,latency,mcc_avg,gmean_avg,mcc,gmean,mean_boost_pos_labels,mean_lam_pos_labels,mean_boost_neg_labels,fp_label_rate,fn_label_rate,final_ma_pred
ant-ivy,7,symmetric,0.05,uniform,0.17561647587082077,0.5809758111536315,0.05284775530878968,0.5192561929085684,4.472252405422211,12.79789007717187,5.3679856977901865,0.038396386222473176,0.009034443817052512,0.002467769435846722
ant-ivy,7,symmetric,0.1,uniform,0.20552908486162147,0.604467059749327,0.0003897197331376063,0.4828327098123401,4.883827199110143,12.289636213110269,5.076269501564845,0.07905138339920949,0.021456804065499716,0.15997466240438407
ant-ivy,7,symmetric,0.15,uniform,0.1411096366687618,0.5620972122862385,-0.055770248906069436,0.427011822549848,4.409201140748275,10.119774611370543,4.714062235243476,0.12140033879164314,0.029926595143986448,0.15999982823308512
ant-ivy,7,symmetric,0.2,uniform,0.0930920385152857,0.535657493667531,-0.048581921186665,0.4340738916408605,4.459507903515514,8.957171302486085,4.9596499348776115,0.16431394692264256,0.04009034443817053,0.05785582821644425
ant-ivy,7,symmetric,0.25,uniform,0.08067957470988556,0.5274303348466884,-0.005247077801686293,0.4930192873708192,4.446294384476509,8.280699463645945,4.580462003608865,0.2015810276679842,0.048560135516657256,0.05785582820175871
ant-ivy,7,symmetric,0.3,uniform,0.08447317482273925,0.5325688944600837,0.05035172308335635,0.556701925320821,4.297987504023605,7.058097643694827,4.850981470439912,0.24675324675324675,0.05815923207227555,0.05784577216427972
ant-ivy,7,fp_heavy,0.05,uniform,0.16125913221103189,0.570477662729914,0.040600532616128844,0.4974330841243689,5.061463951040921,14.625751059181589,5.043293038296144,0.03670242800677583,0.014116318464144552,0.008601703106281078
ant-ivy,7,fp_heavy,0.1,uniform,0.16352282702728257,0.5757466240396364,-0.035754365147173624,0.4306843417981983,4.752409185962724,12.995568402146997,4.389498969952833,0.07622811970638058,0.026538678712591756,0.159974662404384
ant-ivy,7,fp_heavy,0.15,uniform,0.11283349851199573,0.5454061632993409,-0.016275597904742454,0.4498836450508071,4.027942134049127,9.803747150122433,5.005128039869701,0.11575381140598531,0.03896103896103896,0.15385582822833696
ant-ivy,7,fp_heavy,0.2,uniform,0.07908214148281797,0.5240525968525745,0.004514233130480533,0.5055118772022653,4.549837869725575,10.423520559532813,4.852889022524064,0.14850367024280067,0.04912478825522304,0.03977879593221122
ant-ivy,7,fp_heavy,0.25,uniform,0.07576231678919744,0.5262466955278674,0.03599346916396886,0.5380309038129215,4.925216620696363,9.947675444563266,5.047989271220698,0.189158667419537,0.06267645398080181,0.05785583479952024
ant-ivy,7,fp_heavy,0.3,uniform,0.03768820803102501,0.5066085908966359,0.035131623497646924,0.5412013571025402,4.097487597685071,7.408933395715857,5.154745606653791,0.22811970638057594,0.07171089779785432,0.05784576187215871
ant-ivy,7,mid,0.05,uniform,0.20061427236299062,0.598269156187319,0.009921689677604833,0.4958236232872054,4.558623253834467,15.149570276623008,4.700988411944869,0.029361942405420668,0.024280067758328628,0.15997466237730829
ant-ivy,7,mid,0.1,uniform,0.14736616192332652,0.5592794160254793,-0.009796616791802605,0.4130577382411504,4.27916836766979,13.735807893146667,5.014539270984606,0.05759457933370977,0.045736871823828344,0.0024677694358438878
ant-ivy,7,mid,0.15,uniform,0.1282033575106385,0.5593816178313846,-0.0023906895934795113,0.4807186533558364,4.548131352563187,14.614759759996295,5.0891951356946645,0.08526256352343309,0.06380575945793338,0.15997466240438407
ant-ivy,7,mid,0.2,uniform,0.07959430890506494,0.5304404634928366,-0.0207483854046759,0.47368699435218037,4.353634825480827,13.307998322537724,5.104360047540835,0.11801242236024845,0.08356860530773574,0.15999982822876155
ant-ivy,7,mid,0.25,uniform,0.04833695859222514,0.5031580786055633,0.06502145692428687,0.5735308941773551,3.9788191085319093,11.8345507310165,5.460126593900835,0.1422924901185771,0.10502540937323546,1.5477235742981978e-07
ant-ivy,7,mid,0.3,uniform,-0.0022571326262449854,0.4673143321282556,0.009952591236323631,0.5123162724605804,4.393773427405551,12.472067567588168,5.398371949185657,0.17730095990965555,0.12365894974590627,0.05785582820175871
ant-ivy,7,fn_heavy,0.05,uniform,0.17929662517763229,0.5794298989438328,0.011312854092549528,0.514084528235291,4.233527408075798,17.191253483623075,4.964014700465128,0.012987012987012988,0.03896103896103896,0.1538558282014189
ant-ivy,7,fn_heavy,0.1,uniform,0.16940777469924623,0.574945392964338,-0.0036559895233049308,0.47732335946812043,4.607468971191706,21.699917789855405,4.888136284975754,0.02766798418972332,0.07171089779785432,0.15997466279952077
ant-ivy,7,fn_heavy,0.15,uniform,0.07607510395672157,0.5070962893523142,-0.0009224380945395465,0.45989629852239655,3.834390211494684,22.562900854250646,4.975854763257755,0.040654997176736304,0.10784867306606437,0.04701176943588816
ant-ivy,7,fn_heavy,0.2,uniform,0.06191070255805619,0.4913280593784899,-0.03992553646920052,0.403481161504766,4.020689161558973,28.386656801007,4.764197515505343,0.057029926595143984,0.14003387916431395,1.0310628815906991e-07
ant-ivy,7,fn_heavy,0.25,uniform,0.06309961168588443,0.5076049039874196,0.004489617609519458,0.47177420865778447,4.467433968845481,40.6333978633445,4.839247874136379,0.07001693958215698,0.1767363071710898,1.0066356628782891e-05
ant-ivy,7,fn_heavy,0.3,uniform,0.00010275267600422479,0.4524677660927893,0.008043888727257349,0.4752765982162581,4.010891874693274,38.37022794862584,4.629735184698804,0.08243929983060418,0.18746470920383965,0.0024576000003210755
ant-ivy,13,symmetric,0.05,uniform,0.14015689790515024,0.5505337689475372,-0.07117054414130165,0.390523869528618,3.9876469332311,11.41036963309754,5.084816277081061,0.04630152456239413,0.011857707509881422,0.1538558282013098
ant-ivy,13,symmetric,0.1,uniform,0.0795631701449833,0.525420547814683,-0.01727511011087925,0.4778751636075709,4.13446110257413,9.650847128540871,5.101136343888001,0.0942970073404856,0.018633540372670808,0.06399982820174142
ant-ivy,13,symmetric,0.15,uniform,0.12168286088469905,0.5406796464425009,-0.08364614804662451,0.3138850751449225,4.228238103846769,8.947901582312047,4.810010896257216,0.132128740824393,0.028232636928289104,0.1599998282017416
ant-ivy,13,symmetric,0.2,uniform,0.09891279376256931,0.5352403055551578,-0.003580782857518786,0.4839754513348668,4.042484025687223,7.89145233665962,5.328586894196597,0.16544325239977414,0.03613777526821005,0.06397466237774116
ant-ivy,13,symmetric,0.25,uniform,0.09181975711767701,0.5291781941324288,0.01894327539480661,0.5072232812749642,4.164531404738071,7.141313713995081,4.9890716996140565,0.20666290231507622,0.042348955392433656,0.2886146623777414
ant-ivy,13,symmetric,0.3,uniform,0.07403033563844362,0.5132452615087782,0.01712740392459864,0.5054252230599336,4.468976893367473,6.6041545090173726,4.85776207037126,0.2540937323546019,0.04743083003952569,0.05782059604814097
ant-ivy,13,fp_heavy,0.05,uniform,0.123213199763447,0.5280036885035452,-0.0940350676321124,0.3575408083648347,4.352689471782465,12.46943936906247,4.767300322717489,0.04517221908526256,0.01355166572557877,0.15385582820130994
ant-ivy,13,fp_heavy,0.1,uniform,0.0982928617412425,0.5307758640022074,-0.09774478315412055,0.3744970725939047,4.302676216420321,10.85252987600174,5.071836656489696,0.09034443817052512,0.025409373235460192,0.15999982822876274
ant-ivy,13,fp_heavy,0.15,uniform,0.07232736670399934,0.5166882299051342,-0.025848929092216127,0.4527122612906461,4.302520236372358,9.83021702378737,5.439371723097926,0.12535290796160362,0.03500846979107849,0.06399982821254979
ant-ivy,13,fp_heavy,0.2,uniform,0.07765722207143964,0.5224388683028494,-0.0708786607813525,0.3728573647827168,4.1699174494571976,8.647116048631945,5.175690668012485,0.15753811405985318,0.04291360813099943,0.1599998282125498
ant-ivy,13,fp_heavy,0.25,uniform,0.11534579415901927,0.5441888784437815,-0.019667193085571286,0.44060006737829915,4.242895103446065,7.903571575131657,4.910323533147418,0.19593450028232637,0.0502540937323546,0.13846059604814115
ant-ivy,13,fp_heavy,0.3,uniform,0.04883773535300314,0.5066383440547783,0.07696805410820207,0.5680603178454465,4.300854572139159,7.241353951258939,5.099921291301524,0.2388481084133258,0.06662902315076229,0.9360000000004329
ant-ivy,13,mid,0.05,uniform,0.13998774932947397,0.5567063770410611,0.036044678082438,0.5448081890205974,4.314220035352128,13.851296870443218,5.085746482510326,0.03670242800677583,0.023150762281197064,0.7538558282168719
ant-ivy,13,mid,0.1,uniform,0.10906420370851236,0.5375436041231478,-0.0005932436401617911,0.4981595530824032,4.803328678825201,14.501450218953568,5.118183133453318,0.0660643704121965,0.0378317334839074,0.3999998282435073
ant-ivy,13,mid,0.15,uniform,0.041657856472072166,0.4917793154059342,0.06266473908224164,0.5587540780350982,4.576340902332772,12.8106495337672,4.673132560569244,0.09824957651044608,0.05307735742518351,0.8461691658666031
ant-ivy,13,mid,0.2,uniform,0.06061892295142252,0.5081588240379779,0.03850967240599851,0.5396261259222912,4.320778084880205,12.402908963644899,5.443822675190299,0.12648221343873517,0.07961603613777526,0.24000000001124164
ant-ivy,13,mid,0.25,uniform,0.03436231447173727,0.4882420153944069,-0.03835391238897626,0.3933080431950016,4.016370102647952,11.785247772570907,5.110605466698021,0.15019762845849802,0.10107284020327499,0.9421540663717998
ant-ivy,13,mid,0.3,uniform,0.01827524638294442,0.4769746874284763,0.03980581303213506,0.5071688963080806,4.363843709138787,12.352228592381342,5.502179489503634,0.18012422360248448,0.12478825522303783,0.9360000000004334
ant-ivy,13,fn_heavy,0.05,uniform,0.1871736347430381,0.5695557676357086,-0.04753657159759847,0.39627233332735756,4.7064376222090285,17.665893529563817,4.487934165006658,0.014680971202710334,0.03500846979107849,0.7599998282013082
ant-ivy,13,fn_heavy,0.1,uniform,0.16159098411295245,0.567216204699129,0.07105756536841668,0.5816069196523765,4.083514783224076,17.712264363662637,4.904867186509747,0.03500846979107849,0.06662902315076229,0.6061691823846778
ant-ivy,13,fn_heavy,0.15,uniform,0.12621287281798874,0.5225108499857655,0.002601550426102697,0.46340251109365826,4.745950489137212,24.13730454879957,4.894729901365417,0.048560135516657256,0.10502540937323546,0.8615432587297549
ant-ivy,13,fn_heavy,0.2,uniform,0.05557307651464576,0.48525091628678324,0.0362571444329067,0.4813063135812703,3.97663303770572,26.356974195250793,4.862228622684671,0.06437041219649915,0.14285714285714285,0.2400000000425856
ant-ivy,13,fn_heavy,0.25,uniform,-0.041092753144610104,0.4071260518437722,0.024649312963869265,0.5018928745048157,4.111092393676812,33.46454753812544,5.1280766684416665,0.08243929983060418,0.18294748729531338,0.846154066373915
ant-ivy,13,fn_heavy,0.3,uniform,-0.02938973774366867,0.42294221957004524,0.07747896490298606,0.5809279673137715,4.489031452771494,33.73328510094402,5.639288887354014,0.09712027103331451,0.18746470920383965,0.8461691658683147
ant-ivy,21,symmetric,0.05,uniform,0.12235739514857441,0.5423705592832901,0.0898189117671982,0.5949801002293787,4.476055428771649,12.742372600466096,5.439564426842358,0.050818746470920384,0.010163749294184076,0.0014040030568655563
ant-ivy,21,symmetric,0.1,uniform,0.11971912375100276,0.5475349837157646,0.0833922911436578,0.5944639102259368,4.454838029419798,11.113810099989745,5.501336078931515,0.08356860530773574,0.0220214568040655,0.05765931056106891
ant-ivy,21,symmetric,0.15,uniform,0.1312383706710499,0.5550077388107488,0.10046725580428968,0.6163692339105011,4.358967999295206,9.720704945839259,5.1338785172428,0.12027103331451157,0.029926595143986448,0.002852856066875577
ant-ivy,21,symmetric,0.2,uniform,0.12053972291567909,0.5515726287358343,0.1046384174833087,0.6188444923284481,4.419006690634645,9.200580160107975,5.10948120671229,0.15640880858272163,0.037267080745341616,0.03879418661828954
ant-ivy,21,symmetric,0.25,uniform,0.06920528058830784,0.5178687914496284,0.057346063484789586,0.5691315168661327,4.256683049940575,7.67715655936394,5.413412909102171,0.19480519480519481,0.04517221908526256,0.6024680519132256
ant-ivy,21,symmetric,0.3,uniform,0.09064580686785141,0.5240526576056875,-0.0027872883037045036,0.4954071666156024,4.094360629837839,6.331719647204865,5.648077296434055,0.24054206662902314,0.054771315640880856,0.9360001716868185
ant-ivy,21,fp_heavy,0.05,uniform,0.17761139321427843,0.5891136473000729,0.11458413264342582,0.6305964145126751,4.550524253788814,12.73516033855848,5.184264194516671,0.048560135516657256,0.012422360248447204,0.04223654031196995
ant-ivy,21,fp_heavy,0.1,uniform,0.14166282348709744,0.5642699628508336,0.10228221347552079,0.622285489208385,4.945283454705353,12.995570705651378,4.750230835935472,0.07792207792207792,0.02710333145115754,0.0024586324675480078
ant-ivy,21,fp_heavy,0.15,uniform,0.11951068526626382,0.5471776271222153,0.09673983644328926,0.6135038388133532,4.358503861109356,10.317125609006213,5.3893525712110355,0.11180124223602485,0.03613777526821005,0.002458632467547979
ant-ivy,21,fp_heavy,0.2,uniform,0.10404901655567664,0.536913195585287,-0.027174021261980253,0.4422259477819,4.274414513458507,9.311079403793938,5.547187398103634,0.14850367024280067,0.045736871823828344,0.063999828201648
ant-ivy,21,fp_heavy,0.25,uniform,0.11549155537960033,0.5488179385370937,0.001838343592900146,0.497596675670335,3.8535478765488476,7.6864850532072,6.062205731602713,0.18351214003387917,0.05928853754940711,0.06399982820175869
ant-ivy,21,fp_heavy,0.3,uniform,0.05844779801991568,0.5043422955275089,0.011905958447199374,0.5097392802307114,4.269468331121557,7.4447770952501635,5.332986555823949,0.2264257481648786,0.06719367588932806,0.8424577717561018
ant-ivy,21,mid,0.05,uniform,0.15316447439325634,0.5593026065649764,-0.04077695700199258,0.4145745661286025,4.99944468036931,16.970233975405467,4.606612421761805,0.03670242800677583,0.024280067758328628,0.9999998282056346
ant-ivy,21,mid,0.1,uniform,0.13865786443903005,0.5625271137897674,0.1079236397826101,0.6294718894162178,4.706873745832076,15.027291811066515,5.443975610541264,0.06437041219649915,0.04178430265386787,0.0024686987971480083
ant-ivy,21,mid,0.15,uniform,0.10258684156081274,0.5345640382962509,0.08366242776022648,0.6026841968322412,4.514276583690189,13.90583006617453,5.5875823815476675,0.08752117447769622,0.06041784302653868,0.05766937691769051
ant-ivy,21,mid,0.2,uniform,0.08506105590343883,0.5256579987594053,0.08912301618030283,0.6050548333701729,4.4142323172712326,13.371073059761976,5.607199269690424,0.11575381140598531,0.07792207792207792,0.0024680545520536085
ant-ivy,21,mid,0.25,uniform,0.0738296700467839,0.5154282158094629,0.002678648616391843,0.48763109678752536,3.884013105458654,11.677891310825544,5.332035242955814,0.14285714285714285,0.09994353472614342,1.0235446876909201e-05
ant-ivy,21,mid,0.3,uniform,0.0204720048576643,0.48936282783197305,0.11623166206267743,0.6384764587842621,4.637671531191689,13.116119675420581,5.4140749766881555,0.17108977978543197,0.11970638057594579,0.8400001717543725
ant-ivy,21,fn_heavy,0.05,uniform,0.12145997861719592,0.53198444027478,-0.09149775504856791,0.335472906325696,4.686137319602008,19.699968739237868,4.392755237523437,0.01693958215697346,0.03613777526821005,0.9999998282434649
ant-ivy,21,fn_heavy,0.1,uniform,0.15113382169671088,0.5611719840646376,-0.04304712462435891,0.42971406923827954,4.329681889735591,20.547624211317103,5.287038515659138,0.03613777526821005,0.06719367588932806,0.9999998282326562
ant-ivy,21,fn_heavy,0.15,uniform,0.07277471739145835,0.5060661336641776,-0.00798480581023097,0.46938732462861243,4.075868286668004,21.046006201946632,5.317788863857827,0.05420666290231508,0.10333145115753811,0.09885285606687844
ant-ivy,21,fn_heavy,0.2,uniform,0.10606218404375727,0.5417618257012345,0.10674737230922243,0.62965116864541,3.904380574776217,27.022239023616162,5.566651771166422,0.06437041219649915,0.13946922642574816,0.05760042253290892
ant-ivy,21,fn_heavy,0.25,uniform,-0.024917912183127347,0.4410676761577002,0.01742446193623002,0.5061726419572566,3.6759785706946833,31.5365680596293,5.561475400837781,0.07622811970638058,0.1767363071710898,0.002457771756103542
ant-ivy,21,fn_heavy,0.3,uniform,-0.014850564356600487,0.447636837851916,0.1061562810287403,0.6247536179956409,3.769540107272871,32.94828877533585,5.936581609712376,0.08526256352343309,0.18746470920383965,0.0024686987971480083
commons-bcel,7,symmetric,0.05,uniform,0.10361633425830014,0.5587983818346698,0.08514351310213858,0.5849197017733799,3.6119215403240026,17.509092421808134,7.2372832973917,0.044848484848484846,0.0012121212121212121,0.9024614051982424
commons-bcel,7,symmetric,0.1,uniform,0.12298088570803019,0.5680304199816654,0.015098957488534832,0.5160955929679153,4.780225893326849,21.25838724472926,4.561923999583174,0.08727272727272728,0.0048484848484848485,0.6039927712213224
commons-bcel,7,symmetric,0.15,uniform,0.12992923087839264,0.5690948936530075,0.017281371267451,0.5172143520083682,4.309046601605312,13.441462519388944,7.802531935819479,0.13696969696969696,0.009696969696969697,0.0009830674877906766
commons-bcel,7,symmetric,0.2,uniform,0.03228165406767771,0.4884285888277848,0.019764061811098164,0.5130413757547365,3.555898176856591,8.38492554429549,6.3595044788753725,0.19393939393939394,0.013333333333333334,0.960034601735285
commons-bcel,7,symmetric,0.25,uniform,0.047163963999996075,0.5079844307779555,0.02980215551570532,0.5286374177744951,4.784497046403146,9.974899750084381,6.8395738372453705,0.2290909090909091,0.01818181818181818,0.9599716867978029
commons-bcel,7,symmetric,0.3,uniform,-0.005186050524295631,0.4444585451634641,0.02229006138891621,0.5164742629309731,4.528756561482257,8.22384327029288,6.805611626945217,0.27151515151515154,0.02181818181818182,0.6984676867305267
commons-bcel,7,fp_heavy,0.05,uniform,0.10313074757355319,0.5583887417812167,0.07227029020843959,0.5735845458640648,3.6394154512747816,17.811916322740192,7.264103189966464,0.04363636363636364,0.0012121212121212121,0.9984614054346813
commons-bcel,7,fp_heavy,0.1,uniform,0.07508965418251823,0.4961993019610116,0.008109185257452496,0.5081331430690192,6.057616455780971,28.939125218975565,4.50661595637151,0.08727272727272728,0.006060606060606061,0.999995843561535
commons-bcel,7,fp_heavy,0.15,uniform,0.06822811651559274,0.522944663384652,0.00927226186791401,0.501014874534557,3.9558349836148157,12.32884079031327,6.326067443106746,0.13575757575757577,0.013333333333333334,2.706557821103536e-08
commons-bcel,7,fp_heavy,0.2,uniform,0.036562911265536124,0.4968206155797664,0.0378832276718471,0.5261106188414223,5.620046882816639,16.653993561757872,4.177533172361563,0.18545454545454546,0.020606060606060607,0.9999999725139387
commons-bcel,7,fp_heavy,0.25,uniform,0.03807391435623696,0.45303231310221953,0.015052941015522273,0.5160348733740298,6.104688853018321,15.49664152054821,4.701703944862486,0.2206060606060606,0.025454545454545455,0.9999999725139387
commons-bcel,7,fp_heavy,0.3,uniform,0.0737485103788845,0.48581042911675415,-0.01932836648830019,0.47721486288095594,5.990877876701439,12.43939828447327,3.7573216516481316,0.26666666666666666,0.025454545454545455,0.9999999725139398
commons-bcel,7,mid,0.05,uniform,0.06046197297207946,0.5067319299710766,0.0226650040741932,0.5193801586081519,5.759275135139128,38.46462770272644,4.2603871473825805,0.04,0.006060606060606061,0.6039911672059328
commons-bcel,7,mid,0.1,uniform,0.005583064367204048,0.4580345926815368,0.06401062977167836,0.5577072071493406,3.306738592809496,14.615463780777151,6.514734664903975,0.08,0.02181818181818182,0.9984597947273697
commons-bcel,7,mid,0.15,uniform,-0.023589696283735414,0.3892649260624471,0.01990561561550206,0.5211547638459509,5.567201153233713,26.516647267175156,4.3795265152634535,0.11272727272727273,0.025454545454545455,0.9999998694347236
commons-bcel,7,mid,0.2,uniform,0.03331883620590119,0.45105672628692833,0.007191480696393347,0.5076430079108241,6.19275490116055,23.236339946488332,4.502161205302379,0.16,0.03272727272727273,0.9999999725139387
commons-bcel,7,mid,0.25,uniform,0.027190078132819828,0.45104308705587826,0.057038968462788046,0.5575722758618783,4.559536924468425,11.494535667084143,7.147956110228538,0.21333333333333335,0.04363636363636364,0.7138276867981084
commons-bcel,7,mid,0.3,uniform,0.025480715436618232,0.41906575018714126,-0.027029835321502535,0.4676624961014794,5.762334979882955,15.584928634474082,4.005568627853817,0.2387878787878788,0.05454545454545454,0.9999999725139387
commons-bcel,7,fn_heavy,0.05,uniform,0.12057070715594811,0.516893808644281,0.06129948425220212,0.5608877313333677,5.020243367817843,40.83184863008718,7.419569138130222,0.020606060606060607,0.025454545454545455,0.9024614051983983
commons-bcel,7,fn_heavy,0.1,uniform,-0.03163677233734443,0.4039885083526545,0.01667771670041781,0.5028280557671243,3.9769791056779527,26.24561741710149,6.736989277051821,0.05090909090909091,0.03878787878787879,0.9984614054348374
commons-bcel,7,fn_heavy,0.15,uniform,-0.04711782492808637,0.386861626693821,-0.07689770525323222,0.34065493033884875,3.35730391296173,23.464089932172815,6.477414488344071,0.08,0.07151515151515152,0.35289356946460687
commons-bcel,7,fn_heavy,0.2,uniform,0.02680433365148015,0.45280816952684827,-0.003022942640809024,0.4870457147712089,5.7206943249092435,44.011287915382546,4.557637945365228,0.09818181818181818,0.07272727272727272,0.610161216766208
commons-bcel,7,fn_heavy,0.25,uniform,-0.012368831220905131,0.4428328333758865,-0.07801819336015442,0.3675732022055307,3.8471248408706,18.28109479433413,6.9210126794758144,0.13333333333333333,0.07272727272727272,0.39736835315814645
commons-bcel,7,fn_heavy,0.3,uniform,0.049148973584345126,0.4991728096699276,0.019297093424325812,0.5198903159018152,6.458647257722971,31.25955655080603,4.078739332046762,0.16,0.07272727272727272,0.9999999725142154
commons-bcel,13,symmetric,0.05,uniform,0.12607271983941976,0.5679368626385661,0.021252706061537622,0.4781958388278614,3.543348412790061,18.501991007699175,4.150855286580664,0.0496969696969697,0.006060606060606061,0.001533569844484081
commons-bcel,13,symmetric,0.1,uniform,0.08323416454415224,0.5366236712922575,0.04751422422690937,0.5179272802228255,3.9119736574146624,14.63281200752115,4.977009728750425,0.09212121212121212,0.01090909090909091,2.7442754698316174e-08
commons-bcel,13,symmetric,0.15,uniform,0.18090262676330396,0.6277161109440215,0.022031967714577074,0.5233289933425525,6.364483156083521,22.177157294418674,3.768743350811044,0.13696969696969696,0.013333333333333334,2.7036650149358832e-08
commons-bcel,13,symmetric,0.2,uniform,0.08718734087879283,0.5204115597308817,0.05086946232403071,0.5525907810852803,3.6984804892389924,10.253756338467674,7.686802987458541,0.17212121212121212,0.020606060606060607,0.0015436774057701226
commons-bcel,13,symmetric,0.25,uniform,0.10000739267045959,0.5088855172835945,0.001342383095284377,0.4982676913655688,3.24281136405158,8.117840247718567,7.308184672852313,0.20606060606060606,0.025454545454545455,0.000393342658725747
commons-bcel,13,symmetric,0.3,uniform,0.01815385881488015,0.4428263477514787,-0.014886141979229736,0.4721238300238586,4.924760667552514,9.677224238984929,6.6037165321536575,0.263030303030303,0.030303030303030304,0.6024576269706524
commons-bcel,13,fp_heavy,0.05,uniform,0.12464457209081409,0.5665640847087428,0.02720377702054131,0.4817299198165095,3.5605091003353357,19.05775827967292,6.640072439469639,0.048484848484848485,0.008484848484848486,0.0015335595537469978
commons-bcel,13,fp_heavy,0.1,uniform,0.06491552395329483,0.5076414736258698,-0.002239609638862728,0.4161789706687936,3.740594882271641,14.52916989738492,4.944331730671759,0.08848484848484849,0.013333333333333334,2.7442754700169836e-08
commons-bcel,13,fp_heavy,0.15,uniform,0.13376981726834247,0.5855389770254099,-0.0438148484255739,0.44882748740064066,6.213167680272016,22.493426637558997,3.487738678755334,0.13575757575757577,0.020606060606060607,2.7038372419051786e-08
commons-bcel,13,fp_heavy,0.2,uniform,0.07092850576887316,0.5225867118624369,-0.006404144752548333,0.4848820895338457,2.979536617211601,8.290093060114822,6.275177183005845,0.17212121212121212,0.027878787878787878,2.7442754704677497e-08
commons-bcel,13,fp_heavy,0.25,uniform,0.11256839588113846,0.5690128902599816,-0.039150753333951765,0.45707240009146044,3.7814825605680227,9.870760227893566,4.225147274206511,0.1987878787878788,0.030303030303030304,2.7273869714036067e-08
commons-bcel,13,fp_heavy,0.3,uniform,0.031013527118801218,0.437860407139132,0.030708434213921075,0.5303049835163194,3.9396323224618506,8.458322271163649,7.191729121043308,0.25696969696969696,0.03878787878787879,0.602457626828789
commons-bcel,13,mid,0.05,uniform,0.10235933720234484,0.5464291258409579,0.00848787150501719,0.460723353776303,4.034358412644175,22.808461204886534,7.161346136244988,0.044848484848484846,0.013333333333333334,0.001533569844484081
commons-bcel,13,mid,0.1,uniform,0.10470682208545251,0.5443883940014417,0.0702315656075414,0.5484453871804531,3.7554599551537513,18.33024478653072,4.192107569266722,0.07757575757575758,0.027878787878787878,0.00153355931730809
commons-bcel,13,mid,0.15,uniform,0.1269302699936437,0.5829399008060354,0.038344924945137165,0.5287823178237668,3.751384476230392,14.44910673378594,4.568179962026602,0.12727272727272726,0.03878787878787879,0.001533672687260205
commons-bcel,13,mid,0.2,uniform,0.08182308488779996,0.5190493058121641,0.005112603579964941,0.47912691771266863,3.3095300794782445,11.618242890803185,6.939138207287852,0.15272727272727274,0.044848484848484846,0.0015335593166162648
commons-bcel,13,mid,0.25,uniform,0.042662635560921626,0.4686653191269797,-0.012571815220423803,0.473944512982301,3.317302292272935,10.359291086671055,7.460032008286793,0.18545454545454546,0.05090909090909091,0.0005505270367711881
commons-bcel,13,mid,0.3,uniform,0.044341846442440346,0.48664755618719535,0.08594318406698948,0.5906058568931177,3.5348698912385976,9.879438374386005,6.701360900094605,0.22545454545454546,0.06181818181818182,0.602467693298523
commons-bcel,13,fn_heavy,0.05,uniform,0.12206640330646489,0.5567160472327909,0.18613666899025594,0.6518393939980094,5.306840999932306,47.580171249934416,3.7133930297774342,0.027878787878787878,0.030303030303030304,0.6000000230897442
commons-bcel,13,fn_heavy,0.1,uniform,0.06783921930450325,0.5099179963657526,0.0013585396313639472,0.4446325266220928,4.232650171637322,29.261478395033123,7.028227222539286,0.055757575757575756,0.0496969696969697,0.00153355889941902
commons-bcel,13,fn_heavy,0.15,uniform,0.0435603322370961,0.4354941178709822,-0.018559948815821556,0.41359377833249555,6.973155248995786,57.13948230909359,3.2204153135272544,0.07757575757575758,0.06909090909090909,0.6011403537913015
commons-bcel,13,fn_heavy,0.2,uniform,0.024976936423993745,0.4672513542837354,0.04682724685646062,0.5364059313358935,3.989524481927762,22.691814820943513,6.901809209148109,0.10909090909090909,0.07272727272727272,0.6015335693708185
commons-bcel,13,fn_heavy,0.25,uniform,0.056016100488368,0.4996872137938516,-0.01982766228513495,0.4546893801581977,6.405685096285633,33.79241790381832,3.362964593440245,0.13454545454545455,0.07272727272727272,0.0015335693705417356
commons-bcel,13,fn_heavy,0.3,uniform,0.04465009809630321,0.4910223608355402,-0.033395494855894506,0.42894592260083003,6.926576958606082,32.04988347348542,3.3135734886593613,0.15272727272727274,0.07272727272727272,0.0015335693705417356
commons-bcel,21,symmetric,0.05,uniform,0.11274479643460684,0.5666296916627996,0.09077201924984096,0.5897201123670889,3.69431554965311,20.550259995324613,6.8383407808134145,0.05454545454545454,0.006060606060606061,0.9984614054347267
commons-bcel,21,symmetric,0.1,uniform,0.06727787024706752,0.5269691617032982,-0.028095989453006932,0.46832386810787785,4.435413276999115,19.96024556025406,4.6994379651507785,0.09333333333333334,0.008484848484848486,0.0013762834427547008
commons-bcel,21,symmetric,0.15,uniform,0.06788060142793508,0.5286985676924578,-0.027425595974255815,0.4683758697300362,5.2761589681606,19.1906415745566,5.071626492619205,0.13090909090909092,0.012121212121212121,0.001533563245684934
commons-bcel,21,symmetric,0.2,uniform,0.06716776365965778,0.5220226721224401,-0.0001436441874509916,0.49771157558100887,3.4483397901239328,9.77506185015029,5.082764669812892,0.16484848484848486,0.01696969696969697,0.0013762834427547008
commons-bcel,21,symmetric,0.25,uniform,0.06718686745715756,0.512871749298425,0.003648680304239244,0.502778072464395,3.172539390998266,6.887200538687727,7.430708436757411,0.21454545454545454,0.01818181818181818,0.001533563245684934
commons-bcel,21,symmetric,0.3,uniform,0.044225170821249,0.4868109330975942,0.09082424146397487,0.5833053103786335,3.5072696592994257,6.081645294765728,7.45380688280313,0.2787878787878788,0.020606060606060607,0.9999989675896078
commons-bcel,21,fp_heavy,0.05,uniform,0.07447408759015085,0.5201264830764561,-0.03111973768866924,0.43976100567381027,5.235661212481334,31.989117735688612,4.169068346547799,0.05454545454545454,0.007272727272727273,4.053528071239445e-06
commons-bcel,21,fp_heavy,0.1,uniform,0.03888463443913697,0.4546055042769824,-0.032875123687230765,0.45655601133735213,5.219124809490979,25.850417169353445,4.963781682031805,0.08969696969696969,0.009696969696969697,2.7442754700181297e-08
commons-bcel,21,fp_heavy,0.15,uniform,0.09289768856826572,0.547275400664868,0.0272968359483235,0.5265928513149852,3.032808533551723,10.653364113246525,5.392505082399631,0.12727272727272726,0.01696969696969697,0.0013762834427547008
commons-bcel,21,fp_heavy,0.2,uniform,0.08241641291051315,0.5433901335895106,-0.0037310566095661497,0.49198972116315626,3.224114102633132,9.614908124838422,5.024847265260116,0.15757575757575756,0.01818181818181818,0.09753356984275471
commons-bcel,21,fp_heavy,0.25,uniform,0.09800036900640446,0.5482442233958148,-0.005948284883077153,0.4881398047837133,3.451926235307528,8.001029934169182,4.369667740251278,0.2096969696969697,0.02303030303030303,0.0015335621901537712
commons-bcel,21,fp_heavy,0.3,uniform,0.07820361111915278,0.5360098658277712,0.016751599020974773,0.5001515004019194,3.516025846999045,6.679138009884635,3.3654858110013834,0.2703030303030303,0.03393939393939394,0.0015335591468411723
commons-bcel,21,mid,0.05,uniform,0.13677094195705866,0.5883914315318064,0.06581460423534227,0.5646169268632167,3.811062096978426,22.302425834201816,4.116793078700226,0.048484848484848485,0.01090909090909091,0.9984614054348374
commons-bcel,21,mid,0.1,uniform,0.06362831423662133,0.5010294495517175,-0.029738424821620042,0.46201512919321075,5.419308143682805,29.665197326287945,4.498681252692793,0.08242424242424243,0.01818181818181818,2.7442754700181297e-08
commons-bcel,21,mid,0.15,uniform,-0.006328787234096681,0.4061761857874856,-0.028310338539948614,0.4593106752457023,5.474172144328588,26.22430975280532,4.751169672967861,0.11515151515151516,0.03393939393939394,6.658661327076563e-06
commons-bcel,21,mid,0.2,uniform,0.08150069348604279,0.54297099092963,0.025155779803354143,0.5265112575490146,5.699052768838,21.928165405926165,4.012536354159612,0.1478787878787879,0.03878787878787879,0.0013762724926744195
commons-bcel,21,mid,0.25,uniform,0.05198823365953344,0.5014475460039085,-0.0012685348419927023,0.47793884619593274,3.35812319252569,9.508042104512858,6.502851539714176,0.18424242424242424,0.04363636363636364,0.001533558894514482
commons-bcel,21,mid,0.3,uniform,0.03038039481560585,0.4852047531515583,0.0003544981169140138,0.49826062735937277,3.8202169263855774,9.691657140259807,4.149219485982893,0.22787878787878788,0.05818181818181818,0.39750703727939424
commons-bcel,21,fn_heavy,0.05,uniform,0.12646590023698012,0.5361388062243916,-0.05340410963045952,0.4012399861650089,5.720508749195762,47.16803798308403,3.568245944426365,0.03515151515151515,0.020606060606060607,0.0003932434427547118
commons-bcel,21,fn_heavy,0.1,uniform,0.08521047947968015,0.537750574160986,0.0680640117031108,0.5719461018599061,3.9226647017043974,29.125332865570524,7.420296871121446,0.06060606060606061,0.04363636363636364,0.8871014053671726
commons-bcel,21,fn_heavy,0.15,uniform,0.02781740718027471,0.43121425118092277,0.011775248330159926,0.4919569616471267,5.576369801573848,49.049569424471734,4.070151411664469,0.08242424242424243,0.07151515151515152,0.6000065390879851
commons-bcel,21,fn_heavy,0.2,uniform,0.011690001030489538,0.39163843215923283,-0.0015772855077378133,0.4801782196355662,5.323579132789065,37.48930348899736,4.304053224467182,0.10666666666666667,0.07272727272727272,9.184360832798569e-07
commons-bcel,21,fn_heavy,0.25,uniform,0.042210421831159604,0.4572703796470905,0.004183521131342285,0.48812852975898385,5.524781829572236,32.68199568040612,3.6749064143575723,0.12484848484848485,0.07272727272727272,0.0009839522348376996
commons-bcel,21,fn_heavy,0.3,uniform,0.03148052240015871,0.48230808388897567,-0.03165544882265471,0.4583225032127477,2.4975191783949025,10.331254608720888,4.128844038426638,0.1478787878787879,0.07272727272727272,0.39999594598209876
commons-beanutils,7,symmetric,0.05,uniform,0.047796386500140765,0.5105057667900923,0.03606832891689103,0.5620322849638358,5.197960993798214,24.54627502491143,4.672295115958816,0.04582651391162029,0.0016366612111292963,0.9363934832100548
commons-beanutils,7,symmetric,0.1,uniform,0.08806653427559746,0.5447862355340366,0.007817300935801696,0.4931369585918736,4.675270777188403,17.98162370262821,6.554472261939876,0.0851063829787234,0.004909983633387889,0.996102806738087
commons-beanutils,7,symmetric,0.15,uniform,0.049801130780944274,0.5117825597837072,0.0121968434091629,0.49919634889031833,5.0236402377887375,16.163408817192302,7.061016181776345,0.12438625204582651,0.011456628477905073,0.9961027999721391
commons-beanutils,7,symmetric,0.2,uniform,0.013781207706774603,0.4384203751928864,0.012584661457735258,0.5236856699004067,3.792148306085719,9.734815074783564,6.167371985039888,0.18494271685761046,0.016366612111292964,0.7560628970416252
commons-beanutils,7,symmetric,0.25,uniform,0.05062448314369849,0.49600927761585284,0.013200634869171978,0.5238935302210441,4.210637987752302,9.27739340350393,6.209057221610345,0.2225859247135843,0.02127659574468085,0.7560628970416252
commons-beanutils,7,symmetric,0.3,uniform,0.043539833544031764,0.5035049168367325,0.02127273914016974,0.5390343397376531,3.979777846381239,7.471722861900995,6.20515790971091,0.2602291325695581,0.02127659574468085,0.1560628970128644
commons-beanutils,7,fp_heavy,0.05,uniform,0.046152537579813614,0.5089524439413505,0.03347638330563978,0.558056826223288,5.318637799018552,25.250519562608208,4.705741670901894,0.044189852700491,0.0032733224222585926,0.9363934832100548
commons-beanutils,7,fp_heavy,0.1,uniform,0.11085494148708695,0.5705887012634089,0.032346077265475025,0.5522384082473346,4.594359477985289,18.246823829110834,4.652324643478361,0.0851063829787234,0.009819967266775777,0.9964919988558836
commons-beanutils,7,fp_heavy,0.15,uniform,0.04942495633743755,0.5113270100186927,0.008441695305743875,0.49434698240190783,4.90333459815334,15.95638793314936,6.7136690489809085,0.12274959083469722,0.016366612111292964,0.3961028067489233
commons-beanutils,7,fp_heavy,0.2,uniform,0.0591110808959751,0.4790057774018318,0.05683145902967222,0.6003229374549705,4.131911371445178,11.185965863972546,6.2642436747414,0.1783960720130933,0.02127659574468085,0.7560669235734653
commons-beanutils,7,fp_heavy,0.25,uniform,0.07983562423280356,0.5221302095217044,0.03894312656603921,0.5703095380240774,4.147642233552678,9.386807514398239,6.295539113948576,0.2160392798690671,0.02127659574468085,0.1560628970146037
commons-beanutils,7,fp_heavy,0.3,uniform,0.04451668658222814,0.5049118747026525,0.0227673471574233,0.5420183478055228,3.9369020789311473,7.4748897417872,6.188998060443648,0.25859247135842883,0.022913256955810146,0.1560628970145761
commons-beanutils,7,mid,0.05,uniform,0.04973554587736475,0.5119047165329734,0.028597718033067054,0.5503511015515974,5.192747364693662,26.41594851899586,4.819176236936743,0.0425531914893617,0.009819967266775777,0.9964545118444602
commons-beanutils,7,mid,0.1,uniform,0.05967498954916232,0.5148005128001452,-0.007445043534427664,0.4825024634799451,4.864994934744166,24.06011411331992,6.852850992124783,0.07528641571194762,0.02127659574468085,0.1561027999704027
commons-beanutils,7,mid,0.15,uniform,0.059205055026967074,0.5173537628503334,-0.00043578818233709854,0.4976863947758475,5.770948898185626,22.532670550086515,6.75251174898404,0.10801963993453355,0.022913256955810146,0.756102799943381
commons-beanutils,7,mid,0.2,uniform,0.0035117341159825086,0.4266968865765766,-0.0175848019225752,0.453412241140213,4.963076040366518,16.51306123217391,6.588891579087141,0.14893617021276595,0.03273322422258593,0.7560613276605753
commons-beanutils,7,mid,0.25,uniform,0.058809419389850445,0.506487587588996,0.08076276410793756,0.6236808342619432,4.440899596997319,11.437664956196446,6.43815658898446,0.20458265139116202,0.04091653027823241,0.15606289704162246
commons-beanutils,7,mid,0.3,uniform,0.025981764782634507,0.478815726697986,0.004355266785434008,0.5082032776635984,4.262037940082874,9.558254513127158,6.288464240850127,0.23567921440261866,0.044189852700491,0.1560628970416253
commons-beanutils,7,fn_heavy,0.05,uniform,0.15294033097429605,0.6081717837126446,0.08541934828478061,0.6328325647081786,5.310631341466487,32.56412648339099,5.393810367784197,0.024549918166939442,0.02127659574468085,0.24039348032212932
commons-beanutils,7,fn_heavy,0.1,uniform,0.06732674394981604,0.5240705670556562,0.003329865726803134,0.5058252149978092,5.381298582942578,33.29267814211634,6.937302588467241,0.05564648117839607,0.03927986906710311,0.7499587999433811
commons-beanutils,7,fn_heavy,0.15,uniform,0.04486930017329779,0.49681443792344926,0.012001345210168997,0.5219401183204175,4.6716394519463815,31.24714971002788,6.485386250835171,0.08019639934533551,0.060556464811783964,0.756102799943381
commons-beanutils,7,fn_heavy,0.2,uniform,0.06369442754619405,0.522711565327742,0.014703635308141005,0.5275729980236554,4.264316834015668,25.097921305663927,6.833235690753788,0.09819967266775777,0.060556464811783964,0.7561027999704026
commons-beanutils,7,fn_heavy,0.25,uniform,0.060550168437694195,0.5156964219079481,0.02250902010105683,0.5422773956794383,3.9512211372706227,16.467609406146206,6.3896933714786694,0.132569558101473,0.060556464811783964,0.756102799943381
commons-beanutils,7,fn_heavy,0.3,uniform,0.05447430644989254,0.47889551190403384,0.04772823181524682,0.583175592337867,3.725553310862554,13.423478387152608,6.5252601449809875,0.16693944353518822,0.060556464811783964,0.7560669301705351
commons-beanutils,13,symmetric,0.05,uniform,0.04877759037921436,0.47682717595426444,0.04787594180293804,0.5553324091087957,5.6227386888448825,24.485678747710775,3.706248085261891,0.05237315875613748,0.0,0.2461443635106571
commons-beanutils,13,symmetric,0.1,uniform,0.06310581596513645,0.533825076389099,0.11582797743180284,0.6851813877741376,4.47692696544996,17.103335508732176,5.301791836885353,0.10310965630114566,0.0016366612111292963,0.6000003608157748
commons-beanutils,13,symmetric,0.15,uniform,0.04557248572889421,0.4912245039431823,-0.00984152002485101,0.4351889841119144,4.282272084177977,12.042926897386309,4.325041674216403,0.14893617021276595,0.004909983633387889,0.6038971505481324
commons-beanutils,13,symmetric,0.2,uniform,0.06820009295258854,0.5358165385305135,0.015350341646579141,0.5217125813579242,4.56610861266356,12.020897256014537,4.160207524596534,0.18657937806873978,0.011456628477905073,0.24614438121862903
commons-beanutils,13,symmetric,0.25,uniform,0.09868280434602435,0.5586779823606436,0.07208192706342785,0.6281702039687691,4.327169584414034,9.593876439011153,4.217507245174555,0.22913256955810146,0.01309328968903437,0.2409834694695795
commons-beanutils,13,symmetric,0.3,uniform,0.04341993429162983,0.5210867624271186,0.063322844828627,0.616712434146138,4.65627134114549,8.711018529526969,5.486706419345288,0.28477905073649756,0.02127659574468085,0.2461444228724996
commons-beanutils,13,fp_heavy,0.05,uniform,0.06008338131898527,0.4893807362282162,0.0688589637914449,0.5933693124526866,5.587908995253318,24.777135279369315,3.7483143570976694,0.05073649754500818,0.0,0.2461443608718292
commons-beanutils,13,fp_heavy,0.1,uniform,0.0571936477001589,0.5266523734018287,0.056673173175346,0.6050226449522383,4.901157395593032,19.103238778474946,5.164070020450765,0.09819967266775777,0.0032733224222585926,0.26166166474156327
commons-beanutils,13,fp_heavy,0.15,uniform,0.044311148490800714,0.517867557391405,0.02825227704369685,0.5521583261263914,3.5581365000881062,10.513562547156948,4.358839301881361,0.14893617021276595,0.011456628477905073,0.6039330352110613
commons-beanutils,13,fp_heavy,0.2,uniform,0.05450777360996897,0.5242625496045769,0.017649181516855388,0.5308837289138315,3.9444645991303005,10.327030893312322,6.184094134114291,0.18657937806873978,0.016366612111292964,0.3846396227298885
commons-beanutils,13,fp_heavy,0.25,uniform,0.018663022340421713,0.4844319022226852,0.027013786594558154,0.5473999906711928,4.17439743444668,9.963740116024354,6.418147066179183,0.2176759410801964,0.022913256955810146,0.6014395588249077
commons-beanutils,13,fp_heavy,0.3,uniform,0.03351679034302117,0.5055421793087559,0.018272274520095184,0.5256456969905532,4.37451792602872,8.597869886393887,4.837070635536637,0.27986906710310966,0.029459901800327332,0.24614442946784992
commons-beanutils,13,mid,0.05,uniform,0.06301202999730457,0.49432945823670726,0.08566783918318313,0.6285333109754697,5.544229760478034,25.614895024247545,3.912425019310628,0.049099836333878884,0.0032733224222585926,0.2461443608042748
commons-beanutils,13,mid,0.1,uniform,-0.02000935637857537,0.43138742864054974,-0.015600423586886781,0.4288688675245326,3.6631521955307873,15.18477986242738,4.264593475584444,0.088379705400982,0.016366612111292964,0.3575043618486098
commons-beanutils,13,mid,0.15,uniform,0.05237044127361157,0.5196007549734761,0.014572532719582913,0.5000507863574879,3.951550553531869,13.673303294324288,4.970564425238528,0.1407528641571195,0.029459901800327332,0.24000036225964283
commons-beanutils,13,mid,0.2,uniform,0.06513265102417587,0.5337365665106775,0.03790371142688888,0.5704414672860687,3.6929802326362635,11.43009357062701,4.792510085140561,0.1702127659574468,0.03764320785597381,0.24653764549654988
commons-beanutils,13,mid,0.25,uniform,-0.013287972085159437,0.4529036830893554,0.0016654880455884817,0.5026343281279437,4.037765938524548,10.934588349597963,6.36860701929701,0.20621931260229132,0.0425531914893617,0.24389715882490495
commons-beanutils,13,mid,0.3,uniform,-0.013226056689982661,0.44328916154985015,-0.03787591538396537,0.42518987484044657,3.8107001773817433,8.812028070997378,6.2253526347065895,0.2520458265139116,0.05073649754500818,0.603897200056591
commons-beanutils,13,fn_heavy,0.05,uniform,0.011788098383503505,0.43224925236796885,0.01991095945883721,0.4982006319301902,7.248274343284619,48.98559882110569,3.2405138561968627,0.029459901800327332,0.024549918166939442,0.6000002671974066
commons-beanutils,13,fn_heavy,0.1,uniform,0.04773154856063176,0.47818739771179763,0.020924262970256145,0.5271932772980064,5.799793193863217,39.04363060104765,4.183869128957869,0.06546644844517185,0.0425531914893617,0.6216616917064743
commons-beanutils,13,fn_heavy,0.15,uniform,0.028634396415604193,0.4808561654350283,0.01130732205902587,0.47830764610817034,4.302396220848126,27.549770213055343,5.120052049758568,0.09656301145662848,0.060556464811783964,0.006144363652520507
commons-beanutils,13,fn_heavy,0.2,uniform,0.043070866277598235,0.5161416420300903,0.02803426525929905,0.5426923154152427,4.852731446011248,21.893730112351303,6.189754343300346,0.132569558101473,0.060556464811783964,0.8553604199795137
commons-beanutils,13,fn_heavy,0.25,uniform,0.04177454716865237,0.5007213826670418,0.008802239730162639,0.5164400363345307,5.312379741697958,21.44906154034378,4.655526739319605,0.15548281505728315,0.060556464811783964,0.8592924321814679
commons-beanutils,13,fn_heavy,0.3,uniform,0.0035560062992662277,0.4598300528674924,0.002627656533808313,0.4848564625721091,4.295361901682382,14.56534743926631,5.150632666791032,0.18166939443535188,0.060556464811783964,0.2461444200539781
commons-beanutils,21,symmetric,0.05,uniform,0.03814231203856361,0.49848826778307886,0.018950702464790154,0.535585060137692,5.183416565715999,25.453517362457198,5.695855731474711,0.062193126022913256,0.0032733224222585926,0.38448228414366126
commons-beanutils,21,symmetric,0.1,uniform,0.008962401726362867,0.4684368284130504,-0.012718671723620883,0.4699926080844022,3.531003572024791,12.896697115945722,4.65453141952755,0.09819967266775777,0.008183306055646482,0.3783326564031575
commons-beanutils,21,symmetric,0.15,uniform,0.04073489514642108,0.5044336991955222,0.02792804854214501,0.5497954634116504,4.564499742886103,14.731264934341286,5.511419114654048,0.13584288052373159,0.011456628477905073,0.24393828701881648
commons-beanutils,21,symmetric,0.2,uniform,-0.013560792957265765,0.39049596449803387,-0.018048836392343427,0.45478769260186264,4.95068191725517,13.702229977927267,5.822971682733942,0.1783960720130933,0.01309328968903437,0.2553603812185848
commons-beanutils,21,symmetric,0.25,uniform,0.014947679845601646,0.47028102602106203,-0.050184156034258576,0.3914224387337344,4.304014246158983,9.896659846351389,5.320879235012043,0.2193126022913257,0.01800327332242226,0.3999996299191211
commons-beanutils,21,symmetric,0.3,uniform,0.008520640659052796,0.4771064687626547,0.0148140429465713,0.5222655167283065,5.164481362981342,9.905243004192657,3.958745861265998,0.28805237315875615,0.02127659574468085,0.26166166491220244
commons-beanutils,21,fp_heavy,0.05,uniform,0.06716648789505615,0.5297175227274237,0.08463513226568413,0.6448653146932334,4.84856639687804,22.63132257330467,4.618486391653466,0.062193126022913256,0.004909983633387889,0.11151735224416484
commons-beanutils,21,fp_heavy,0.1,uniform,0.04295581815313774,0.4955024418227425,0.05613248119950351,0.6010406521483309,4.342174404899175,18.871784889959745,4.193313047335767,0.09328968903436989,0.009819967266775777,0.3515176676185848
commons-beanutils,21,fp_heavy,0.15,uniform,0.03958876421976313,0.5032424028842633,0.02053729072128217,0.5340576511602355,4.44389577189742,14.826309864743372,5.518429549481519,0.132569558101473,0.01309328968903437,0.34608229361588627
commons-beanutils,21,fp_heavy,0.2,uniform,-0.003877390526330207,0.3997661833524321,-0.009724551739842862,0.4706516370284433,3.892650666961507,10.20614820895089,7.111738585081591,0.1734860883797054,0.01800327332242226,0.3783382869506538
commons-beanutils,21,fp_heavy,0.25,uniform,0.052094197283759226,0.5058327327497912,-0.0359581424363336,0.42931387078388844,3.6399043716763324,8.286766926227399,6.245442698443814,0.2160392798690671,0.022913256955810146,0.38463963915068544
commons-beanutils,21,fp_heavy,0.3,uniform,-0.0415668096665509,0.40338044371061943,-0.08743338927535205,0.33238432216573655,4.81227478066954,9.000653097648458,6.217134818569992,0.281505728314239,0.024549918166939442,0.38463957050513814
commons-beanutils,21,mid,0.05,uniform,0.041740573453935406,0.4922871978962053,0.040830665857761066,0.5571153196303089,4.374067987447266,23.896511546186847,4.484293288568916,0.057283142389525366,0.009819967266775777,0.6155425114416969
commons-beanutils,21,mid,0.1,uniform,0.06978398646860512,0.5224808235897203,-0.007905618414153836,0.4787197431214315,3.984583976051969,20.941063582951507,5.1303755775815,0.0867430441898527,0.01800327332242226,0.951517674238397
commons-beanutils,21,mid,0.15,uniform,0.08741653473264689,0.5470438165847025,0.024260626411954183,0.545429779694474,4.281260431815237,18.014841954215605,5.5868589380724,0.11947626841243862,0.02618657937806874,0.8616616680408413
commons-beanutils,21,mid,0.2,uniform,0.030124883846191754,0.4983294869758427,0.02716649880445199,0.5475431100124013,5.041161618638048,17.40086314636258,5.321174747588424,0.15875613747954173,0.029459901800327332,0.2400003783416328
commons-beanutils,21,mid,0.25,uniform,0.02602265567087249,0.48285080377674533,0.05186936049166632,0.5855147582978596,5.651594367106078,17.25271148806997,5.3517444212619045,0.19476268412438624,0.0425531914893617,0.2616616649122029
commons-beanutils,21,mid,0.3,uniform,-0.00113071083264858,0.43928066588135223,-0.042218958165067134,0.39748565043804074,4.352731189021745,10.768615510726386,5.5855837897343354,0.2520458265139116,0.054009819967266774,0.39999959650856065
commons-beanutils,21,fn_heavy,0.05,uniform,0.052664644002699934,0.5109781844243966,0.08224689799500375,0.6327357864761632,5.071633349890699,31.667377730998737,4.537799403440053,0.044189852700491,0.022913256955810146,0.603833905338167
commons-beanutils,21,fn_heavy,0.1,uniform,0.02026889478634457,0.4729788895418682,0.014834620911029885,0.5168351141920886,4.637982214657885,28.174607942267347,6.688537478698791,0.07364975450081833,0.04091653027823241,0.04493722550114213
commons-beanutils,21,fn_heavy,0.15,uniform,0.002715154622795441,0.45386649248298677,-0.05319907661882418,0.4018734124401578,4.711331025187316,34.9628444633043,6.2944679602362665,0.09001636661211129,0.060556464811783964,0.9899176741481448
commons-beanutils,21,fn_heavy,0.2,uniform,0.025888622434909952,0.4859403285756852,-0.04248765859059781,0.4204362410366881,4.804938188075477,27.17935560825808,5.985674983332974,0.11620294599018004,0.060556464811783964,0.39606167463791103
commons-beanutils,21,fn_heavy,0.25,uniform,-0.013764141048229218,0.4608922474262643,-0.024840550137485335,0.452783558324013,5.545537344805719,25.688970054445445,5.767337697895958,0.14402618657937807,0.060556464811783964,0.35766166761858476
commons-beanutils,21,fn_heavy,0.3,uniform,-0.009147949322921041,0.38823370519248973,-0.004016474331856148,0.4894565534896049,4.488266575384165,16.069793685091515,7.0881460124095135,0.16530278232405893,0.060556464811783964,0.3844822843117428
commons-codec,7,symmetric,0.05,uniform,-0.026897226351842152,0.3765340657929418,0.1690566333678685,0.747470962531733,4.048002365564699,23.255971265915473,5.379492216462949,0.03942181340341656,0.00788436268068331,0.9360000165876562
commons-codec,7,symmetric,0.1,uniform,-0.08154795586490539,0.2974535879054376,0.11730598885571857,0.6797482744678512,5.603629574782618,27.638377825786346,4.3490047022172975,0.08278580814717477,0.010512483574244415,0.8414764158700077
commons-codec,7,symmetric,0.15,uniform,-0.0832546352756614,0.27914953718170177,0.04746431027594682,0.5749444088207553,4.237384130074553,14.428288226332937,6.202277686311632,0.1340341655716163,0.010512483574244415,0.2799398308265501
commons-codec,7,symmetric,0.2,uniform,-0.09851416182261148,0.31994645649247555,0.09171852090748933,0.6108663048162003,6.243730087296359,17.465041954092975,4.03790293808304,0.19842312746386334,0.010512483574244415,0.9373778873345159
commons-codec,7,symmetric,0.25,uniform,-0.15079539257595584,0.2191287954987172,0.025242814641880617,0.5209724682065114,6.342343994849207,15.621881495261006,4.448192084691912,0.2352168199737188,0.017082785808147174,0.9360000204509031
commons-codec,7,symmetric,0.3,uniform,-0.10042931931739928,0.3113795774067706,-0.1166004331875045,0.2618373664323234,5.012732892068765,9.838826355127301,4.961198919198915,0.27989487516425754,0.017082785808147174,0.937377883714061
commons-codec,7,fp_heavy,0.05,uniform,-0.02705111826479,0.37637686677757953,0.16525779878583644,0.7433305394208654,4.100550092246053,23.82355542151704,5.39691957749202,0.03810775295663601,0.009198423127463863,0.9360000578193423
commons-codec,7,fp_heavy,0.1,uniform,-0.08154795586490539,0.2974535879054376,0.11730598885571857,0.6797482744678512,5.603629574782618,27.638377825786346,4.3490047022172975,0.08278580814717477,0.010512483574244415,0.8414764158700077
commons-codec,7,fp_heavy,0.15,uniform,-0.06797487411658687,0.29989329225438904,-0.05914055412135022,0.3875056584587372,4.2339514533039875,14.556659651171707,6.368730487381641,0.13272010512483573,0.010512483574244415,0.063999938486288
commons-codec,7,fp_heavy,0.2,uniform,-0.11564810118594972,0.3060209528814896,0.10483659994511303,0.6410351394954459,6.782809094488047,20.301953886013706,3.9993479257917985,0.19185282522996058,0.017082785808147174,0.9360900683616296
commons-codec,7,fp_heavy,0.25,uniform,-0.13330175311409598,0.2772478163453977,0.07043366149783713,0.609623221792592,5.920912419618327,14.841239915326481,3.8989771043993255,0.22733245729303547,0.01971090670170828,0.015360020450907386
commons-codec,7,fp_heavy,0.3,uniform,-0.16707296351139075,0.1978662547222552,-0.12882411149028694,0.11612052665246388,5.795234179583115,11.736643632632223,4.298593595722819,0.278580814717477,0.02102496714848883,0.9360000204509038
commons-codec,7,mid,0.05,uniform,-0.02810948743296412,0.37525749383986534,0.16435304101338083,0.7423239002588686,4.203541225929667,25.001179552210512,5.409079195663287,0.03679369250985545,0.010512483574244415,0.9360000165876562
commons-codec,7,mid,0.1,uniform,-0.04543548538493725,0.30921701893499365,-0.0587839818719328,0.2862413885608912,5.306009969938726,29.717889026579304,5.090772015245511,0.07490144546649145,0.017082785808147174,0.06146496994345141
commons-codec,7,mid,0.15,uniform,-0.12174127436336778,0.2633829411000282,-0.044761615404832034,0.40009459204468534,4.302546813826897,17.795810754519866,5.3741556430810276,0.12089356110381078,0.02102496714848883,0.9370831745969768
commons-codec,7,mid,0.2,uniform,-0.15103403092171683,0.2340640892662517,0.0215396233814638,0.5313462770481091,5.3248748705450994,19.557285140892862,4.763918226385575,0.16819973718791065,0.03153745072273324,0.016527103101287268
commons-codec,7,mid,0.25,uniform,-0.15759305265649354,0.2136448905156518,0.030631834094558004,0.5383883558312336,4.597858566913607,12.197384093071411,5.425104956832278,0.22207621550591328,0.03810775295663601,0.9373778901422901
commons-codec,7,mid,0.3,uniform,-0.08773963238416556,0.2866024769497143,0.025248309103966374,0.5252220576461466,5.0626537235850675,12.538239319970584,4.181277210680087,0.26018396846254926,0.04204993429697766,0.015360020450903143
commons-codec,7,fn_heavy,0.05,uniform,-0.09614456893577093,0.1933804863686677,-0.08172280394854387,0.2563171063195156,5.458696648916099,43.35978235184078,6.179949028794332,0.024967148488830485,0.02102496714848883,0.6960000201870334
commons-codec,7,fn_heavy,0.1,uniform,-0.09315753482430648,0.3148918792591452,0.006189107051144,0.5093592663559371,5.599438519046788,54.644607696178156,5.741429181648201,0.05781865965834428,0.03942181340341656,0.9374512289064534
commons-codec,7,fn_heavy,0.15,uniform,-0.06749416049839718,0.27996411743821525,-0.11972193736763627,0.10820367057154397,5.091877354052851,35.32127210406348,5.158010328154347,0.08541392904073587,0.04730617608409987,0.06146496996031289
commons-codec,7,fn_heavy,0.2,uniform,-0.0767182257661077,0.2814973096428374,-0.10982652140333475,0.25522563572269014,5.24735971485884,25.618942250273253,6.4306872715550085,0.11957950065703023,0.04730617608409987,0.9373762564398105
commons-codec,7,fn_heavy,0.25,uniform,-0.06333375510119099,0.32555203798650273,-0.09741644077169437,0.3213871193203602,4.355608634653797,17.12583195198358,6.681959183781275,0.15637319316688567,0.04730617608409987,0.27985592749397403
commons-codec,7,fn_heavy,0.3,uniform,-0.10158432790953742,0.2839265456414768,0.07455326440974916,0.6152897034046952,6.4721659757548515,21.46412681615181,3.8994991741273015,0.202365308804205,0.04730617608409987,0.8400000202820181
commons-codec,13,symmetric,0.05,uniform,0.07522730271946565,0.5454956188842043,0.12416493276398034,0.6862476537753549,4.6791071089835565,28.25012718802962,4.819431170922252,0.05387647831800263,0.005256241787122208,0.9376337090316431
commons-codec,13,symmetric,0.1,uniform,-0.057478511526764496,0.37756061428385823,-0.0843708788764355,0.3378263184546696,4.517801390641999,19.342589295064258,5.689460551834985,0.1011826544021025,0.00788436268068331,0.303999982451772
commons-codec,13,symmetric,0.15,uniform,0.0635569043695917,0.5350894444755185,0.034286048420699954,0.5538271385838097,3.6731626931156565,11.8592307480061,6.049231015891138,0.1445466491458607,0.010512483574244415,0.06399997981294409
commons-codec,13,symmetric,0.2,uniform,-0.023095269054228262,0.42771153822106284,-0.03917598871588752,0.436243480633425,4.299668667102853,12.151988281771278,6.09897877004246,0.18265440210249673,0.01576872536136662,0.06399997981294409
commons-codec,13,symmetric,0.25,uniform,-0.06582305463545865,0.3750174266449311,-0.01944411568318456,0.4683219972913863,5.160623795343002,12.095282072989573,6.485186739505806,0.21813403416557162,0.01576872536136662,0.06399997981294409
commons-codec,13,symmetric,0.3,uniform,-0.0023312577902800543,0.44973622276036773,-0.06264963629134149,0.38130058025030983,5.167135042497523,10.112899403149063,4.701802752901434,0.27989487516425754,0.017082785808147174,0.9360985696115234
commons-codec,13,fp_heavy,0.05,uniform,0.07522730271946565,0.5454956188842043,0.12416493276398034,0.6862476537753549,4.6791071089835565,28.25012718802962,4.819431170922252,0.05387647831800263,0.006570302233902759,0.9376337090316431
commons-codec,13,fp_heavy,0.1,uniform,0.024510246118974816,0.4784304405154483,0.11776582179024797,0.6739603322412029,4.44747402432535,19.70895569803054,4.626416600408686,0.09855453350854139,0.010512483574244415,0.9400937247754138
commons-codec,13,fp_heavy,0.15,uniform,-0.00993670244337766,0.4427503820302425,-0.05246306780571492,0.4162400370143808,5.695312457268243,20.95301482888171,5.768391509767482,0.1445466491458607,0.01576872536136662,0.6102359630078213
commons-codec,13,fp_heavy,0.2,uniform,-0.06100295169592217,0.3869983992500105,-0.020080544745914686,0.4638906258440562,4.109693189262456,12.112195901267764,5.411542812149401,0.18265440210249673,0.017082785808147174,0.8569943532702554
commons-codec,13,fp_heavy,0.25,uniform,-0.05237530113669686,0.3902596744291487,-0.06661958931853708,0.38204764840091965,6.198637303660151,16.02088198241503,5.805447699734558,0.21419185282522996,0.018396846254927726,0.9399340160389553
commons-codec,13,fp_heavy,0.3,uniform,-0.04557544158808255,0.39477830054841384,-0.05804685503227428,0.3856506207265445,5.536164665916395,11.270170104215675,4.386911479519306,0.27463863337713534,0.02102496714848883,0.8400985659171643
commons-codec,13,mid,0.05,uniform,0.007800164201596817,0.45129825590264466,-0.04449891321713024,0.4128021922459329,5.5598284491223176,36.41277076401853,4.525811912765819,0.04993429697766097,0.010512483574244415,0.9846399798129484
commons-codec,13,mid,0.1,uniform,0.013599804356851394,0.4613945905462441,-0.0600717360912823,0.3844067770578755,4.342029272141164,20.52128281774929,5.379327113759589,0.09067017082785808,0.017082785808147174,0.6638426934129488
commons-codec,13,mid,0.15,uniform,-0.005994776638016704,0.4489465252459422,-0.04260772372971909,0.41890306675731837,4.816999063432127,18.445779350251296,6.8719584242942044,0.13534822601839686,0.022339027595269383,0.06399997981294409
commons-codec,13,mid,0.2,uniform,-0.05122960432443827,0.3957365820688636,-0.0028336916100457133,0.4954296451619095,5.182331077094787,17.718852770920925,5.36910963754257,0.1721419185282523,0.02890932982917214,0.06399997981294836
commons-codec,13,mid,0.25,uniform,-0.025182081437768875,0.4099147200986601,0.02488376797593834,0.53944045492459,5.585322854159622,16.720898995192222,5.656172802095337,0.2049934296977661,0.03679369250985545,0.9374764160389446
commons-codec,13,mid,0.3,uniform,-0.013853386076965617,0.4200805423684759,-0.021006941995324522,0.4664704630987799,4.9399886414501335,12.410751558403215,5.706262114673512,0.25229960578186594,0.04467805519053877,0.8568364160389176
commons-codec,13,fn_heavy,0.05,uniform,0.0115378659092679,0.443720091242395,0.08477236673103353,0.6206597339515133,5.023929740906794,37.16388034749039,6.036428026658502,0.03942181340341656,0.018396846254927726,0.9360101075615817
commons-codec,13,fn_heavy,0.1,uniform,0.0509249495522887,0.5001220922004677,-0.050727752296225885,0.3704172427049115,3.9086001004125537,28.5514537448847,4.990040056514615,0.07095926412614981,0.03942181340341656,0.9783386933180961
commons-codec,13,fn_heavy,0.15,uniform,-0.011313473500099381,0.3985461515799882,-0.06814129260048836,0.3514972251936728,4.664470004303282,29.814293151481355,6.204480953348406,0.10249671484888305,0.04730617608409987,0.6639999798129483
commons-codec,13,fn_heavy,0.2,uniform,0.007636827195464195,0.44445920444001025,-0.037589337571983336,0.4311893796279772,5.06230165257293,23.709146321815815,6.527881927894575,0.13534822601839686,0.04730617608409987,0.063974816627772
commons-codec,13,fn_heavy,0.25,uniform,-0.028147625299908927,0.3890682955392065,-0.055831558356989254,0.40347552564538325,5.7346128877399,24.76678103740938,4.888159489474259,0.15637319316688567,0.04730617608409987,0.9399346668811088
commons-codec,13,fn_heavy,0.3,uniform,-0.04639241034290859,0.3743038424122233,-0.020358775805744737,0.4635116633478028,5.047567078233201,17.91476821724716,5.768570389399887,0.18659658344283836,0.04730617608409987,0.8569943532702559
commons-codec,21,symmetric,0.05,uniform,-0.08282091514415886,0.2870735976344412,-0.01366386867915155,0.47345766106515086,4.735587843798354,25.68569114300786,5.467081814663614,0.05387647831800263,0.006570302233902759,0.9360251823166749
commons-codec,21,symmetric,0.1,uniform,-0.07541758138005598,0.3511302491405685,-0.0769773415451842,0.29620683898458344,5.804808233081582,25.865643847101076,6.4152334000110365,0.09329829172141918,0.00788436268068331,0.09601046843352667
commons-codec,21,symmetric,0.15,uniform,-0.0049564766031694844,0.43811139734531346,0.0767523559205532,0.619035342860201,6.057290826690719,22.91664428314983,4.58544126397498,0.1340341655716163,0.010512483574244415,0.6960985494262082
commons-codec,21,symmetric,0.2,uniform,-0.01665825175673201,0.4396551118062127,0.12218536911092147,0.6829332898369592,5.258368519244959,15.248035087136255,4.855083647568416,0.17345597897503284,0.010512483574244415,0.936098524078512
commons-codec,21,symmetric,0.25,uniform,0.003384057777767475,0.47305799530017906,-0.01635256934096678,0.4731930351269208,5.923407122995175,13.44401477987716,5.27905977893766,0.22207621550591328,0.011826544021024968,0.0625236873041698
commons-codec,21,symmetric,0.3,uniform,-0.010957556492278198,0.4605803440874726,-0.04270578372464083,0.42030138119179394,5.523971184161714,9.686603539146347,4.8284299537991835,0.28777923784494086,0.01445466491458607,0.9422425690045572
commons-codec,21,fp_heavy,0.05,uniform,-0.08282091514415886,0.2870735976344412,-0.01366386867915155,0.47345766106515086,4.735587843798354,25.68569114300786,5.467081814663614,0.05387647831800263,0.006570302233902759,0.9360251823166749
commons-codec,21,fp_heavy,0.1,uniform,-0.0391808346352405,0.40580770541018063,0.09266532238316257,0.6437166729581231,6.0547092540239005,29.24692826119862,5.1510930857079975,0.09067017082785808,0.00788436268068331,0.8414764158700253
commons-codec,21,fp_heavy,0.15,uniform,-0.0008458943921861066,0.4428072539513902,0.0008948631968873921,0.466623022067797,5.146673327008698,17.785428620950825,6.129053968516119,0.13272010512483573,0.010512483574244415,0.06252356667673141
commons-codec,21,fp_heavy,0.2,uniform,0.002802536155014007,0.44870850779377885,0.11608444092818755,0.6717230156140833,5.9057499149837085,17.303114563398264,5.1230870978318475,0.16819973718791065,0.013140604467805518,0.9360985488175236
commons-codec,21,fp_heavy,0.25,uniform,0.010193620746785726,0.49128039046377037,0.1124621996328755,0.6647399439823434,5.76105197816572,13.694478818082834,4.877408963942446,0.21813403416557162,0.017082785808147174,0.9360985489864087
commons-codec,21,fp_heavy,0.3,uniform,0.005635594500681766,0.48318270454313184,-0.07378690079689758,0.3592835909282717,5.767688467371883,10.708566828038244,4.727066108088633,0.28383705650459923,0.018396846254927726,0.06399997981296301
commons-codec,21,mid,0.05,uniform,-0.06277285631506846,0.3265965463106361,0.03612802048250423,0.5553214516163857,4.757422198776193,25.25421662999466,4.782304867607769,0.051248357424441525,0.00788436268068331,0.0014764158430008983
commons-codec,21,mid,0.1,uniform,-0.034581671563114424,0.40603432304095255,0.08203248492738342,0.6264763402761904,6.192614645955205,32.66571705754005,4.992411892878479,0.08278580814717477,0.013140604467805518,0.8414764158700225
commons-codec,21,mid,0.15,uniform,-0.028218582065612317,0.4162337757529989,0.11538732685469272,0.6749364511764222,6.488671659996782,26.850919819612844,5.276742979565144,0.12483574244415244,0.018396846254927726,0.6964933346257838
commons-codec,21,mid,0.2,uniform,-0.03817002672954423,0.38723902272024946,0.07503480338472795,0.6175419340925842,6.224239516444097,21.77691135259468,4.812313388244367,0.15768725361366623,0.023653088042049936,0.6985561494086111
commons-codec,21,mid,0.25,uniform,-0.015757601416230164,0.45129288638419485,-0.017294601741434382,0.45299884366469434,4.170911208188712,10.651502161876671,6.755459932204163,0.19973718791064388,0.02890932982917214,0.06252356773226256
commons-codec,21,mid,0.3,uniform,0.004465754098626242,0.44361341208947064,-0.07141039934421227,0.37552164748488276,5.280672205985774,12.342740877785856,5.034222351961079,0.26018396846254926,0.03416557161629435,0.0639999973611686
commons-codec,21,fn_heavy,0.05,uniform,-0.029091946403810624,0.40111459429856655,-0.050917022255762695,0.30847832779188555,5.9189758170267055,38.30923921921631,5.426544759031099,0.040735873850197106,0.018396846254927726,4.0509091661535013e-13
commons-codec,21,fn_heavy,0.1,uniform,-0.06401144194817755,0.33986003471076026,0.042033072974054966,0.5591189794155413,4.554035287162126,31.864607925436374,5.936641480035249,0.06964520367936924,0.03153745072273324,0.09600000009497006
commons-codec,21,fn_heavy,0.15,uniform,-0.04415655110250356,0.34995878797265556,-0.10459423634809795,0.17763615043416928,5.706892246544687,34.327168202871285,6.570699390364494,0.09592641261498029,0.04730617608409987,0.09603527338530489
commons-codec,21,fn_heavy,0.2,uniform,-0.00329934321303212,0.43189950142006894,0.09720644027374195,0.6441580138209341,5.635881547085353,29.037378055144742,5.126967118038793,0.12483574244415244,0.04730617608409987,0.9385561497785276
commons-codec,21,fn_heavy,0.25,uniform,-0.04236060378327427,0.37167447512734125,-0.05922228601765566,0.3244422455087589,4.79576358564948,19.873069524352115,6.452831525361621,0.1498028909329829,0.04730617608409987,0.06252356403790349
commons-codec,21,fn_heavy,0.3,uniform,-0.025690163490102332,0.4054929481851058,-0.08005032707236087,0.3293340414095301,4.025056338644884,12.947996239671868,6.8706848984811675,0.17608409986859397,0.04730617608409987,0.06252356404222695
commons-collections,7,symmetric,0.05,uniform,0.04089591723795123,0.36377882668287564,0.03857801602933722,0.5570914029867591,3.6827135913451787,36.67228617044177,4.69602308933067,0.04552934722984092,0.0016456390565002743,0.6028803085143327
commons-collections,7,symmetric,0.1,uniform,0.015279915344967218,0.4252023003158508,-0.035667266483176356,0.3672218557684996,4.778403744102354,29.257308614002206,5.037020565607032,0.09709270433351619,0.0027427317608337905,0.04863982847557738
commons-collections,7,symmetric,0.15,uniform,0.04614852526732938,0.4654573005797393,0.01815073231002862,0.5267269499072045,4.2548754704117275,18.53266790101029,5.9474275538053725,0.14755896873285793,0.0027427317608337905,0.0630068828505089
commons-collections,7,symmetric,0.2,uniform,-0.012037275986367038,0.3514697946506216,-0.059935139039077094,0.30950448639213735,4.115553441657763,13.368197153607355,5.708980113420547,0.1974766867800329,0.005485463521667581,0.6486399314872384
commons-collections,7,symmetric,0.25,uniform,-0.050369960077034474,0.24529965612981394,0.005265762782271436,0.5002589979141827,3.9712554454747604,10.597925949931996,5.6740636130084035,0.24245748765770708,0.006582556226001097,0.06399998904271396
commons-collections,7,symmetric,0.3,uniform,-0.013703415102392535,0.3622340420176195,0.06746898195187029,0.5984666876363903,3.835869067918666,7.669564801177965,6.023104158310193,0.29621503017004935,0.008228195282501372,0.047656932550048305
commons-collections,7,fp_heavy,0.05,uniform,0.008355101169476707,0.3235570758460802,-0.036385362521937706,0.44439152441015217,3.485568040365226,36.04123148554543,5.727967210122082,0.04552934722984092,0.0021941854086670325,0.6630169491781037
commons-collections,7,fp_heavy,0.1,uniform,0.01012351207882503,0.42210124481499545,0.02049958417679921,0.5231228527181438,4.754018658047008,29.70174392010579,5.215046260306001,0.09654415798134942,0.0027427317608337905,0.6395655019567104
commons-collections,7,fp_heavy,0.15,uniform,0.027550210014772376,0.43481887965511123,0.05834538270725384,0.5857912882992835,3.675307572112525,16.503257856080705,6.110037371853536,0.14755896873285793,0.005485463521667581,0.06298170053383562
commons-collections,7,fp_heavy,0.2,uniform,0.0035383189671863587,0.3920470779074205,0.0635108759189556,0.5930449420755258,3.907103908575288,13.101701251743226,5.846330370034876,0.19528250137136588,0.007679648930334613,0.06301689148821031
commons-collections,7,fp_heavy,0.25,uniform,-0.023230924995616457,0.297392909770504,-0.015435004153591092,0.46606507634366745,4.983533731619343,13.439039085461397,5.4836078487182816,0.23916620954470652,0.00877674163466813,0.04765689148752679
commons-collections,7,fp_heavy,0.3,uniform,-0.01087789095152298,0.35970606624732837,0.06342114273429317,0.5698641376753728,4.626923902284054,9.92836690135391,5.179802588931825,0.29292375205704885,0.010970927043335162,0.06399998904472477
commons-collections,7,mid,0.05,uniform,0.029551816763937568,0.35787907063996754,0.02831297148870835,0.5410419100922135,3.48694111844877,36.527468301631714,6.219298029086402,0.044432254525507406,0.0027427317608337905,0.6457097596926237
commons-collections,7,mid,0.1,uniform,0.013331954117424247,0.40076660214540677,0.023187429371200635,0.5342981100063405,3.322549859752272,22.26204386993805,6.28977913029511,0.09270433351618211,0.008228195282501372,0.06301693268745201
commons-collections,7,mid,0.15,uniform,-0.0174356607603164,0.35380001075044065,0.0057926014038974846,0.5086546572563945,3.6408969379694565,17.13381908555831,6.245042552359591,0.1426220515633571,0.012068019747668678,0.06301694917838066
commons-collections,7,mid,0.2,uniform,0.015424820728875282,0.3873428593202849,-0.041867451103630625,0.34496656227303196,3.7338914634455227,13.92528753322047,5.771340740904889,0.1832144816236972,0.015907844212835986,0.0639999314872385
commons-collections,7,mid,0.25,uniform,-0.014025331912462,0.2979575311295847,-0.03573813484632827,0.3889382225923275,4.529399143138172,13.537576157622455,5.850805599864438,0.2292923752057049,0.020844761382336808,0.04863993131835351
commons-collections,7,mid,0.3,uniform,0.0034746252697925102,0.3631354899532925,0.04207201454356974,0.5381034023861717,4.699626911314343,11.664778770751488,5.645530990684702,0.2764673614920461,0.025233132199670872,0.061149173009207185
commons-collections,7,fn_heavy,0.05,uniform,-0.019357083752934677,0.27159185455860174,-0.052902329139667234,0.3655221736581974,3.2640928151780164,42.94363182495708,6.104998461851933,0.03784969829950631,0.01151947339550192,0.6486359049853989
commons-collections,7,fn_heavy,0.1,uniform,-0.0011265798883008358,0.4008446400533225,0.023863703671199214,0.5306782834941274,2.9946783623957893,27.45081482491496,6.499885687219008,0.07569939659901262,0.025233132199670872,0.06301694900585501
commons-collections,7,fn_heavy,0.15,uniform,-0.01353843523198249,0.3778410168025243,0.010203951474201453,0.5062755321218463,3.576172033169367,23.741994488479612,6.099233812755079,0.11190345584201865,0.027427317608337904,0.1434996051547954
commons-collections,7,fn_heavy,0.2,uniform,-0.0248693209988532,0.3537796691393665,-0.041891938849156804,0.4247680687902048,3.1586180322703155,15.489846126732209,5.444159427896225,0.15414152495885902,0.027427317608337904,0.06301694917837934
commons-collections,7,fn_heavy,0.25,uniform,0.01507515622136476,0.4090545951837173,0.03031633163880467,0.5442869691175245,3.0921334995160707,11.925762411902003,6.635999806194544,0.19144267690619857,0.027427317608337904,0.06301694917837934
commons-collections,7,fn_heavy,0.3,uniform,-0.05333772375237312,0.2380953350278929,-0.10476493727369637,0.21909155776123485,3.943260346978303,11.989588953554867,6.073742109547193,0.2292923752057049,0.027427317608337904,0.06399997271892453
commons-collections,13,symmetric,0.05,uniform,0.05035357883404401,0.4638881859551965,-0.061845688790523275,0.34707529511190677,4.249988441394361,36.100804614712104,5.545799514678455,0.055403181568842566,0.0016456390565002743,0.06016204892191937
commons-collections,13,symmetric,0.1,uniform,0.033911723252180864,0.4532912418951467,0.041775824179715135,0.5620461265385196,3.8431872158396114,22.178329695131566,5.257701738085849,0.10641799232035107,0.004388370817334065,0.3996067730109616
commons-collections,13,symmetric,0.15,uniform,0.013288197238335547,0.42437173378393395,-0.03458148464378458,0.4195576935312462,4.8496395866730495,19.748719096511348,4.810519944440696,0.15249588590235874,0.005485463521667581,0.6549255018821751
commons-collections,13,symmetric,0.2,uniform,0.0032782976353803875,0.4175613212372322,-0.009327789589977894,0.48360144536888156,4.159360287018596,13.88115663959739,5.172681687771748,0.1936368623148656,0.006034009873834339,0.06360677300920721
commons-collections,13,symmetric,0.25,uniform,-0.016584140978167048,0.35464526691733916,-0.003135496671198088,0.4948917960033281,4.689708205028289,12.035087241605671,5.643699070100887,0.2397147558968733,0.007131102578167855,0.06114917300489084
commons-collections,13,symmetric,0.3,uniform,0.0019592579480200854,0.39504802008880013,-0.0812951011310945,0.25531820145568074,4.5060754225348205,9.233769957861252,5.719665479090419,0.2907295666483818,0.00877674163466813,0.0395762124568522
commons-collections,13,fp_heavy,0.05,uniform,0.0457164348404388,0.45807863354970496,-0.059143782233001346,0.34942748751071,3.7840944666898095,33.45049770523638,5.487821410849054,0.05485463521667581,0.0027427317608337905,0.060162048921916525
commons-collections,13,fp_heavy,0.1,uniform,0.03470173100095074,0.45778771868635715,-0.03512254450197877,0.4463758178574908,4.1811009972706525,23.00607622855556,5.555083044847036,0.10532089961601755,0.005485463521667581,0.0639999891798499
commons-collections,13,fp_heavy,0.15,uniform,0.01542525751699096,0.42157682299353744,-0.08999992069922105,0.32001568537616076,4.100513498633911,16.771754885987928,5.5462807021833465,0.14975315414152496,0.006034009873834339,0.39960677301096487
commons-collections,13,fp_heavy,0.2,uniform,-0.01205037520655687,0.38679540445644406,-0.0019549848107394863,0.4969310353162954,4.612642245997571,15.462866182051316,5.647131945119217,0.1925397696105321,0.008228195282501372,0.06114917300921448
commons-collections,13,fp_heavy,0.25,uniform,0.00015716604068926623,0.398489296974914,0.0034688259496464605,0.505020779339716,4.423772692254522,11.68230829215899,5.268995723220567,0.23806911684037302,0.010422380691168404,0.06114917300489084
commons-collections,13,fp_heavy,0.3,uniform,0.02328159559928482,0.41795049186794114,-0.07703988657290739,0.22011055441437666,4.603624449801808,9.721261821910497,5.3484578421232865,0.2885353812397148,0.01426220515633571,0.6396284164421573
commons-collections,13,mid,0.05,uniform,0.022061512879384994,0.442709629005317,0.09789878253601897,0.6396760016030022,4.601738769316484,42.88686590494359,5.099286714078711,0.053208996160175534,0.005485463521667581,0.060004762521919885
commons-collections,13,mid,0.1,uniform,0.009070394210239446,0.36001895971571474,0.012542620778233798,0.5104084055529593,4.0875227924917565,25.516878388912833,5.277931688294965,0.10148107515085025,0.008228195282501372,0.06114508892189172
commons-collections,13,mid,0.15,uniform,-0.01692628665284243,0.40799552957197865,0.01861390277318894,0.5210587936578011,4.112646657982995,17.967778908499604,5.335102185253373,0.1453647833241909,0.015359297860669226,0.654925605197829
commons-collections,13,mid,0.2,uniform,0.009801244045913015,0.42011328261363,-0.008175868793357004,0.48652132533776815,3.317465760899791,12.131900839426148,5.815063465815017,0.185957213384531,0.01755348326933626,0.05395252821176621
commons-collections,13,mid,0.25,uniform,-0.0010570798308148336,0.4159569671510193,0.005469916366172557,0.5081844955778188,4.309522103577223,12.593303898976652,5.681045077496253,0.2303894679100384,0.020844761382336808,0.06114917300488373
commons-collections,13,mid,0.3,uniform,-0.009027260378885576,0.38912479000090433,-0.06815336073044788,0.2779989215269504,4.185361479829656,9.841432576269478,5.07706936962408,0.2759188151398793,0.024684585847504114,0.04577306026503645
commons-collections,13,fn_heavy,0.05,uniform,0.030107332290788574,0.44840400167243627,-0.027467076717155554,0.38324088552871627,3.6217121691343026,40.84039783411395,5.9570969764487405,0.04662643993417444,0.015359297860669226,0.000182461886506037
commons-collections,13,fn_heavy,0.1,uniform,-0.03663147864624469,0.3250363826566752,-0.03296029203896327,0.398464378952924,4.149425248631423,34.92300058494301,4.506519492897498,0.08447613823368075,0.024684585847504114,0.6000000108826846
commons-collections,13,fn_heavy,0.15,uniform,-0.02234442547412582,0.3736514959522572,-0.06265158194497424,0.3455549920146846,3.9414398975001683,23.156684018448747,5.087732758509272,0.12232583653318706,0.027427317608337904,0.3971450887486939
commons-collections,13,fn_heavy,0.2,uniform,-0.01587733971731396,0.3952940731086532,-0.046833514772287484,0.3996120191102422,4.758143561169566,21.572951356538297,4.90739989440111,0.15852989577619309,0.027427317608337904,0.6549991270844057
commons-collections,13,fn_heavy,0.25,uniform,-0.024682163379445513,0.3625077911114696,-0.02091406353977105,0.44728568027575377,3.712641450548093,13.91855376508375,4.964023110341175,0.1925397696105321,0.027427317608337904,0.06114917317377162
commons-collections,13,fn_heavy,0.3,uniform,-0.01133573484388152,0.39397115642825625,-0.08481157993702448,0.2580187500807324,4.338158440543133,13.03151555485998,5.7730199238291595,0.22984092155787164,0.027427317608337904,0.05492554269163224
commons-collections,21,symmetric,0.05,uniform,0.040400482948255365,0.45562695006033044,-0.03238272762441333,0.41829703194702766,4.409361445279065,36.503513092467166,5.688650916789039,0.05979155238617663,0.0005485463521667581,0.04558995456704745
commons-collections,21,symmetric,0.1,uniform,0.04678195805935471,0.4513551211979105,0.07454405268599686,0.6079811985154809,4.725693244112029,25.94920738329557,4.533911270586606,0.10257816785518377,0.0016456390565002743,3.615079640186044e-05
commons-collections,21,symmetric,0.15,uniform,0.03151426122919348,0.42485512445566675,0.027101582252485927,0.5190981744611737,4.840611316437537,20.00035777909592,4.31603772604702,0.14755896873285793,0.0021941854086670325,0.33600000003880165
commons-collections,21,symmetric,0.2,uniform,0.05105692917953617,0.4399531146011259,0.06496976771063794,0.5938546829796202,4.46876504915758,14.789010905960435,4.8852216851033905,0.18979703784969829,0.0027427317608337905,0.34224467603641234
commons-collections,21,symmetric,0.25,uniform,0.0054989547517469185,0.3740136211230177,-0.04480760437978446,0.4077897220286988,3.710357609246962,9.792631150340338,4.705260852084177,0.23477783872737246,0.0032912781130005485,0.3360004187094082
commons-collections,21,symmetric,0.3,uniform,-0.002695562179965189,0.32603040134076605,-0.06946855162160981,0.33401949704485095,4.28972456497627,9.101496698583682,5.10581748514819,0.2885353812397148,0.005485463521667581,0.04562608893105036
commons-collections,21,fp_heavy,0.05,uniform,0.040400482948255365,0.45562695006033044,-0.03238272762441333,0.41829703194702766,4.409361445279065,36.503513092467166,5.688650916789039,0.05979155238617663,0.0005485463521667581,0.04558995456704745
commons-collections,21,fp_heavy,0.1,uniform,0.04090560508140595,0.43739910698771617,-0.014283248786272037,0.42152969985203914,5.438309744239266,30.21069886579701,4.489733523764857,0.10148107515085025,0.0021941854086670325,0.6395661366768257
commons-collections,21,fp_heavy,0.15,uniform,0.0106278439419936,0.3434988946967538,0.029333187599719993,0.5146319794779928,5.166344612938144,21.972137811815085,5.080099676815349,0.14701042238069117,0.0027427317608337905,0.8400000000388058
commons-collections,21,fp_heavy,0.2,uniform,0.03488719641324828,0.40792078099426377,0.0012699027562072488,0.4870976295949557,4.188851767792302,13.979509977711729,4.92053348582338,0.18869994514536478,0.004388370817334065,0.24001012409277092
commons-collections,21,fp_heavy,0.25,uniform,-0.014505955034923728,0.36792949823543125,-0.0020217710927291806,0.4843401769989318,4.078664494642219,10.49109018531983,5.782791165034613,0.23258365331870542,0.006034009873834339,0.33600025797328703
commons-collections,21,fp_heavy,0.3,uniform,0.01577035774897661,0.35844508830068034,-0.016425319014067772,0.4225949581445651,5.2546607073376945,11.536220439167723,5.0897984777537495,0.28579264947888094,0.00877674163466813,0.04562608893132575
commons-collections,21,mid,0.05,uniform,0.04761155986190934,0.4858169400290268,-0.013287716290635486,0.45652217034014453,4.17759468084774,36.51048587868929,4.687013789266962,0.058145913329676356,0.0021941854086670325,0.0009830481765919126
commons-collections,21,mid,0.1,uniform,-0.006421710785231476,0.3429642748913355,-0.030971046505040865,0.38697991178878577,4.6436109100323515,28.84829849684662,4.72086620125629,0.09599561162918267,0.005485463521667581,5.776288252085023e-08
commons-collections,21,mid,0.15,uniform,-0.0036644244557931657,0.3758490256221169,-0.09745380280886215,0.18957405877595623,4.0245624311335515,18.159838706947326,6.430326603357664,0.14097641250685683,0.009325287986834888,0.35137209815741466
commons-collections,21,mid,0.2,uniform,-0.011749842731798087,0.3493416628637478,-0.08316911808063422,0.20790929533389574,3.635744457665108,13.862092934285075,5.20193489423612,0.18156884256719694,0.015907844212835986,0.3360118378524374
commons-collections,21,mid,0.25,uniform,0.012736341946745874,0.38093760884382827,0.06615422179329615,0.5899074338795992,4.706343381868851,13.983978472223422,5.155554725841657,0.22490400438837083,0.021941854086670324,0.33601038179052023
commons-collections,21,mid,0.3,uniform,0.001212380416802617,0.36942647665268985,-0.014673561558099213,0.47282833889250847,4.33423481298531,10.969660045944268,4.473527281759579,0.2748217224355458,0.02578167855183763,0.03957621009240551
commons-collections,21,fn_heavy,0.05,uniform,0.0274140168635874,0.4508293071454935,0.014203158871168745,0.5210803936177164,5.17513761897544,57.2910222730077,4.64798010054483,0.047174986286341196,0.009325287986834888,0.6004226770489899
commons-collections,21,fn_heavy,0.1,uniform,-0.028316474356527104,0.28582277638816833,0.08317681806750907,0.6163306049360788,4.063901569181168,32.662751772996764,6.218033751188468,0.08228195282501372,0.02578167855183763,0.25536016344921003
commons-collections,21,fn_heavy,0.15,uniform,0.006632628552272567,0.35795395865385154,0.05355724934967326,0.559793135805629,4.948229497205836,31.26646283894233,4.682252305480838,0.11738891936368623,0.027427317608337904,2.7422923700013476e-07
commons-collections,21,fn_heavy,0.2,uniform,-0.02926871352712147,0.28822684419314565,0.014112865746735004,0.4672100077810608,3.736678980580216,17.368410836676276,5.514422968830698,0.15414152495885902,0.027427317608337904,0.33600005776315917
commons-collections,21,fn_heavy,0.25,uniform,-0.04661011055183927,0.2727606530329102,-0.08862816954824908,0.20466152612739597,3.6898208331569555,14.537447002433169,5.867338863082221,0.18650575973669775,0.027427317608337904,0.35760482031224256
commons-collections,21,fn_heavy,0.3,uniform,-0.007635739812220155,0.3519196095802933,0.020313079065524587,0.5300791536350481,4.020142704777699,12.333356488901552,5.572166035531707,0.22325836533187055,0.027427317608337904,0.3513761232721449
