project,seed,profile,dose,latency,mcc_avg,gmean_avg,mcc,gmean
ant-ivy,7,symmetric,0.05,uniform,0.17561647587082077,0.5809758111536315,0.05284775530878968,0.5192561929085684
ant-ivy,7,symmetric,0.1,uniform,0.20552908486162147,0.604467059749327,0.0003897197331376063,0.4828327098123401
ant-ivy,7,symmetric,0.15,uniform,0.1411096366687618,0.5620972122862385,-0.055770248906069436,0.427011822549848
ant-ivy,7,symmetric,0.2,uniform,0.0930920385152857,0.535657493667531,-0.048581921186665,0.4340738916408605
ant-ivy,7,symmetric,0.25,uniform,0.08067957470988556,0.5274303348466884,-0.005247077801686293,0.4930192873708192
ant-ivy,7,symmetric,0.3,uniform,0.08447317482273925,0.5325688944600837,0.05035172308335635,0.556701925320821
ant-ivy,7,fp_heavy,0.05,uniform,0.16125913221103189,0.570477662729914,0.040600532616128844,0.4974330841243689
ant-ivy,7,fp_heavy,0.1,uniform,0.16352282702728257,0.5757466240396364,-0.035754365147173624,0.4306843417981983
ant-ivy,7,fp_heavy,0.15,uniform,0.11283349851199573,0.5454061632993409,-0.016275597904742454,0.4498836450508071
ant-ivy,7,fp_heavy,0.2,uniform,0.07908214148281797,0.5240525968525745,0.004514233130480533,0.5055118772022653
ant-ivy,7,fp_heavy,0.25,uniform,0.07576231678919744,0.5262466955278674,0.03599346916396886,0.5380309038129215
ant-ivy,7,fp_heavy,0.3,uniform,0.03768820803102501,0.5066085908966359,0.035131623497646924,0.5412013571025402
ant-ivy,7,mid,0.05,uniform,0.20061427236299062,0.598269156187319,0.009921689677604833,0.4958236232872054
ant-ivy,7,mid,0.1,uniform,0.14736616192332652,0.5592794160254793,-0.009796616791802605,0.4130577382411504
ant-ivy,7,mid,0.15,uniform,0.1282033575106385,0.5593816178313846,-0.0023906895934795113,0.4807186533558364
ant-ivy,7,mid,0.2,uniform,0.07959430890506494,0.5304404634928366,-0.0207483854046759,0.47368699435218037
ant-ivy,7,mid,0.25,uniform,0.04833695859222514,0.5031580786055633,0.06502145692428687,0.5735308941773551
ant-ivy,7,mid,0.3,uniform,-0.0022571326262449854,0.4673143321282556,0.009952591236323631,0.5123162724605804
ant-ivy,7,fn_heavy,0.05,uniform,0.17929662517763229,0.5794298989438328,0.011312854092549528,0.514084528235291
ant-ivy,7,fn_heavy,0.1,uniform,0.16940777469924623,0.574945392964338,-0.0036559895233049308,0.47732335946812043
ant-ivy,7,fn_heavy,0.15,uniform,0.07607510395672157,0.5070962893523142,-0.0009224380945395465,0.45989629852239655
ant-ivy,7,fn_heavy,0.2,uniform,0.06191070255805619,0.4913280593784899,-0.03992553646920052,0.403481161504766
ant-ivy,7,fn_heavy,0.25,uniform,0.06309961168588443,0.5076049039874196,0.004489617609519458,0.47177420865778447
ant-ivy,7,fn_heavy,0.3,uniform,0.00010275267600422479,0.4524677660927893,0.008043888727257349,0.4752765982162581
ant-ivy,13,symmetric,0.05,uniform,0.14015689790515024,0.5505337689475372,-0.07117054414130165,0.390523869528618
ant-ivy,13,symmetric,0.1,uniform,0.0795631701449833,0.525420547814683,-0.01727511011087925,0.4778751636075709
ant-ivy,13,symmetric,0.15,uniform,0.12168286088469905,0.5406796464425009,-0.08364614804662451,0.3138850751449225
ant-ivy,13,symmetric,0.2,uniform,0.09891279376256931,0.5352403055551578,-0.003580782857518786,0.4839754513348668
ant-ivy,13,symmetric,0.25,uniform,0.09181975711767701,0.5291781941324288,0.01894327539480661,0.5072232812749642
ant-ivy,13,symmetric,0.3,uniform,0.07403033563844362,0.5132452615087782,0.01712740392459864,0.5054252230599336
ant-ivy,13,fp_heavy,0.05,uniform,0.123213199763447,0.5280036885035452,-0.0940350676321124,0.3575408083648347
ant-ivy,13,fp_heavy,0.1,uniform,0.0982928617412425,0.5307758640022074,-0.09774478315412055,0.3744970725939047
ant-ivy,13,fp_heavy,0.15,uniform,0.07232736670399934,0.5166882299051342,-0.025848929092216127,0.4527122612906461
ant-ivy,13,fp_heavy,0.2,uniform,0.07765722207143964,0.5224388683028494,-0.0708786607813525,0.3728573647827168
ant-ivy,13,fp_heavy,0.25,uniform,0.11534579415901927,0.5441888784437815,-0.019667193085571286,0.44060006737829915
ant-ivy,13,fp_heavy,0.3,uniform,0.04883773535300314,0.5066383440547783,0.07696805410820207,0.5680603178454465
ant-ivy,13,mid,0.05,uniform,0.13998774932947397,0.5567063770410611,0.036044678082438,0.5448081890205974
ant-ivy,13,mid,0.1,uniform,0.10906420370851236,0.5375436041231478,-0.0005932436401617911,0.4981595530824032
ant-ivy,13,mid,0.15,uniform,0.041657856472072166,0.4917793154059342,0.06266473908224164,0.5587540780350982
ant-ivy,13,mid,0.2,uniform,0.06061892295142252,0.5081588240379779,0.03850967240599851,0.5396261259222912
ant-ivy,13,mid,0.25,uniform,0.03436231447173727,0.4882420153944069,-0.03835391238897626,0.3933080431950016
ant-ivy,13,mid,0.3,uniform,0.01827524638294442,0.4769746874284763,0.03980581303213506,0.5071688963080806
ant-ivy,13,fn_heavy,0.05,uniform,0.1871736347430381,0.5695557676357086,-0.04753657159759847,0.39627233332735756
ant-ivy,13,fn_heavy,0.1,uniform,0.16159098411295245,0.567216204699129,0.07105756536841668,0.5816069196523765
ant-ivy,13,fn_heavy,0.15,uniform,0.12621287281798874,0.5225108499857655,0.002601550426102697,0.46340251109365826
ant-ivy,13,fn_heavy,0.2,uniform,0.05557307651464576,0.48525091628678324,0.0362571444329067,0.4813063135812703
ant-ivy,13,fn_heavy,0.25,uniform,-0.041092753144610104,0.4071260518437722,0.024649312963869265,0.5018928745048157
ant-ivy,13,fn_heavy,0.3,uniform,-0.02938973774366867,0.42294221957004524,0.07747896490298606,0.5809279673137715
ant-ivy,21,symmetric,0.05,uniform,0.12235739514857441,0.5423705592832901,0.0898189117671982,0.5949801002293787
ant-ivy,21,symmetric,0.1,uniform,0.11971912375100276,0.5475349837157646,0.0833922911436578,0.5944639102259368
ant-ivy,21,symmetric,0.15,uniform,0.1312383706710499,0.5550077388107488,0.10046725580428968,0.6163692339105011
ant-ivy,21,symmetric,0.2,uniform,0.12053972291567909,0.5515726287358343,0.1046384174833087,0.6188444923284481
ant-ivy,21,symmetric,0.25,uniform,0.06920528058830784,0.5178687914496284,0.057346063484789586,0.5691315168661327
ant-ivy,21,symmetric,0.3,uniform,0.09064580686785141,0.5240526576056875,-0.0027872883037045036,0.4954071666156024
ant-ivy,21,fp_heavy,0.05,uniform,0.17761139321427843,0.5891136473000729,0.11458413264342582,0.6305964145126751
ant-ivy,21,fp_heavy,0.1,uniform,0.14166282348709744,0.5642699628508336,0.10228221347552079,0.622285489208385
ant-ivy,21,fp_heavy,0.15,uniform,0.11951068526626382,0.5471776271222153,0.09673983644328926,0.6135038388133532
ant-ivy,21,fp_heavy,0.2,uniform,0.10404901655567664,0.536913195585287,-0.027174021261980253,0.4422259477819
ant-ivy,21,fp_heavy,0.25,uniform,0.11549155537960033,0.5488179385370937,0.001838343592900146,0.497596675670335
ant-ivy,21,fp_heavy,0.3,uniform,0.05844779801991568,0.5043422955275089,0.011905958447199374,0.5097392802307114
ant-ivy,21,mid,0.05,uniform,0.15316447439325634,0.5593026065649764,-0.04077695700199258,0.4145745661286025
ant-ivy,21,mid,0.1,uniform,0.13865786443903005,0.5625271137897674,0.1079236397826101,0.6294718894162178
ant-ivy,21,mid,0.15,uniform,0.10258684156081274,0.5345640382962509,0.08366242776022648,0.6026841968322412
ant-ivy,21,mid,0.2,uniform,0.08506105590343883,0.5256579987594053,0.08912301618030283,0.6050548333701729
ant-ivy,21,mid,0.25,uniform,0.0738296700467839,0.5154282158094629,0.002678648616391843,0.48763109678752536
ant-ivy,21,mid,0.3,uniform,0.0204720048576643,0.48936282783197305,0.11623166206267743,0.6384764587842621
ant-ivy,21,fn_heavy,0.05,uniform,0.12145997861719592,0.53198444027478,-0.09149775504856791,0.335472906325696
ant-ivy,21,fn_heavy,0.1,uniform,0.15113382169671088,0.5611719840646376,-0.04304712462435891,0.42971406923827954
ant-ivy,21,fn_heavy,0.15,uniform,0.07277471739145835,0.5060661336641776,-0.00798480581023097,0.46938732462861243
ant-ivy,21,fn_heavy,0.2,uniform,0.10606218404375727,0.5417618257012345,0.10674737230922243,0.62965116864541
ant-ivy,21,fn_heavy,0.25,uniform,-0.024917912183127347,0.4410676761577002,0.01742446193623002,0.5061726419572566
ant-ivy,21,fn_heavy,0.3,uniform,-0.014850564356600487,0.447636837851916,0.1061562810287403,0.6247536179956409
commons-bcel,7,symmetric,0.05,uniform,0.10361633425830014,0.5587983818346698,0.08514351310213858,0.5849197017733799
commons-bcel,7,symmetric,0.1,uniform,0.12298088570803019,0.5680304199816654,0.015098957488534832,0.5160955929679153
commons-bcel,7,symmetric,0.15,uniform,0.12992923087839264,0.5690948936530075,0.017281371267451,0.5172143520083682
commons-bcel,7,symmetric,0.2,uniform,0.03228165406767771,0.4884285888277848,0.019764061811098164,0.5130413757547365
commons-bcel,7,symmetric,0.25,uniform,0.047163963999996075,0.5079844307779555,0.02980215551570532,0.5286374177744951
commons-bcel,7,symmetric,0.3,uniform,-0.005186050524295631,0.4444585451634641,0.02229006138891621,0.5164742629309731
commons-bcel,7,fp_heavy,0.05,uniform,0.10313074757355319,0.5583887417812167,0.07227029020843959,0.5735845458640648
commons-bcel,7,fp_heavy,0.1,uniform,0.07508965418251823,0.4961993019610116,0.008109185257452496,0.5081331430690192
commons-bcel,7,fp_heavy,0.15,uniform,0.06822811651559274,0.522944663384652,0.00927226186791401,0.501014874534557
commons-bcel,7,fp_heavy,0.2,uniform,0.036562911265536124,0.4968206155797664,0.0378832276718471,0.5261106188414223
commons-bcel,7,fp_heavy,0.25,uniform,0.03807391435623696,0.45303231310221953,0.015052941015522273,0.5160348733740298
commons-bcel,7,fp_heavy,0.3,uniform,0.0737485103788845,0.48581042911675415,-0.01932836648830019,0.47721486288095594
commons-bcel,7,mid,0.05,uniform,0.06046197297207946,0.5067319299710766,0.0226650040741932,0.5193801586081519
commons-bcel,7,mid,0.1,uniform,0.005583064367204048,0.4580345926815368,0.06401062977167836,0.5577072071493406
commons-bcel,7,mid,0.15,uniform,-0.023589696283735414,0.3892649260624471,0.01990561561550206,0.5211547638459509
commons-bcel,7,mid,0.2,uniform,0.03331883620590119,0.45105672628692833,0.007191480696393347,0.5076430079108241
commons-bcel,7,mid,0.25,uniform,0.027190078132819828,0.45104308705587826,0.057038968462788046,0.5575722758618783
commons-bcel,7,mid,0.3,uniform,0.025480715436618232,0.41906575018714126,-0.027029835321502535,0.4676624961014794
commons-bcel,7,fn_heavy,0.05,uniform,0.12057070715594811,0.516893808644281,0.06129948425220212,0.5608877313333677
commons-bcel,7,fn_heavy,0.1,uniform,-0.03163677233734443,0.4039885083526545,0.01667771670041781,0.5028280557671243
commons-bcel,7,fn_heavy,0.15,uniform,-0.04711782492808637,0.386861626693821,-0.07689770525323222,0.34065493033884875
commons-bcel,7,fn_heavy,0.2,uniform,0.02680433365148015,0.45280816952684827,-0.003022942640809024,0.4870457147712089
commons-bcel,7,fn_heavy,0.25,uniform,-0.012368831220905131,0.4428328333758865,-0.07801819336015442,0.3675732022055307
commons-bcel,7,fn_heavy,0.3,uniform,0.049148973584345126,0.4991728096699276,0.019297093424325812,0.5198903159018152
commons-bcel,13,symmetric,0.05,uniform,0.12607271983941976,0.5679368626385661,0.021252706061537622,0.4781958388278614
commons-bcel,13,symmetric,0.1,uniform,0.08323416454415224,0.5366236712922575,0.04751422422690937,0.5179272802228255
commons-bcel,13,symmetric,0.15,uniform,0.18090262676330396,0.6277161109440215,0.022031967714577074,0.5233289933425525
commons-bcel,13,symmetric,0.2,uniform,0.08718734087879283,0.5204115597308817,0.05086946232403071,0.5525907810852803
commons-bcel,13,symmetric,0.25,uniform,0.10000739267045959,0.5088855172835945,0.001342383095284377,0.4982676913655688
commons-bcel,13,symmetric,0.3,uniform,0.01815385881488015,0.4428263477514787,-0.014886141979229736,0.4721238300238586
commons-bcel,13,fp_heavy,0.05,uniform,0.12464457209081409,0.5665640847087428,0.02720377702054131,0.4817299198165095
commons-bcel,13,fp_heavy,0.1,uniform,0.06491552395329483,0.5076414736258698,-0.002239609638862728,0.4161789706687936
commons-bcel,13,fp_heavy,0.15,uniform,0.13376981726834247,0.5855389770254099,-0.0438148484255739,0.44882748740064066
commons-bcel,13,fp_heavy,0.2,uniform,0.07092850576887316,0.5225867118624369,-0.006404144752548333,0.4848820895338457
commons-bcel,13,fp_heavy,0.25,uniform,0.11256839588113846,0.5690128902599816,-0.039150753333951765,0.45707240009146044
commons-bcel,13,fp_heavy,0.3,uniform,0.031013527118801218,0.437860407139132,0.030708434213921075,0.5303049835163194
commons-bcel,13,mid,0.05,uniform,0.10235933720234484,0.5464291258409579,0.00848787150501719,0.460723353776303
commons-bcel,13,mid,0.1,uniform,0.10470682208545251,0.5443883940014417,0.0702315656075414,0.5484453871804531
commons-bcel,13,mid,0.15,uniform,0.1269302699936437,0.5829399008060354,0.038344924945137165,0.5287823178237668
commons-bcel,13,mid,0.2,uniform,0.08182308488779996,0.5190493058121641,0.005112603579964941,0.47912691771266863
commons-bcel,13,mid,0.25,uniform,0.042662635560921626,0.4686653191269797,-0.012571815220423803,0.473944512982301
commons-bcel,13,mid,0.3,uniform,0.044341846442440346,0.48664755618719535,0.08594318406698948,0.5906058568931177
commons-bcel,13,fn_heavy,0.05,uniform,0.12206640330646489,0.5567160472327909,0.18613666899025594,0.6518393939980094
commons-bcel,13,fn_heavy,0.1,uniform,0.06783921930450325,0.5099179963657526,0.0013585396313639472,0.4446325266220928
commons-bcel,13,fn_heavy,0.15,uniform,0.0435603322370961,0.4354941178709822,-0.018559948815821556,0.41359377833249555
commons-bcel,13,fn_heavy,0.2,uniform,0.024976936423993745,0.4672513542837354,0.04682724685646062,0.5364059313358935
commons-bcel,13,fn_heavy,0.25,uniform,0.056016100488368,0.4996872137938516,-0.01982766228513495,0.4546893801581977
commons-bcel,13,fn_heavy,0.3,uniform,0.04465009809630321,0.4910223608355402,-0.033395494855894506,0.42894592260083003
commons-bcel,21,symmetric,0.05,uniform,0.11274479643460684,0.5666296916627996,0.09077201924984096,0.5897201123670889
commons-bcel,21,symmetric,0.1,uniform,0.06727787024706752,0.5269691617032982,-0.028095989453006932,0.46832386810787785
commons-bcel,21,symmetric,0.15,uniform,0.06788060142793508,0.5286985676924578,-0.027425595974255815,0.4683758697300362
commons-bcel,21,symmetric,0.2,uniform,0.06716776365965778,0.5220226721224401,-0.0001436441874509916,0.49771157558100887
commons-bcel,21,symmetric,0.25,uniform,0.06718686745715756,0.512871749298425,0.003648680304239244,0.502778072464395
commons-bcel,21,symmetric,0.3,uniform,0.044225170821249,0.4868109330975942,0.09082424146397487,0.5833053103786335
commons-bcel,21,fp_heavy,0.05,uniform,0.07447408759015085,0.5201264830764561,-0.03111973768866924,0.43976100567381027
commons-bcel,21,fp_heavy,0.1,uniform,0.03888463443913697,0.4546055042769824,-0.032875123687230765,0.45655601133735213
commons-bcel,21,fp_heavy,0.15,uniform,0.09289768856826572,0.547275400664868,0.0272968359483235,0.5265928513149852
commons-bcel,21,fp_heavy,0.2,uniform,0.08241641291051315,0.5433901335895106,-0.0037310566095661497,0.49198972116315626
commons-bcel,21,fp_heavy,0.25,uniform,0.09800036900640446,0.5482442233958148,-0.005948284883077153,0.4881398047837133
commons-bcel,21,fp_heavy,0.3,uniform,0.07820361111915278,0.5360098658277712,0.016751599020974773,0.5001515004019194
commons-bcel,21,mid,0.05,uniform,0.13677094195705866,0.5883914315318064,0.06581460423534227,0.5646169268632167
commons-bcel,21,mid,0.1,uniform,0.06362831423662133,0.5010294495517175,-0.029738424821620042,0.46201512919321075
commons-bcel,21,mid,0.15,uniform,-0.006328787234096681,0.4061761857874856,-0.028310338539948614,0.4593106752457023
commons-bcel,21,mid,0.2,uniform,0.08150069348604279,0.54297099092963,0.025155779803354143,0.5265112575490146
commons-bcel,21,mid,0.25,uniform,0.05198823365953344,0.5014475460039085,-0.0012685348419927023,0.47793884619593274
commons-bcel,21,mid,0.3,uniform,0.03038039481560585,0.4852047531515583,0.0003544981169140138,0.49826062735937277
commons-bcel,21,fn_heavy,0.05,uniform,0.12646590023698012,0.5361388062243916,-0.05340410963045952,0.4012399861650089
commons-bcel,21,fn_heavy,0.1,uniform,0.08521047947968015,0.537750574160986,0.0680640117031108,0.5719461018599061
commons-bcel,21,fn_heavy,0.15,uniform,0.02781740718027471,0.43121425118092277,0.011775248330159926,0.4919569616471267
commons-bcel,21,fn_heavy,0.2,uniform,0.011690001030489538,0.39163843215923283,-0.0015772855077378133,0.4801782196355662
commons-bcel,21,fn_heavy,0.25,uniform,0.042210421831159604,0.4572703796470905,0.004183521131342285,0.48812852975898385
commons-bcel,21,fn_heavy,0.3,uniform,0.03148052240015871,0.48230808388897567,-0.03165544882265471,0.4583225032127477
commons-beanutils,7,symmetric,0.05,uniform,0.047796386500140765,0.5105057667900923,0.03606832891689103,0.5620322849638358
commons-beanutils,7,symmetric,0.1,uniform,0.08806653427559746,0.5447862355340366,0.007817300935801696,0.4931369585918736
commons-beanutils,7,symmetric,0.15,uniform,0.049801130780944274,0.5117825597837072,0.0121968434091629,0.49919634889031833
commons-beanutils,7,symmetric,0.2,uniform,0.013781207706774603,0.4384203751928864,0.012584661457735258,0.5236856699004067
commons-beanutils,7,symmetric,0.25,uniform,0.05062448314369849,0.49600927761585284,0.013200634869171978,0.5238935302210441
commons-beanutils,7,symmetric,0.3,uniform,0.043539833544031764,0.5035049168367325,0.02127273914016974,0.5390343397376531
commons-beanutils,7,fp_heavy,0.05,uniform,0.046152537579813614,0.5089524439413505,0.03347638330563978,0.558056826223288
commons-beanutils,7,fp_heavy,0.1,uniform,0.11085494148708695,0.5705887012634089,0.032346077265475025,0.5522384082473346
commons-beanutils,7,fp_heavy,0.15,uniform,0.04942495633743755,0.5113270100186927,0.008441695305743875,0.49434698240190783
commons-beanutils,7,fp_heavy,0.2,uniform,0.0591110808959751,0.4790057774018318,0.05683145902967222,0.6003229374549705
commons-beanutils,7,fp_heavy,0.25,uniform,0.07983562423280356,0.5221302095217044,0.03894312656603921,0.5703095380240774
commons-beanutils,7,fp_heavy,0.3,uniform,0.04451668658222814,0.5049118747026525,0.0227673471574233,0.5420183478055228
commons-beanutils,7,mid,0.05,uniform,0.04973554587736475,0.5119047165329734,0.028597718033067054,0.5503511015515974
commons-beanutils,7,mid,0.1,uniform,0.05967498954916232,0.5148005128001452,-0.007445043534427664,0.4825024634799451
commons-beanutils,7,mid,0.15,uniform,0.059205055026967074,0.5173537628503334,-0.00043578818233709854,0.4976863947758475
commons-beanutils,7,mid,0.2,uniform,0.0035117341159825086,0.4266968865765766,-0.0175848019225752,0.453412241140213
commons-beanutils,7,mid,0.25,uniform,0.058809419389850445,0.506487587588996,0.08076276410793756,0.6236808342619432
commons-beanutils,7,mid,0.3,uniform,0.025981764782634507,0.478815726697986,0.004355266785434008,0.5082032776635984
commons-beanutils,7,fn_heavy,0.05,uniform,0.15294033097429605,0.6081717837126446,0.08541934828478061,0.6328325647081786
commons-beanutils,7,fn_heavy,0.1,uniform,0.06732674394981604,0.5240705670556562,0.003329865726803134,0.5058252149978092
commons-beanutils,7,fn_heavy,0.15,uniform,0.04486930017329779,0.49681443792344926,0.012001345210168997,0.5219401183204175
commons-beanutils,7,fn_heavy,0.2,uniform,0.06369442754619405,0.522711565327742,0.014703635308141005,0.5275729980236554
commons-beanutils,7,fn_heavy,0.25,uniform,0.060550168437694195,0.5156964219079481,0.02250902010105683,0.5422773956794383
commons-beanutils,7,fn_heavy,0.3,uniform,0.05447430644989254,0.47889551190403384,0.04772823181524682,0.583175592337867
commons-beanutils,13,symmetric,0.05,uniform,0.04877759037921436,0.47682717595426444,0.04787594180293804,0.5553324091087957
commons-beanutils,13,symmetric,0.1,uniform,0.06310581596513645,0.533825076389099,0.11582797743180284,0.6851813877741376
commons-beanutils,13,symmetric,0.15,uniform,0.04557248572889421,0.4912245039431823,-0.00984152002485101,0.4351889841119144
commons-beanutils,13,symmetric,0.2,uniform,0.06820009295258854,0.5358165385305135,0.015350341646579141,0.5217125813579242
commons-beanutils,13,symmetric,0.25,uniform,0.09868280434602435,0.5586779823606436,0.07208192706342785,0.6281702039687691
commons-beanutils,13,symmetric,0.3,uniform,0.04341993429162983,0.5210867624271186,0.063322844828627,0.616712434146138
commons-beanutils,13,fp_heavy,0.05,uniform,0.06008338131898527,0.4893807362282162,0.0688589637914449,0.5933693124526866
commons-beanutils,13,fp_heavy,0.1,uniform,0.0571936477001589,0.5266523734018287,0.056673173175346,0.6050226449522383
commons-beanutils,13,fp_heavy,0.15,uniform,0.044311148490800714,0.517867557391405,0.02825227704369685,0.5521583261263914
commons-beanutils,13,fp_heavy,0.2,uniform,0.05450777360996897,0.5242625496045769,0.017649181516855388,0.5308837289138315
commons-beanutils,13,fp_heavy,0.25,uniform,0.018663022340421713,0.4844319022226852,0.027013786594558154,0.5473999906711928
commons-beanutils,13,fp_heavy,0.3,uniform,0.03351679034302117,0.5055421793087559,0.018272274520095184,0.5256456969905532
commons-beanutils,13,mid,0.05,uniform,0.06301202999730457,0.49432945823670726,0.08566783918318313,0.6285333109754697
commons-beanutils,13,mid,0.1,uniform,-0.02000935637857537,0.43138742864054974,-0.015600423586886781,0.4288688675245326
commons-beanutils,13,mid,0.15,uniform,0.05237044127361157,0.5196007549734761,0.014572532719582913,0.5000507863574879
commons-beanutils,13,mid,0.2,uniform,0.06513265102417587,0.5337365665106775,0.03790371142688888,0.5704414672860687
commons-beanutils,13,mid,0.25,uniform,-0.013287972085159437,0.4529036830893554,0.0016654880455884817,0.5026343281279437
commons-beanutils,13,mid,0.3,uniform,-0.013226056689982661,0.44328916154985015,-0.03787591538396537,0.42518987484044657
commons-beanutils,13,fn_heavy,0.05,uniform,0.011788098383503505,0.43224925236796885,0.01991095945883721,0.4982006319301902
commons-beanutils,13,fn_heavy,0.1,uniform,0.04773154856063176,0.47818739771179763,0.020924262970256145,0.5271932772980064
commons-beanutils,13,fn_heavy,0.15,uniform,0.028634396415604193,0.4808561654350283,0.01130732205902587,0.47830764610817034
commons-beanutils,13,fn_heavy,0.2,uniform,0.043070866277598235,0.5161416420300903,0.02803426525929905,0.5426923154152427
commons-beanutils,13,fn_heavy,0.25,uniform,0.04177454716865237,0.5007213826670418,0.008802239730162639,0.5164400363345307
commons-beanutils,13,fn_heavy,0.3,uniform,0.0035560062992662277,0.4598300528674924,0.002627656533808313,0.4848564625721091
commons-beanutils,21,symmetric,0.05,uniform,0.03814231203856361,0.49848826778307886,0.018950702464790154,0.535585060137692
commons-beanutils,21,symmetric,0.1,uniform,0.008962401726362867,0.4684368284130504,-0.012718671723620883,0.4699926080844022
commons-beanutils,21,symmetric,0.15,uniform,0.04073489514642108,0.5044336991955222,0.02792804854214501,0.5497954634116504
commons-beanutils,21,symmetric,0.2,uniform,-0.013560792957265765,0.39049596449803387,-0.018048836392343427,0.45478769260186264
commons-beanutils,21,symmetric,0.25,uniform,0.014947679845601646,0.47028102602106203,-0.050184156034258576,0.3914224387337344
commons-beanutils,21,symmetric,0.3,uniform,0.008520640659052796,0.4771064687626547,0.0148140429465713,0.5222655167283065
commons-beanutils,21,fp_heavy,0.05,uniform,0.06716648789505615,0.5297175227274237,0.08463513226568413,0.6448653146932334
commons-beanutils,21,fp_heavy,0.1,uniform,0.04295581815313774,0.4955024418227425,0.05613248119950351,0.6010406521483309
commons-beanutils,21,fp_heavy,0.15,uniform,0.03958876421976313,0.5032424028842633,0.02053729072128217,0.5340576511602355
commons-beanutils,21,fp_heavy,0.2,uniform,-0.003877390526330207,0.3997661833524321,-0.009724551739842862,0.4706516370284433
commons-beanutils,21,fp_heavy,0.25,uniform,0.052094197283759226,0.5058327327497912,-0.0359581424363336,0.42931387078388844
commons-beanutils,21,fp_heavy,0.3,uniform,-0.0415668096665509,0.40338044371061943,-0.08743338927535205,0.33238432216573655
commons-beanutils,21,mid,0.05,uniform,0.041740573453935406,0.4922871978962053,0.040830665857761066,0.5571153196303089
commons-beanutils,21,mid,0.1,uniform,0.06978398646860512,0.5224808235897203,-0.007905618414153836,0.4787197431214315
commons-beanutils,21,mid,0.15,uniform,0.08741653473264689,0.5470438165847025,0.024260626411954183,0.545429779694474
commons-beanutils,21,mid,0.2,uniform,0.030124883846191754,0.4983294869758427,0.02716649880445199,0.5475431100124013
commons-beanutils,21,mid,0.25,uniform,0.02602265567087249,0.48285080377674533,0.05186936049166632,0.5855147582978596
commons-beanutils,21,mid,0.3,uniform,-0.00113071083264858,0.43928066588135223,-0.042218958165067134,0.39748565043804074
commons-beanutils,21,fn_heavy,0.05,uniform,0.052664644002699934,0.5109781844243966,0.08224689799500375,0.6327357864761632
commons-beanutils,21,fn_heavy,0.1,uniform,0.02026889478634457,0.4729788895418682,0.014834620911029885,0.5168351141920886
commons-beanutils,21,fn_heavy,0.15,uniform,0.002715154622795441,0.45386649248298677,-0.05319907661882418,0.4018734124401578
commons-beanutils,21,fn_heavy,0.2,uniform,0.025888622434909952,0.4859403285756852,-0.04248765859059781,0.4204362410366881
commons-beanutils,21,fn_heavy,0.25,uniform,-0.013764141048229218,0.4608922474262643,-0.024840550137485335,0.452783558324013
commons-beanutils,21,fn_heavy,0.3,uniform,-0.009147949322921041,0.38823370519248973,-0.004016474331856148,0.4894565534896049
commons-codec,7,symmetric,0.05,uniform,-0.026897226351842152,0.3765340657929418,0.1690566333678685,0.747470962531733
commons-codec,7,symmetric,0.1,uniform,-0.08154795586490539,0.2974535879054376,0.11730598885571857,0.6797482744678512
commons-codec,7,symmetric,0.15,uniform,-0.0832546352756614,0.27914953718170177,0.04746431027594682,0.5749444088207553
commons-codec,7,symmetric,0.2,uniform,-0.09851416182261148,0.31994645649247555,0.09171852090748933,0.6108663048162003
commons-codec,7,symmetric,0.25,uniform,-0.15079539257595584,0.2191287954987172,0.025242814641880617,0.5209724682065114
commons-codec,7,symmetric,0.3,uniform,-0.10042931931739928,0.3113795774067706,-0.1166004331875045,0.2618373664323234
commons-codec,7,fp_heavy,0.05,uniform,-0.02705111826479,0.37637686677757953,0.16525779878583644,0.7433305394208654
commons-codec,7,fp_heavy,0.1,uniform,-0.08154795586490539,0.2974535879054376,0.11730598885571857,0.6797482744678512
commons-codec,7,fp_heavy,0.15,uniform,-0.06797487411658687,0.29989329225438904,-0.05914055412135022,0.3875056584587372
commons-codec,7,fp_heavy,0.2,uniform,-0.11564810118594972,0.3060209528814896,0.10483659994511303,0.6410351394954459
commons-codec,7,fp_heavy,0.25,uniform,-0.13330175311409598,0.2772478163453977,0.07043366149783713,0.609623221792592
commons-codec,7,fp_heavy,0.3,uniform,-0.16707296351139075,0.1978662547222552,-0.12882411149028694,0.11612052665246388
commons-codec,7,mid,0.05,uniform,-0.02810948743296412,0.37525749383986534,0.16435304101338083,0.7423239002588686
commons-codec,7,mid,0.1,uniform,-0.04543548538493725,0.30921701893499365,-0.0587839818719328,0.2862413885608912
commons-codec,7,mid,0.15,uniform,-0.12174127436336778,0.2633829411000282,-0.044761615404832034,0.40009459204468534
commons-codec,7,mid,0.2,uniform,-0.15103403092171683,0.2340640892662517,0.0215396233814638,0.5313462770481091
commons-codec,7,mid,0.25,uniform,-0.15759305265649354,0.2136448905156518,0.030631834094558004,0.5383883558312336
commons-codec,7,mid,0.3,uniform,-0.08773963238416556,0.2866024769497143,0.025248309103966374,0.5252220576461466
commons-codec,7,fn_heavy,0.05,uniform,-0.09614456893577093,0.1933804863686677,-0.08172280394854387,0.2563171063195156
commons-codec,7,fn_heavy,0.1,uniform,-0.09315753482430648,0.3148918792591452,0.006189107051144,0.5093592663559371
commons-codec,7,fn_heavy,0.15,uniform,-0.06749416049839718,0.27996411743821525,-0.11972193736763627,0.10820367057154397
commons-codec,7,fn_heavy,0.2,uniform,-0.0767182257661077,0.2814973096428374,-0.10982652140333475,0.25522563572269014
commons-codec,7,fn_heavy,0.25,uniform,-0.06333375510119099,0.32555203798650273,-0.09741644077169437,0.3213871193203602
commons-codec,7,fn_heavy,0.3,uniform,-0.10158432790953742,0.2839265456414768,0.07455326440974916,0.6152897034046952
commons-codec,13,symmetric,0.05,uniform,0.07522730271946565,0.5454956188842043,0.12416493276398034,0.6862476537753549
commons-codec,13,symmetric,0.1,uniform,-0.057478511526764496,0.37756061428385823,-0.0843708788764355,0.3378263184546696
commons-codec,13,symmetric,0.15,uniform,0.0635569043695917,0.5350894444755185,0.034286048420699954,0.5538271385838097
commons-codec,13,symmetric,0.2,uniform,-0.023095269054228262,0.42771153822106284,-0.03917598871588752,0.436243480633425
commons-codec,13,symmetric,0.25,uniform,-0.06582305463545865,0.3750174266449311,-0.01944411568318456,0.4683219972913863
commons-codec,13,symmetric,0.3,uniform,-0.0023312577902800543,0.44973622276036773,-0.06264963629134149,0.38130058025030983
commons-codec,13,fp_heavy,0.05,uniform,0.07522730271946565,0.5454956188842043,0.12416493276398034,0.6862476537753549
commons-codec,13,fp_heavy,0.1,uniform,0.024510246118974816,0.4784304405154483,0.11776582179024797,0.6739603322412029
commons-codec,13,fp_heavy,0.15,uniform,-0.00993670244337766,0.4427503820302425,-0.05246306780571492,0.4162400370143808
commons-codec,13,fp_heavy,0.2,uniform,-0.06100295169592217,0.3869983992500105,-0.020080544745914686,0.4638906258440562
commons-codec,13,fp_heavy,0.25,uniform,-0.05237530113669686,0.3902596744291487,-0.06661958931853708,0.38204764840091965
commons-codec,13,fp_heavy,0.3,uniform,-0.04557544158808255,0.39477830054841384,-0.05804685503227428,0.3856506207265445
commons-codec,13,mid,0.05,uniform,0.007800164201596817,0.45129825590264466,-0.04449891321713024,0.4128021922459329
commons-codec,13,mid,0.1,uniform,0.013599804356851394,0.4613945905462441,-0.0600717360912823,0.3844067770578755
commons-codec,13,mid,0.15,uniform,-0.005994776638016704,0.4489465252459422,-0.04260772372971909,0.41890306675731837
commons-codec,13,mid,0.2,uniform,-0.05122960432443827,0.3957365820688636,-0.0028336916100457133,0.4954296451619095
commons-codec,13,mid,0.25,uniform,-0.025182081437768875,0.4099147200986601,0.02488376797593834,0.53944045492459
commons-codec,13,mid,0.3,uniform,-0.013853386076965617,0.4200805423684759,-0.021006941995324522,0.4664704630987799
commons-codec,13,fn_heavy,0.05,uniform,0.0115378659092679,0.443720091242395,0.08477236673103353,0.6206597339515133
commons-codec,13,fn_heavy,0.1,uniform,0.0509249495522887,0.5001220922004677,-0.050727752296225885,0.3704172427049115
commons-codec,13,fn_heavy,0.15,uniform,-0.011313473500099381,0.3985461515799882,-0.06814129260048836,0.3514972251936728
commons-codec,13,fn_heavy,0.2,uniform,0.007636827195464195,0.44445920444001025,-0.037589337571983336,0.4311893796279772
commons-codec,13,fn_heavy,0.25,uniform,-0.028147625299908927,0.3890682955392065,-0.055831558356989254,0.40347552564538325
commons-codec,13,fn_heavy,0.3,uniform,-0.04639241034290859,0.3743038424122233,-0.020358775805744737,0.4635116633478028
commons-codec,21,symmetric,0.05,uniform,-0.08282091514415886,0.2870735976344412,-0.01366386867915155,0.47345766106515086
commons-codec,21,symmetric,0.1,uniform,-0.07541758138005598,0.3511302491405685,-0.0769773415451842,0.29620683898458344
commons-codec,21,symmetric,0.15,uniform,-0.0049564766031694844,0.43811139734531346,0.0767523559205532,0.619035342860201
commons-codec,21,symmetric,0.2,uniform,-0.01665825175673201,0.4396551118062127,0.12218536911092147,0.6829332898369592
commons-codec,21,symmetric,0.25,uniform,0.003384057777767475,0.47305799530017906,-0.01635256934096678,0.4731930351269208
commons-codec,21,symmetric,0.3,uniform,-0.010957556492278198,0.4605803440874726,-0.04270578372464083,0.42030138119179394
commons-codec,21,fp_heavy,0.05,uniform,-0.08282091514415886,0.2870735976344412,-0.01366386867915155,0.47345766106515086
commons-codec,21,fp_heavy,0.1,uniform,-0.0391808346352405,0.40580770541018063,0.09266532238316257,0.6437166729581231
commons-codec,21,fp_heavy,0.15,uniform,-0.0008458943921861066,0.4428072539513902,0.0008948631968873921,0.466623022067797
commons-codec,21,fp_heavy,0.2,uniform,0.002802536155014007,0.44870850779377885,0.11608444092818755,0.6717230156140833
commons-codec,21,fp_heavy,0.25,uniform,0.010193620746785726,0.49128039046377037,0.1124621996328755,0.6647399439823434
commons-codec,21,fp_heavy,0.3,uniform,0.005635594500681766,0.48318270454313184,-0.07378690079689758,0.3592835909282717
commons-codec,21,mid,0.05,uniform,-0.06277285631506846,0.3265965463106361,0.03612802048250423,0.5553214516163857
commons-codec,21,mid,0.1,uniform,-0.034581671563114424,0.40603432304095255,0.08203248492738342,0.6264763402761904
commons-codec,21,mid,0.15,uniform,-0.028218582065612317,0.4162337757529989,0.11538732685469272,0.6749364511764222
commons-codec,21,mid,0.2,uniform,-0.03817002672954423,0.38723902272024946,0.07503480338472795,0.6175419340925842
commons-codec,21,mid,0.25,uniform,-0.015757601416230164,0.45129288638419485,-0.017294601741434382,0.45299884366469434
commons-codec,21,mid,0.3,uniform,0.004465754098626242,0.44361341208947064,-0.07141039934421227,0.37552164748488276
commons-codec,21,fn_heavy,0.05,uniform,-0.029091946403810624,0.40111459429856655,-0.050917022255762695,0.30847832779188555
commons-codec,21,fn_heavy,0.1,uniform,-0.06401144194817755,0.33986003471076026,0.042033072974054966,0.5591189794155413
commons-codec,21,fn_heavy,0.15,uniform,-0.04415655110250356,0.34995878797265556,-0.10459423634809795,0.17763615043416928
commons-codec,21,fn_heavy,0.2,uniform,-0.00329934321303212,0.43189950142006894,0.09720644027374195,0.6441580138209341
commons-codec,21,fn_heavy,0.25,uniform,-0.04236060378327427,0.37167447512734125,-0.05922228601765566,0.3244422455087589
commons-codec,21,fn_heavy,0.3,uniform,-0.025690163490102332,0.4054929481851058,-0.08005032707236087,0.3293340414095301
commons-collections,7,symmetric,0.05,uniform,0.04089591723795123,0.36377882668287564,0.03857801602933722,0.5570914029867591
commons-collections,7,symmetric,0.1,uniform,0.015279915344967218,0.4252023003158508,-0.035667266483176356,0.3672218557684996
commons-collections,7,symmetric,0.15,uniform,0.04614852526732938,0.4654573005797393,0.01815073231002862,0.5267269499072045
commons-collections,7,symmetric,0.2,uniform,-0.012037275986367038,0.3514697946506216,-0.059935139039077094,0.30950448639213735
commons-collections,7,symmetric,0.25,uniform,-0.050369960077034474,0.24529965612981394,0.005265762782271436,0.5002589979141827
commons-collections,7,symmetric,0.3,uniform,-0.013703415102392535,0.3622340420176195,0.06746898195187029,0.5984666876363903
commons-collections,7,fp_heavy,0.05,uniform,0.008355101169476707,0.3235570758460802,-0.036385362521937706,0.44439152441015217
commons-collections,7,fp_heavy,0.1,uniform,0.01012351207882503,0.42210124481499545,0.02049958417679921,0.5231228527181438
commons-collections,7,fp_heavy,0.15,uniform,0.027550210014772376,0.43481887965511123,0.05834538270725384,0.5857912882992835
commons-collections,7,fp_heavy,0.2,uniform,0.0035383189671863587,0.3920470779074205,0.0635108759189556,0.5930449420755258
commons-collections,7,fp_heavy,0.25,uniform,-0.023230924995616457,0.297392909770504,-0.015435004153591092,0.46606507634366745
commons-collections,7,fp_heavy,0.3,uniform,-0.01087789095152298,0.35970606624732837,0.06342114273429317,0.5698641376753728
commons-collections,7,mid,0.05,uniform,0.029551816763937568,0.35787907063996754,0.02831297148870835,0.5410419100922135
commons-collections,7,mid,0.1,uniform,0.013331954117424247,0.40076660214540677,0.023187429371200635,0.5342981100063405
commons-collections,7,mid,0.15,uniform,-0.0174356607603164,0.35380001075044065,0.0057926014038974846,0.5086546572563945
commons-collections,7,mid,0.2,uniform,0.015424820728875282,0.3873428593202849,-0.041867451103630625,0.34496656227303196
commons-collections,7,mid,0.25,uniform,-0.014025331912462,0.2979575311295847,-0.03573813484632827,0.3889382225923275
commons-collections,7,mid,0.3,uniform,0.0034746252697925102,0.3631354899532925,0.04207201454356974,0.5381034023861717
commons-collections,7,fn_heavy,0.05,uniform,-0.019357083752934677,0.27159185455860174,-0.052902329139667234,0.3655221736581974
commons-collections,7,fn_heavy,0.1,uniform,-0.0011265798883008358,0.4008446400533225,0.023863703671199214,0.5306782834941274
commons-collections,7,fn_heavy,0.15,uniform,-0.01353843523198249,0.3778410168025243,0.010203951474201453,0.5062755321218463
commons-collections,7,fn_heavy,0.2,uniform,-0.0248693209988532,0.3537796691393665,-0.041891938849156804,0.4247680687902048
commons-collections,7,fn_heavy,0.25,uniform,0.01507515622136476,0.4090545951837173,0.03031633163880467,0.5442869691175245
commons-collections,7,fn_heavy,0.3,uniform,-0.05333772375237312,0.2380953350278929,-0.10476493727369637,0.21909155776123485
commons-collections,13,symmetric,0.05,uniform,0.05035357883404401,0.4638881859551965,-0.061845688790523275,0.34707529511190677
commons-collections,13,symmetric,0.1,uniform,0.033911723252180864,0.4532912418951467,0.041775824179715135,0.5620461265385196
commons-collections,13,symmetric,0.15,uniform,0.013288197238335547,0.42437173378393395,-0.03458148464378458,0.4195576935312462
commons-collections,13,symmetric,0.2,uniform,0.0032782976353803875,0.4175613212372322,-0.009327789589977894,0.48360144536888156
commons-collections,13,symmetric,0.25,uniform,-0.016584140978167048,0.35464526691733916,-0.003135496671198088,0.4948917960033281
commons-collections,13,symmetric,0.3,uniform,0.0019592579480200854,0.39504802008880013,-0.0812951011310945,0.25531820145568074
commons-collections,13,fp_heavy,0.05,uniform,0.0457164348404388,0.45807863354970496,-0.059143782233001346,0.34942748751071
commons-collections,13,fp_heavy,0.1,uniform,0.03470173100095074,0.45778771868635715,-0.03512254450197877,0.4463758178574908
commons-collections,13,fp_heavy,0.15,uniform,0.01542525751699096,0.42157682299353744,-0.08999992069922105,0.32001568537616076
commons-collections,13,fp_heavy,0.2,uniform,-0.01205037520655687,0.38679540445644406,-0.0019549848107394863,0.4969310353162954
commons-collections,13,fp_heavy,0.25,uniform,0.00015716604068926623,0.398489296974914,0.0034688259496464605,0.505020779339716
commons-collections,13,fp_heavy,0.3,uniform,0.02328159559928482,0.41795049186794114,-0.07703988657290739,0.22011055441437666
commons-collections,13,mid,0.05,uniform,0.022061512879384994,0.442709629005317,0.09789878253601897,0.6396760016030022
commons-collections,13,mid,0.1,uniform,0.009070394210239446,0.36001895971571474,0.012542620778233798,0.5104084055529593
commons-collections,13,mid,0.15,uniform,-0.01692628665284243,0.40799552957197865,0.01861390277318894,0.5210587936578011
commons-collections,13,mid,0.2,uniform,0.009801244045913015,0.42011328261363,-0.008175868793357004,0.48652132533776815
commons-collections,13,mid,0.25,uniform,-0.0010570798308148336,0.4159569671510193,0.005469916366172557,0.5081844955778188
commons-collections,13,mid,0.3,uniform,-0.009027260378885576,0.38912479000090433,-0.06815336073044788,0.2779989215269504
commons-collections,13,fn_heavy,0.05,uniform,0.030107332290788574,0.44840400167243627,-0.027467076717155554,0.38324088552871627
commons-collections,13,fn_heavy,0.1,uniform,-0.03663147864624469,0.3250363826566752,-0.03296029203896327,0.398464378952924
commons-collections,13,fn_heavy,0.15,uniform,-0.02234442547412582,0.3736514959522572,-0.06265158194497424,0.3455549920146846
commons-collections,13,fn_heavy,0.2,uniform,-0.01587733971731396,0.3952940731086532,-0.046833514772287484,0.3996120191102422
commons-collections,13,fn_heavy,0.25,uniform,-0.024682163379445513,0.3625077911114696,-0.02091406353977105,0.44728568027575377
commons-collections,13,fn_heavy,0.3,uniform,-0.01133573484388152,0.39397115642825625,-0.08481157993702448,0.2580187500807324
commons-collections,21,symmetric,0.05,uniform,0.040400482948255365,0.45562695006033044,-0.03238272762441333,0.41829703194702766
commons-collections,21,symmetric,0.1,uniform,0.04678195805935471,0.4513551211979105,0.07454405268599686,0.6079811985154809
commons-collections,21,symmetric,0.15,uniform,0.03151426122919348,0.42485512445566675,0.027101582252485927,0.5190981744611737
commons-collections,21,symmetric,0.2,uniform,0.05105692917953617,0.4399531146011259,0.06496976771063794,0.5938546829796202
commons-collections,21,symmetric,0.25,uniform,0.0054989547517469185,0.3740136211230177,-0.04480760437978446,0.4077897220286988
commons-collections,21,symmetric,0.3,uniform,-0.002695562179965189,0.32603040134076605,-0.06946855162160981,0.33401949704485095
commons-collections,21,fp_heavy,0.05,uniform,0.040400482948255365,0.45562695006033044,-0.03238272762441333,0.41829703194702766
commons-collections,21,fp_heavy,0.1,uniform,0.04090560508140595,0.43739910698771617,-0.014283248786272037,0.42152969985203914
commons-collections,21,fp_heavy,0.15,uniform,0.0106278439419936,0.3434988946967538,0.029333187599719993,0.5146319794779928
commons-collections,21,fp_heavy,0.2,uniform,0.03488719641324828,0.40792078099426377,0.0012699027562072488,0.4870976295949557
commons-collections,21,fp_heavy,0.25,uniform,-0.014505955034923728,0.36792949823543125,-0.0020217710927291806,0.4843401769989318
commons-collections,21,fp_heavy,0.3,uniform,0.01577035774897661,0.35844508830068034,-0.016425319014067772,0.4225949581445651
commons-collections,21,mid,0.05,uniform,0.04761155986190934,0.4858169400290268,-0.013287716290635486,0.45652217034014453
commons-collections,21,mid,0.1,uniform,-0.006421710785231476,0.3429642748913355,-0.030971046505040865,0.38697991178878577
commons-collections,21,mid,0.15,uniform,-0.0036644244557931657,0.3758490256221169,-0.09745380280886215,0.18957405877595623
commons-collections,21,mid,0.2,uniform,-0.011749842731798087,0.3493416628637478,-0.08316911808063422,0.20790929533389574
commons-collections,21,mid,0.25,uniform,0.012736341946745874,0.38093760884382827,0.06615422179329615,0.5899074338795992
commons-collections,21,mid,0.3,uniform,0.001212380416802617,0.36942647665268985,-0.014673561558099213,0.47282833889250847
commons-collections,21,fn_heavy,0.05,uniform,0.0274140168635874,0.4508293071454935,0.014203158871168745,0.5210803936177164
commons-collections,21,fn_heavy,0.1,uniform,-0.028316474356527104,0.28582277638816833,0.08317681806750907,0.6163306049360788
commons-collections,21,fn_heavy,0.15,uniform,0.006632628552272567,0.35795395865385154,0.05355724934967326,0.559793135805629
commons-collections,21,fn_heavy,0.2,uniform,-0.02926871352712147,0.28822684419314565,0.014112865746735004,0.4672100077810608
commons-collections,21,fn_heavy,0.25,uniform,-0.04661011055183927,0.2727606530329102,-0.08862816954824908,0.20466152612739597
commons-collections,21,fn_heavy,0.3,uniform,-0.007635739812220155,0.3519196095802933,0.020313079065524587,0.5300791536350481
